Código IF;Código ISIN;Emissor;Instrumento financeiro;Incentivada;Número de série;Número de emissão;Indexador;Percentual indexador;Taxa adicional;Base cálculo;Vencimento;Quantidade emitida;Preço unitário de emissão;Esforço restrito;Tipo de emissão;Indicador oferta
LF002400T2W;-;ITAU UNIBANCO S.A.;LF;False;0;-;DI;102;-;-;16/11/2027;24;50000;False;PUBLICA;-
LF0022004UA;BRBSAFLNN2L5;BANCO SAFRA S/A;LF;False;0;-;DI;100;1,35;252;10/02/2027;105;50000;False;PUBLICA;-
LF0021001T1;BRBSAFLTFH99;BANCO SAFRA S/A;LF;False;0;-;IPCA;100;3,41;252;17/08/2026;10;50000;False;PUBLICA;-
LF002100EFE;-;BANCO SAFRA S/A;LF;False;0;-;IPCA;100;4,91;252;17/08/2026;1;50000;False;PUBLICA;-
LFSN21003JQ;BRBITALFIX80;ITAU UNIBANCO HOLDING S.A;LFSN;False;0;-;DI;100;2;252;22/09/2031;400;400000;False;PUBLICA;-
LF0026009QU;-;BANCO SAFRA S/A;LF;False;0;-;PREFIXADO;-;13,5;252;19/03/2029;4;50000;False;PUBLICA;-
LF00250014A;-;ITAU UNIBANCO S.A.;LF;False;0;-;DI;102;-;-;17/01/2028;82;50567,33;False;PUBLICA;-
LF0023020JA;-;ITAU UNIBANCO S.A.;LF;False;0;-;PREFIXADO;-;13,4;252;27/03/2028;1;250000;False;PUBLICA;-
LF002400WEM;-;ITAU UNIBANCO S.A.;LF;False;0;-;PREFIXADO;-;13,52;252;18/11/2027;200;59365;False;PUBLICA;-
LF0025007YX;-;ITAU UNIBANCO S.A.;LF;False;0;-;PREFIXADO;-;14,33;252;22/03/2027;60;50000;False;PUBLICA;-
LF002400MC0;-;ITAU UNIBANCO S.A.;LF;False;0;-;IPCA;100;6,32;252;20/08/2029;100;53160;False;PUBLICA;-
LF002100IRG;-;BANCO SAFRA S/A;LF;False;0;-;IPCA;100;5,79;252;17/08/2026;3;50000;False;PUBLICA;-
LF00210095O;BRBSAFLFNPE9;BANCO SAFRA S/A;LF;False;0;-;IPCA;100;5,43;252;10/07/2029;120;50000;False;PUBLICA;-
LF002100HP8;-;BANCO SAFRA S/A;LF;False;0;-;IPCA;100;5,7;252;15/05/2035;2;50000;False;PUBLICA;-
LF0021001L7;BRBSAFLTFDA0;BANCO SAFRA S/A;LF;False;0;-;IPCA;100;3,32;252;17/08/2026;1;50000;False;PUBLICA;-
LF002600NBS;-;ITAU UNIBANCO S.A.;LF;False;0;-;DI;101,5;-;-;15/08/2029;112;50312,4;False;PUBLICA;-
LF002100HQZ;-;BANCO SAFRA S/A;LF;False;0;-;IPCA;100;5,55;252;17/08/2026;1;53000;False;PUBLICA;-
LFSN21003JI;BRBITALFIX80;ITAU UNIBANCO HOLDING S.A;LFSN;False;0;-;DI;100;2;252;22/09/2031;1;400000;False;PUBLICA;-
LF002400VZX;-;ITAU UNIBANCO S.A.;LF;False;0;-;DI;102;-;-;16/11/2027;22;50000;False;PUBLICA;-
LF002100ERA;-;BANCO SAFRA S/A;LF;False;0;-;IPCA;100;4,99;252;17/08/2026;1;51461,09;False;PUBLICA;-
LF002100GY3;-;BANCO SAFRA S/A;LF;False;0;-;IPCA;100;5,11;252;17/08/2026;5;50000;False;PUBLICA;-
LF002400M0E;-;ITAU UNIBANCO S.A.;LF;False;0;-;DI;102;-;-;15/09/2027;15;50000;False;PUBLICA;-
LF002200Q3C;-;ITAU UNIBANCO S.A.;LF;False;0;-;PREFIXADO;-;13,1;252;10/11/2027;1;340000;False;PUBLICA;-
LF002500B9M;-;ITAU UNIBANCO S.A.;LF;False;0;-;IPCA;100;8,22;252;26/04/2027;50;50000;False;PUBLICA;-
LF0022000Z5;-;BANCO SAFRA S/A;LF;False;0;-;IPCA;100;5,78;252;18/01/2027;1;50000;False;PUBLICA;-
LF0021003DX;-;BANCO SAFRA S/A;LF;False;0;-;IPCA;100;3,92;252;17/08/2026;2;50000;False;PUBLICA;-
LF002306A8I;-;BANCO BRADESCO S/A;LF;False;0;-;PREFIXADO;-;10,17;252;21/08/2026;3;50000;False;PUBLICA;-
LF002200LRA;-;ITAU UNIBANCO S.A.;LF;False;0;-;PREFIXADO;-;12,3;252;24/08/2027;1;300000;False;PUBLICA;-
LF0021006FN;-;BANCO SAFRA S/A;LF;False;0;-;IPCA;100;3,99;252;17/08/2026;3;50000;False;PUBLICA;-
LF0021001MC;BRBSAFLTFDS2;BANCO SAFRA S/A;LF;False;0;-;IPCA;100;3,27;252;17/08/2026;1;50000;False;PUBLICA;-
LFSN22006N5;-;BANCO SAFRA S/A;LFSN;False;0;-;IPCA;-;6,09;252;18/08/2028;1;300000;False;PUBLICA;-
LF0026009RU;-;ITAU UNIBANCO S.A.;LF;False;0;-;PREFIXADO;-;13,33;252;02/04/2030;2;50000;False;PUBLICA;-
LF0022008GK;-;BANCO SAFRA S/A;LF;False;0;-;IPCA;100;6,01;252;17/08/2026;1;53000;False;PUBLICA;-
LF002100H23;-;BANCO SAFRA S/A;LF;False;0;-;IPCA;100;5,15;252;17/08/2026;4;50000;False;PUBLICA;-
LFSN21003MV;BRBITALFIXE5;ITAU UNIBANCO HOLDING S.A;LFSN;False;0;-;DI;100;2;252;21/10/2031;12;400000;False;PUBLICA;-
LF002100ABS;-;BANCO SAFRA S/A;LF;False;0;-;IPCA;100;4,32;252;17/08/2026;3;50000;False;PUBLICA;-
LF0021005H4;-;BANCO SAFRA S/A;LF;False;0;-;IPCA;100;4,62;252;30/04/2031;1;50000;False;PUBLICA;-
LF002100CQI;-;BANCO SAFRA S/A;LF;False;0;-;IPCA;100;4,92;252;17/08/2026;60;50000;False;PUBLICA;-
LF002400JTM;-;ITAU UNIBANCO S.A.;LF;False;0;-;DI;102;-;-;16/08/2027;36;50000;False;PUBLICA;-
LF0025007Z3;-;ITAU UNIBANCO S.A.;LF;False;0;-;IPCA;100;8,05;252;22/03/2027;20;50000;False;PUBLICA;-
LF002500C12;BRCNHCLFI3V9;BANCO CNH INDUSTRIAL CAPITAL S/A;LF;False;0;-;DI;100;0,55;252;07/05/2028;4000;50000;False;PUBLICA;-
LF002400OQ4;-;BANCO SAFRA S/A;LF;False;0;-;IPCA;100;6,82;252;14/09/2026;600;50000;False;PUBLICA;-
LF002200S4K;-;ITAU UNIBANCO S.A.;LF;False;0;-;PREFIXADO;-;13,16;252;07/12/2026;1;125000;False;PUBLICA;-
LF0025006DB;-;ITAU UNIBANCO S.A.;LF;False;0;-;DI;101,8;-;-;05/03/2027;120;50000;False;PUBLICA;-
LF002100A5N;-;BANCO SAFRA S/A;LF;False;0;-;IPCA;100;4,23;252;17/08/2026;1;50000;False;PUBLICA;-
LF002100EF7;-;BANCO SAFRA S/A;LF;False;0;-;IPCA;100;4,93;252;17/08/2026;1;88000;False;PUBLICA;-
LF0022007TE;-;BANCO SAFRA S/A;LF;False;0;-;IPCA;100;6,1;252;17/08/2026;1;60000;False;PUBLICA;-
LF002100FEF;-;BANCO SAFRA S/A;LF;False;0;-;IPCA;100;5,06;252;17/08/2026;1;50000;False;PUBLICA;-
LF002100E37;-;BANCO SAFRA S/A;LF;False;0;-;IPCA;100;5,12;252;17/08/2026;17;50705,882353;False;PUBLICA;-
LFSC23006SK;BRITUBLFI1R3;ITAU UNIBANCO HOLDING S.A;LFSC;False;0;-;DI;100;1,9;252;09/11/9999;5;350000;False;PUBLICA;-
LF0022004UD;BRBSAFLNN2L5;BANCO SAFRA S/A;LF;False;0;-;DI;100;1,35;252;10/02/2027;86;50000;False;PUBLICA;-
LF002500A0Z;-;ITAU UNIBANCO S.A.;LF;False;0;-;DI;102;-;-;17/04/2028;1398;50000;False;PUBLICA;-
LFSC22002CJ;BRITUBLFI1I2;ITAU UNIBANCO HOLDING S.A;LFSC;False;0;-;DI;100;2,4;252;23/09/9999;28;300000;False;PUBLICA;-
LF002200RZN;-;ITAU UNIBANCO S.A.;LF;False;0;-;IPCA;100;6,42;252;06/12/2027;1;3566477;False;PUBLICA;-
LF002200DDP;-;BANCO SAFRA S/A;LF;False;0;-;IPCA;100;6,01;252;03/05/2027;4;50000;False;PUBLICA;-
LF002600AV9;-;ITAU UNIBANCO S.A.;LF;False;0;-;DI;101,5;-;-;15/04/2030;2;55500;False;PUBLICA;-
LF0025008VS;-;ITAU UNIBANCO S.A.;LF;False;0;-;IPCA;100;8,25;252;28/03/2030;1;2721000;False;PUBLICA;-
LF002400J19;-;BANCO SAFRA S/A;LF;False;0;-;PREFIXADO;-;11,41;252;18/07/2029;1;85000;False;PUBLICA;-
LF00210090A;-;BANCO SAFRA S/A;LF;False;0;-;IPCA;100;4,65;252;02/07/2031;1;50000;False;PUBLICA;-
LF002100I3R;-;BANCO SAFRA S/A;LF;False;0;-;IPCA;100;5,74;252;17/08/2026;1;50000;False;PUBLICA;-
LF002400LZA;-;BANCO SAFRA S/A;LF;False;0;-;IPCA;100;6,27;252;15/05/2029;1;50000;False;PUBLICA;-
LF002200E93;-;BANCO SAFRA S/A;LF;False;0;-;IPCA;100;5,94;252;17/08/2026;1;70000;False;PUBLICA;-
LFSC22002D5;BRITUBLFI1J0;ITAU UNIBANCO HOLDING S.A;LFSC;False;0;-;DI;100;2,4;252;26/09/9999;10;300000;False;PUBLICA;-
LF002600K4X;-;ITAU UNIBANCO S.A.;LF;False;0;-;DI;101,5;-;-;02/07/2031;1;135000;False;PUBLICA;-
LF002100H7W;-;BANCO SAFRA S/A;LF;False;0;-;IPCA;100;5,22;252;17/08/2026;6;50000;False;PUBLICA;-
LF002100LH2;-;BANCO SAFRA S/A;LF;False;0;-;IPCA;100;5,6;252;17/08/2026;1;50000;False;PUBLICA;-
LF0022007LZ;-;BANCO SAFRA S/A;LF;False;0;-;IPCA;100;6,03;252;17/08/2026;3;65000;False;PUBLICA;-
LFSC22002S5;BRITUBLFI1M4;ITAU UNIBANCO HOLDING S.A;LFSC;False;0;-;DI;100;2,4;252;29/09/9999;12;300000;False;PUBLICA;-
LF002600L93;-;ITAU UNIBANCO S.A.;LF;False;0;-;DI;101;-;-;15/08/2029;67;50000;False;PUBLICA;-
LF002100KP2;BRBSAFLTRCU5;BANCO SAFRA S/A;LF;False;0;-;IPCA;100;5,61;252;17/08/2026;1;50000;False;PUBLICA;-
LFSN21003EM;BRITUBLFI1S1;ITAU UNIBANCO HOLDING S.A;LFSN;False;0;-;DI;100;2;252;21/10/2031;7;400000;False;PUBLICA;-
LF002400AEC;-;ITAU UNIBANCO S.A.;LF;False;0;-;DI;103;-;-;15/04/2027;22;50000;False;PUBLICA;-
LF002400DHT;-;BANCO SAFRA S/A;LF;False;0;-;IPCA;100;6,02;252;15/05/2045;4;50000;False;PUBLICA;-
LF002300PRZ;-;ITAU UNIBANCO S.A.;LF;False;0;-;DI;105;-;-;07/02/2028;1;200000;False;PUBLICA;-
LF002200GEA;-;ITAU UNIBANCO S.A.;LF;False;0;-;PREFIXADO;-;13,41;252;09/06/2027;6;50000;False;PUBLICA;-
LF002100DDV;-;BANCO SAFRA S/A;LF;False;0;-;IPCA;100;5,2;252;31/08/2026;3;58000;False;PUBLICA;-
LF002200DDQ;-;BANCO SAFRA S/A;LF;False;0;-;IPCA;100;5,87;252;17/08/2026;3;50000;False;PUBLICA;-
LF0022006SO;-;BANCO SAFRA S/A;LF;False;0;-;IPCA;100;5,86;252;17/08/2026;10;92800;False;PUBLICA;-
LF002100F20;-;BANCO SAFRA S/A;LF;False;0;-;IPCA;100;4,96;252;17/08/2026;2;50000;False;PUBLICA;-
LF002100MH0;BRBSAFLFEMR7;BANCO SAFRA S/A;LF;False;0;-;IPCA;100;5,58;252;17/08/2026;3;64000;False;PUBLICA;-
LF002600N0E;-;ITAU UNIBANCO S.A.;LF;False;0;-;DI;101,5;-;-;15/08/2029;178;50000;False;PUBLICA;-
LF002100FO1;-;BANCO SAFRA S/A;LF;False;0;-;IPCA;100;5,02;252;17/08/2026;1;50000;False;PUBLICA;-
LF002100FRY;-;BANCO SAFRA S/A;LF;False;0;-;IPCA;100;5,05;252;17/08/2026;1;70000;False;PUBLICA;-
LF002100G2V;-;BANCO SAFRA S/A;LF;False;0;-;IPCA;100;5,06;252;17/08/2026;8;52625;False;PUBLICA;-
LF002400G46;BRBSAFLNNDE9;BANCO SAFRA S/A;LF;False;0;-;DI;100;0,45;252;20/08/2026;3;50000;False;PUBLICA;-
LF002100JAW;-;BANCO SAFRA S/A;LF;False;0;-;IPCA;100;6,01;252;17/08/2026;1;50000;False;PUBLICA;-
LF002100K56;BRBSAFLTRA27;BANCO SAFRA S/A;LF;False;0;-;IPCA;100;5,68;252;17/08/2026;1;51000;False;PUBLICA;-
LF002200DF9;-;BANCO SAFRA S/A;LF;False;0;-;IPCA;100;5,89;252;17/08/2026;1;50000;False;PUBLICA;-
LF002400KEV;-;ITAU UNIBANCO S.A.;LF;False;0;-;DI;102;-;-;16/08/2027;400;50000;False;PUBLICA;-
LF002100K74;BRBSAFLTRA27;BANCO SAFRA S/A;LF;False;0;-;IPCA;100;5,68;252;17/08/2026;1;50000;False;PUBLICA;-
LF002400NN8;-;ITAU UNIBANCO S.A.;LF;False;0;-;PREFIXADO;-;11,99;252;15/09/2026;150;50000;False;PUBLICA;-
LF002100D7U;-;BANCO SAFRA S/A;LF;False;0;-;IPCA;100;4,8;252;17/08/2026;5;50000;False;PUBLICA;-
LF002200N5S;-;ITAU UNIBANCO S.A.;LF;False;0;-;PREFIXADO;-;12,51;252;27/09/2032;1;432000;False;PUBLICA;-
LF002100E3A;-;BANCO SAFRA S/A;LF;False;0;-;IPCA;100;5,12;252;17/08/2026;7;50000;False;PUBLICA;-
LF002200H2C;-;BANCO SAFRA S/A;LF;False;0;-;IPCA;100;6,4;252;17/06/2027;10;59000;False;PUBLICA;-
LF002200JKY;-;BANCO SAFRA S/A;LF;False;0;-;IPCA;100;6,5;252;17/08/2026;1;50000;False;PUBLICA;-
LF002200ALE;-;BANCO SAFRA S/A;LF;False;0;-;IPCA;100;5,8;252;07/04/2032;2;50000;False;PUBLICA;-
LF002400UY3;-;ITAU UNIBANCO S.A.;LF;False;0;-;DI;102;-;-;16/11/2027;125;50328,37;False;PUBLICA;-
LF00210057A;-;BANCO SAFRA S/A;LF;False;0;-;IPCA;100;3,95;252;17/08/2026;1;50000;False;PUBLICA;-
LF0025008VJ;-;ITAU UNIBANCO S.A.;LF;False;0;-;DI;101,5;-;-;17/04/2028;600;50000;False;PUBLICA;-
LF00210055Q;-;BANCO SAFRA S/A;LF;False;0;-;IPCA;100;3,95;252;17/08/2026;2;50000;False;PUBLICA;-
LF00220082T;-;BANCO SAFRA S/A;LF;False;0;-;IPCA;100;6,02;252;17/08/2026;1;50000;False;PUBLICA;-
LFSC22002D0;BRITUBLFI1I2;ITAU UNIBANCO HOLDING S.A;LFSC;False;0;-;DI;100;2,4;252;23/09/9999;14;300000;False;PUBLICA;-
LF002400O8H;-;ITAU UNIBANCO S.A.;LF;False;0;-;DI;102;-;-;15/09/2027;24;50000;False;PUBLICA;-
LF002100I1Z;-;BANCO SAFRA S/A;LF;False;0;-;IPCA;100;6,09;252;22/10/2026;6;51500;False;PUBLICA;-
LF002100IRB;-;BANCO SAFRA S/A;LF;False;0;-;IPCA;100;5,79;252;17/08/2026;1;50000;False;PUBLICA;-
LF002100EZ0;-;BANCO SAFRA S/A;LF;False;0;-;IPCA;100;4,88;252;17/08/2026;6;50000;False;PUBLICA;-
LF002200BM4;-;BANCO SAFRA S/A;LF;False;0;-;IPCA;100;5,83;252;17/08/2026;4;50000;False;PUBLICA;-
LF002200NAB;-;ITAU UNIBANCO S.A.;LF;False;0;-;PREFIXADO;-;12,39;252;29/09/2026;1;290000;False;PUBLICA;-
LFSN21003MH;BRBITALFIXD7;ITAU UNIBANCO HOLDING S.A;LFSN;False;0;-;DI;100;2;252;21/10/2031;22;400000;False;PUBLICA;-
LF002600L9L;-;ITAU UNIBANCO S.A.;LF;False;0;-;DI;101;-;-;15/08/2029;28;50000;False;PUBLICA;-
LF002305WYT;-;BANCO SAFRA S/A;LF;False;0;-;DI;110;-;-;09/08/2027;200;50000;False;PUBLICA;-
LF002100ICR;-;BANCO SAFRA S/A;LF;False;0;-;IPCA;100;5,37;252;26/10/2026;1;50000;False;PUBLICA;-
LF002100BHI;-;BANCO SAFRA S/A;LF;False;0;-;IPCA;100;4,62;252;17/08/2026;1;50000;False;PUBLICA;-
LF002100N85;BRBSAFLFES69;BANCO SAFRA S/A;LF;False;0;-;IPCA;100;5,52;252;17/08/2026;1;50000;False;PUBLICA;-
LF002100I3L;-;BANCO SAFRA S/A;LF;False;0;-;IPCA;100;5,74;252;17/08/2026;1;69000;False;PUBLICA;-
LFSC22002BJ;BRITUBLFI1I2;ITAU UNIBANCO HOLDING S.A;LFSC;False;0;-;DI;100;2,4;252;23/09/9999;3;300000;False;PUBLICA;-
LF002100H8N;-;BANCO SAFRA S/A;LF;False;0;-;IPCA;100;5,22;252;17/08/2026;4;50000;False;PUBLICA;-
LF00220026T;-;BANCO SAFRA S/A;LF;False;0;-;IPCA;100;5,6;252;17/08/2026;20;51500;False;PUBLICA;-
LF002100NWJ;BRBSAFLFEXS2;BANCO SAFRA S/A;LF;False;0;-;IPCA;100;5,37;252;17/08/2026;5;54000;False;PUBLICA;-
LF002500CL2;-;ITAU UNIBANCO S.A.;LF;False;0;-;DI;101;-;-;15/05/2028;20;50000;False;PUBLICA;-
LF0025002M1;-;ITAU UNIBANCO S.A.;LF;False;0;-;DI;102;-;-;15/02/2028;1132;50000;False;PUBLICA;-
LF002100MMG;BRBSAFLFENZ8;BANCO SAFRA S/A;LF;False;0;-;IPCA;100;5,6;252;17/08/2026;1;50124,28;False;PUBLICA;-
LF002200LJB;-;ITAU UNIBANCO S.A.;LF;False;0;-;DI;107;-;-;19/08/2027;200;50000;False;PUBLICA;-
LF002307DFP;-;ITAU UNIBANCO S.A.;LF;False;0;-;IPCA;100;5,66;252;26/09/2033;1;4000000;False;PUBLICA;-
LF0021003PC;-;BANCO SAFRA S/A;LF;False;0;-;IPCA;100;3,99;252;17/08/2026;1;50000;False;PUBLICA;-
LF0021003RL;-;BANCO SAFRA S/A;LF;False;0;-;IPCA;100;3,96;252;17/08/2026;1;50000;False;PUBLICA;-
LF002200JHJ;BRBSAFLNN856;BANCO SAFRA S/A;LF;False;0;-;IPCA;100;7,13;252;14/07/2027;57;50736,842106;False;PUBLICA;-
LF002500D2N;-;ITAU UNIBANCO S.A.;LF;False;0;-;IPCA;100;7,66;252;23/05/2028;1;70000;False;PUBLICA;-
LF002307THF;-;BANCO SAFRA S/A;LF;False;0;-;PREFIXADO;-;12,13;252;10/10/2029;1;50000;False;PUBLICA;-
LF00210048N;-;BANCO SAFRA S/A;LF;False;0;-;IPCA;100;4,08;252;17/08/2026;1;51000;False;PUBLICA;-
LF0025009ML;-;ITAU UNIBANCO S.A.;LF;False;0;-;DI;101,5;-;-;17/04/2028;275;50141,14;False;PUBLICA;-
LF002400ZDM;-;ITAU UNIBANCO S.A.;LF;False;0;-;DI;102;-;-;15/12/2027;300;50000;False;PUBLICA;-
LF0024008DL;-;BANCO SAFRA S/A;LF;False;0;-;PREFIXADO;-;11,24;252;20/03/2030;24;50500;False;PUBLICA;-
LF002400AJZ;-;BANCO SAFRA S/A;LF;False;0;-;PREFIXADO;-;11,05;252;17/04/2028;114;50348,81965;False;PUBLICA;-
LF0021009F3;-;BANCO SAFRA S/A;LF;False;0;-;IPCA;100;4,15;252;17/08/2026;5;50000;False;PUBLICA;-
LF0025001XH;-;ITAU UNIBANCO S.A.;LF;False;0;-;DI;102;-;-;17/01/2028;24;51250;False;PUBLICA;-
LF002200BMD;-;BANCO SAFRA S/A;LF;False;0;-;IPCA;100;5,83;252;17/08/2026;2;50000;False;PUBLICA;-
LF002200CTJ;-;BANCO SAFRA S/A;LF;False;0;-;IPCA;100;5,8;252;17/08/2026;3;50000;False;PUBLICA;-
LF002100H9K;-;BANCO SAFRA S/A;LF;False;0;-;IPCA;100;5,22;252;17/08/2026;1;50000;False;PUBLICA;-
LF0021006FX;-;BANCO SAFRA S/A;LF;False;0;-;IPCA;100;3,97;252;17/08/2026;1;50000;False;PUBLICA;-
LF002200RYV;-;BANCO SAFRA S/A;LF;False;0;-;IPCA;100;6,11;252;02/12/2027;2;50000;False;PUBLICA;-
LFSN21003SU;BRBITALFIXI6;ITAU UNIBANCO HOLDING S.A;LFSN;False;0;-;DI;100;2;252;22/09/2031;2;400000;False;PUBLICA;-
LF0026007YQ;-;ITAU UNIBANCO S.A.;LF;False;0;-;DI;101;-;-;17/03/2028;4;56250;False;PUBLICA;-
LF002305H2J;-;BANCO BRADESCO S/A;LF;False;0;-;PREFIXADO;-;10,64;252;26/07/2028;60;50000;False;PUBLICA;-
LF0021001Z4;-;ITAU UNIBANCO S.A.;LF;False;0;-;PREFIXADO;-;8,7;252;03/07/2028;1;140000;False;PUBLICA;-
LF002100JAX;-;BANCO SAFRA S/A;LF;False;0;-;IPCA;100;6,01;252;17/08/2026;3;54666,666667;False;PUBLICA;-
LF002400IHL;-;ITAU UNIBANCO S.A.;LF;False;0;-;DI;102;-;-;15/07/2027;1480;50000;False;PUBLICA;-
LF0022000A0;-;BANCO SAFRA S/A;LF;False;0;-;IPCA;100;5,82;252;17/08/2026;1;50000;False;PUBLICA;-
LF002600MQ3;-;ITAU UNIBANCO S.A.;LF;False;0;-;DI;101,5;-;-;15/08/2029;400;50000;False;PUBLICA;-
LF0022009VE;-;BANCO SAFRA S/A;LF;False;0;-;IPCA;100;5,34;252;17/08/2026;5;55000;False;PUBLICA;-
LF0021007P1;-;BANCO SAFRA S/A;LF;False;0;-;IPCA;100;3,99;252;17/08/2026;1;99448,059999;False;PUBLICA;-
LF002400IRH;-;ITAU UNIBANCO S.A.;LF;False;0;-;DI;102;-;-;15/07/2027;20;56500;False;PUBLICA;-
LF002400LTC;-;ITAU UNIBANCO S.A.;LF;False;0;-;DI;102;-;-;16/08/2027;10;50000;False;PUBLICA;-
LF002308C5P;-;BANCO SAFRA S/A;LF;False;0;-;PREFIXADO;-;10,05;252;30/11/2026;6;50000;False;PUBLICA;-
LF002100CQH;-;BANCO SAFRA S/A;LF;False;0;-;IPCA;100;4,97;252;17/08/2026;5;56000;False;PUBLICA;-
LF002100FNM;-;BANCO SAFRA S/A;LF;False;0;-;IPCA;100;5,13;252;30/09/2031;2;50000;False;PUBLICA;-
LF0026004E5;BRBSTDLFI014;BANCO INBURSA S/A;LF;False;0;-;DI;100;0,5;252;20/02/2028;13200;50000;False;PUBLICA;-
LF0021003FU;-;BANCO SAFRA S/A;LF;False;0;-;IPCA;100;3,96;252;17/08/2026;20;50000;False;PUBLICA;-
LF0022009V2;-;BANCO SAFRA S/A;LF;False;0;-;PREFIXADO;-;11,49;252;31/03/2027;1;68000;False;PUBLICA;-
LF0023024JX;-;ITAU UNIBANCO S.A.;LF;False;0;-;PREFIXADO;-;13,21;252;29/03/2028;1;110000;False;PUBLICA;-
LF002200A2B;-;BANCO SAFRA S/A;LF;False;0;-;IPCA;100;5,45;252;17/08/2026;1;63000;False;PUBLICA;-
LF002307N5Q;-;BANCO SAFRA S/A;LF;False;0;-;PREFIXADO;-;11,75;252;05/10/2026;6;50000;False;PUBLICA;-
LF002400IKD;-;ITAU UNIBANCO S.A.;LF;False;0;-;DI;102;-;-;15/07/2027;20;50000;False;PUBLICA;-
LF002100NT8;BRBSAFLFEWT2;BANCO SAFRA S/A;LF;False;0;-;IPCA;100;5,53;252;17/08/2026;4;50000;False;PUBLICA;-
LF002100B5U;-;BANCO SAFRA S/A;LF;False;0;-;IPCA;100;4,43;252;17/08/2026;40;50000;False;PUBLICA;-
LF0025009HA;-;ITAU UNIBANCO S.A.;LF;False;0;-;DI;101;-;-;17/04/2028;100;58764,87;False;PUBLICA;-
LF0021003VB;-;BANCO SAFRA S/A;LF;False;0;-;IPCA;100;4,02;252;17/08/2026;1;137000;False;PUBLICA;-
LF002500BY1;BRBTOYLFI3D7;BANCO TOYOTA DO BRASIL S/A;LF;False;0;-;DI;100;0,44;252;06/05/2028;3000;50000;False;PUBLICA;-
LF0025007Z2;-;ITAU UNIBANCO S.A.;LF;False;0;-;PREFIXADO;-;14,57;252;22/03/2027;38;50000;False;PUBLICA;-
LF002100HI9;-;BANCO SAFRA S/A;LF;False;0;-;IPCA;100;5,46;252;17/08/2026;1;50000;False;PUBLICA;-
LF0021005WI;-;BANCO SAFRA S/A;LF;False;0;-;IPCA;100;3,88;252;17/08/2026;2;50000;False;PUBLICA;-
LF002400K5U;-;BANCO SAFRA S/A;LF;False;0;-;PREFIXADO;-;12,35;252;31/07/2028;5;50000;False;PUBLICA;-
LF002500EU5;BRBVKWLFICP1;BCO VOLKSWAGEN S/A;LF;False;0;-;DI;100;0,37;252;06/07/2027;10379;50000;False;PUBLICA;-
LF002500PBE;BRTATOLFI003;BANCO TRATON BRASIL S.A.;LF;False;0;-;DI;100;0,38;252;26/11/2027;6400;50000;False;PUBLICA;-
LF0023013TI;-;ITAU UNIBANCO S.A.;LF;False;0;-;PREFIXADO;-;14,21;252;24/02/2033;1;50000;False;PUBLICA;-
LF0025005BP;-;ITAU UNIBANCO S.A.;LF;False;0;-;DI;101,8;-;-;15/03/2028;25;51640;False;PUBLICA;-
LF002100J9O;-;BANCO SAFRA S/A;LF;False;0;-;IPCA;100;6,01;252;17/08/2026;1;50000;False;PUBLICA;-
LF002100JXF;BRBSAFLTR9T3;BANCO SAFRA S/A;LF;False;0;-;IPCA;100;5,61;252;17/08/2026;60;50000;False;PUBLICA;-
LF002400I59;-;ITAU UNIBANCO S.A.;LF;False;0;-;DI;102;-;-;15/07/2027;126;50000;False;PUBLICA;-
LF002200F1S;-;BANCO SAFRA S/A;LF;False;0;-;IPCA;100;6,65;252;26/05/2032;1;50000;False;PUBLICA;-
LF002100CTE;-;BANCO SAFRA S/A;LF;False;0;-;IPCA;100;4,94;252;17/08/2026;1;65000;False;PUBLICA;-
LF002500D62;BRLAGELFI081;BANCO DE LAGE LANDEN  BRASIL S/A;LF;False;0;-;DI;100;0,65;252;27/05/2029;7000;50000;False;PUBLICA;-
LF002200DZ2;-;BANCO SAFRA S/A;LF;False;0;-;IPCA;100;5,96;252;17/08/2026;10;51000;False;PUBLICA;-
LF00210044K;-;BANCO SAFRA S/A;LF;False;0;-;IPCA;100;3,99;252;17/08/2026;1;50000;False;PUBLICA;-
LF002500A7S;-;ITAU UNIBANCO S.A.;LF;False;0;-;DI;101,5;-;-;15/05/2028;80;50000;False;PUBLICA;-
LF002400L5O;BRBSAFLNNDP5;BANCO SAFRA S/A;LF;False;0;-;DI;100;0,4;252;08/01/2027;202;50000;False;PUBLICA;-
LF002400OQN;-;ITAU UNIBANCO S.A.;LF;False;0;-;DI;102;-;-;15/09/2027;20;50000;False;PUBLICA;-
LF002100HHU;-;BANCO SAFRA S/A;LF;False;0;-;IPCA;100;5,46;252;17/08/2026;3;55000;False;PUBLICA;-
LF0021001L8;BRBSAFLTFDA0;BANCO SAFRA S/A;LF;False;0;-;IPCA;100;3,32;252;17/08/2026;1;70000;False;PUBLICA;-
LF002500RJF;-;ITAU UNIBANCO S.A.;LF;False;0;-;PREFIXADO;-;13,3;252;18/12/2028;15;50000;False;PUBLICA;-
LF002600LD0;-;ITAU UNIBANCO S.A.;LF;False;0;-;DI;101,5;-;-;16/07/2030;76;50000;False;PUBLICA;-
LF002100H8O;-;BANCO SAFRA S/A;LF;False;0;-;IPCA;100;5,26;252;17/08/2026;4;55000;False;PUBLICA;-
LF002100IKS;BRBSAFLFE9C0;BANCO SAFRA S/A;LF;False;0;-;IPCA;100;5,61;252;27/10/2026;7;50000;False;PUBLICA;-
LF002200KDM;-;BANCO SAFRA S/A;LF;False;0;-;IPCA;100;6,64;252;15/05/2035;2;50000;False;PUBLICA;-
LF002400J5J;-;ITAU UNIBANCO S.A.;LF;False;0;-;DI;102;-;-;16/08/2027;412;50000;False;PUBLICA;-
LF002400N0K;BRBSAFLNNDW1;BANCO SAFRA S/A;LF;False;0;-;DI;100;0,35;252;26/02/2027;660;50000;False;PUBLICA;-
LF002500F6P;-;ITAU UNIBANCO S.A.;LF;False;0;-;DI;101;-;-;01/07/2027;4;50000;False;PUBLICA;-
LF002100PUB;-;BANCO SAFRA S/A;LF;False;0;-;IPCA;100;5,43;252;17/08/2026;1;50000;False;PUBLICA;-
LF002308J6L;-;BANCO SAFRA S/A;LF;False;0;-;DI;103,25;-;-;20/12/2029;4;50000;False;PUBLICA;-
LF002306E3F;-;BANCO SAFRA S/A;LF;False;0;-;DI;108,25;-;-;24/08/2026;80;50000;False;PUBLICA;-
LF002100CJ3;-;BANCO SAFRA S/A;LF;False;0;-;IPCA;100;5,17;252;17/08/2026;6;51666,666667;False;PUBLICA;-
LF002200JZI;-;ITAU UNIBANCO S.A.;LF;False;0;-;PREFIXADO;-;14,07;252;21/07/2027;1;144000;False;PUBLICA;-
LF00210064N;-;BANCO SAFRA S/A;LF;False;0;-;IPCA;100;3,88;252;17/08/2026;7;50000;False;PUBLICA;-
LF0023084R5;-;ITAU UNIBANCO S.A.;LF;False;0;-;IPCA;100;5,74;252;10/11/2027;1;600000;False;PUBLICA;-
LF002100JAQ;-;BANCO SAFRA S/A;LF;False;0;-;IPCA;100;6,01;252;17/08/2026;1;50000;False;PUBLICA;-
LF00250052V;-;ITAU UNIBANCO S.A.;LF;False;0;-;DI;101,8;-;-;15/02/2028;136;50000;False;PUBLICA;-
LF002100JAR;-;BANCO SAFRA S/A;LF;False;0;-;IPCA;100;6,01;252;17/08/2026;2;50000;False;PUBLICA;-
LF002100EYF;-;BANCO SAFRA S/A;LF;False;0;-;IPCA;100;4,93;252;17/08/2026;10;50000;False;PUBLICA;-
LF0021006L5;-;BANCO SAFRA S/A;LF;False;0;-;IPCA;100;3,94;252;17/08/2026;4;50000;False;PUBLICA;-
LF002200099;-;BANCO SAFRA S/A;LF;False;0;-;IPCA;100;5,74;252;17/08/2026;2;50000;False;PUBLICA;-
LF002308528;-;BANCO SAFRA S/A;LF;False;0;-;PREFIXADO;-;10,25;252;13/11/2026;2;50000;False;PUBLICA;-
LF002400VKM;-;ITAU UNIBANCO S.A.;LF;False;0;-;DI;102;-;-;16/11/2027;130;50307,7;False;PUBLICA;-
LF002600CH1;-;ITAU UNIBANCO S.A.;LF;False;0;-;DI;101,5;-;-;29/04/2031;2500;51158;False;PUBLICA;-
LF0021006P7;-;BANCO SAFRA S/A;LF;False;0;-;IPCA;100;4,02;252;17/08/2026;2;50000;False;PUBLICA;-
LF002400FD8;BRBVKWLFIB82;BCO VOLKSWAGEN S/A;LF;False;0;-;DI;100;0,6;252;14/06/2027;6759;50000;False;PUBLICA;-
LF002100CLZ;-;BANCO SAFRA S/A;LF;False;0;-;IPCA;100;5,02;252;17/08/2026;1;50000;False;PUBLICA;-
LF0021002Q8;-;BANCO SAFRA S/A;LF;False;0;-;IPCA;100;3,46;252;17/08/2026;2;50000;False;PUBLICA;-
LF002100HPJ;-;BANCO SAFRA S/A;LF;False;0;-;IPCA;100;5,55;252;17/08/2026;1;50000;False;PUBLICA;-
LF0021003RQ;-;BANCO SAFRA S/A;LF;False;0;-;IPCA;100;4;252;17/08/2026;1;50000;False;PUBLICA;-
LF00210090I;-;BANCO SAFRA S/A;LF;False;0;-;IPCA;100;4,18;252;17/08/2026;1;50000;False;PUBLICA;-
LF002100J9A;-;BANCO SAFRA S/A;LF;False;0;-;IPCA;100;6,01;252;17/08/2026;3;55666,666667;False;PUBLICA;-
LF002100NTU;BRBSAFLFEWE4;BANCO SAFRA S/A;LF;False;0;-;IPCA;100;5,52;252;17/08/2026;1;50000;False;PUBLICA;-
LF002400OQW;-;ITAU UNIBANCO S.A.;LF;False;0;-;DI;102;-;-;15/09/2027;20;50000;False;PUBLICA;-
LF002500G6Z;-;ITAU UNIBANCO S.A.;LF;False;0;-;IPCA;100;8,86;252;16/07/2027;40;54000;False;PUBLICA;-
LF002200CXB;-;BANCO SAFRA S/A;LF;False;0;-;IPCA;100;6,24;252;29/04/2032;1;50000;False;PUBLICA;-
LF002400Q4O;-;ITAU UNIBANCO S.A.;LF;False;0;-;DI;102;-;-;15/10/2027;880;50011,7;False;PUBLICA;-
LF002600IY0;-;ITAU UNIBANCO S.A.;LF;False;0;-;IPCA;100;8,29;252;22/06/2028;1;2198000;False;PUBLICA;-
LF002100JM0;BRBSAFLTR870;BANCO SAFRA S/A;LF;False;0;-;IPCA;100;5,85;252;17/08/2026;1;60000;False;PUBLICA;-
LF002100E0S;-;BANCO SAFRA S/A;LF;False;0;-;IPCA;100;5,01;252;17/08/2026;1;50000;False;PUBLICA;-
LFSN21003I9;BRBITALFIX72;ITAU UNIBANCO HOLDING S.A;LFSN;False;0;-;DI;100;2;252;22/09/2031;12;400000;False;PUBLICA;-
LF0024007HK;-;BANCO SAFRA S/A;LF;False;0;-;DI;102,5;-;-;06/03/2030;1;50000;False;PUBLICA;-
LF002100H00;-;BANCO SAFRA S/A;LF;False;0;-;IPCA;100;5,15;252;17/08/2026;1;80000;False;PUBLICA;-
LF002100EBA;-;BANCO SAFRA S/A;LF;False;0;-;IPCA;100;4,86;252;17/08/2026;4;51500;False;PUBLICA;-
LF0024002E5;-;BANCO BMG S/A;LF;False;0;-;DI;100;1,5;252;13/11/2028;40;101774,1495;False;PUBLICA;-
LF002200DTV;-;BANCO SAFRA S/A;LF;False;0;-;IPCA;100;6;252;17/08/2026;4;50000;False;PUBLICA;-
LF0023084R4;-;ITAU UNIBANCO S.A.;LF;False;0;-;IPCA;100;6,05;252;10/11/2033;1;500000;False;PUBLICA;-
LF002600C9F;-;ITAU UNIBANCO S.A.;LF;False;0;-;DI;101,5;-;-;16/05/2029;1000;50000;False;PUBLICA;-
LF002600MCF;-;ITAU UNIBANCO S.A.;LF;False;0;-;DI;101;-;-;31/07/2028;34;50000;False;PUBLICA;-
LF002100ERH;-;BANCO SAFRA S/A;LF;False;0;-;IPCA;100;4,99;252;17/08/2026;5;99800;False;PUBLICA;-
LF002100ER9;-;BANCO SAFRA S/A;LF;False;0;-;IPCA;100;4,99;252;17/08/2026;2;58250;False;PUBLICA;-
LFSC23006TB;BRITUBLFI1R3;ITAU UNIBANCO HOLDING S.A;LFSC;False;0;-;DI;100;1,9;252;09/11/9999;4;350000;False;PUBLICA;-
LF002100DE5;-;BANCO SAFRA S/A;LF;False;0;-;IPCA;100;4,94;252;01/09/2031;1;50000;False;PUBLICA;-
LF002100CTD;-;BANCO SAFRA S/A;LF;False;0;-;IPCA;100;5,52;252;25/08/2026;2;50000;False;PUBLICA;-
LF002400HZ5;-;ITAU UNIBANCO S.A.;LF;False;0;-;DI;102;-;-;15/07/2027;52;50000;False;PUBLICA;-
LF002100PQO;-;BANCO SAFRA S/A;LF;False;0;-;IPCA;100;5,31;252;17/08/2026;3;50000;False;PUBLICA;-
LF002600AJP;-;ITAU UNIBANCO S.A.;LF;False;0;-;DI;101,5;-;-;10/04/2028;5;50000;False;PUBLICA;-
LF002200HLL;-;BANCO SAFRA S/A;LF;False;0;-;IPCA;100;6,06;252;15/05/2035;1;86000;False;PUBLICA;-
LF002200L4P;-;ITAU UNIBANCO S.A.;LF;False;0;-;DI;107;-;-;12/08/2027;1000;64352,543;False;PUBLICA;-
LF002100DQX;-;BANCO SAFRA S/A;LF;False;0;-;IPCA;100;4,87;252;17/08/2026;1;50000;False;PUBLICA;-
LF002200JG8;-;BANCO SAFRA S/A;LF;False;0;-;IPCA;100;6,58;252;15/05/2035;4;50000;False;PUBLICA;-
LF002600F5O;-;ITAU UNIBANCO S.A.;LF;False;0;-;DI;101;-;-;15/06/2029;32;50000;False;PUBLICA;-
LF002100NIF;BRBSAFLFEU99;BANCO SAFRA S/A;LF;False;0;-;IPCA;100;5,47;252;17/08/2026;10;50000;False;PUBLICA;-
LF002600A8Q;-;ITAU UNIBANCO S.A.;LF;False;0;-;IPCA;100;7,56;252;08/04/2030;40;50000;False;PUBLICA;-
LF002400H4N;-;BANCO SAFRA S/A;LF;False;0;-;IPCA;100;6,61;252;15/05/2035;4;50000;False;PUBLICA;-
LF002500AZU;-;ITAU UNIBANCO S.A.;LF;False;0;-;DI;101,8;-;-;15/05/2028;10000;50000;False;PUBLICA;-
LF002100DNA;-;BANCO SAFRA S/A;LF;False;0;-;IPCA;100;4,86;252;17/08/2026;1;50000;False;PUBLICA;-
LF002400C43;-;BANCO SAFRA S/A;LF;False;0;-;DI;101,5;-;-;04/05/2028;1;60000;False;PUBLICA;-
LF0025009HE;-;ITAU UNIBANCO S.A.;LF;False;0;-;DI;101;-;-;17/04/2028;30;59800;False;PUBLICA;-
LF0021009L5;-;BANCO SAFRA S/A;LF;False;0;-;IPCA;100;4,18;252;17/08/2026;1;50000;False;PUBLICA;-
LF0025007H2;-;BANCO SAFRA S/A;LF;False;0;-;IPCA;100;7,45;252;18/09/2045;2;50000;False;PUBLICA;-
LF0021002QA;-;BANCO SAFRA S/A;LF;False;0;-;IPCA;100;4,22;252;11/03/2031;1;80000;False;PUBLICA;-
LF0021008SD;-;BANCO SAFRA S/A;LF;False;0;-;IPCA;100;4,1;252;17/08/2026;6;50000;False;PUBLICA;-
LF002200012;-;BANCO SAFRA S/A;LF;False;0;-;IPCA;100;5,41;252;17/08/2026;1;50000;False;PUBLICA;-
LF002400DX1;-;BANCO SAFRA S/A;LF;False;0;-;IPCA;100;6,05;252;15/05/2045;1;59000;False;PUBLICA;-
LF002100B60;-;BANCO SAFRA S/A;LF;False;0;-;IPCA;100;4,43;252;17/08/2026;1;53556,41;False;PUBLICA;-
LF0022006I7;-;BANCO SAFRA S/A;LF;False;0;-;IPCA;100;5,76;252;17/08/2026;1;62000;False;PUBLICA;-
LF0024009G2;BRBINDLFI2G1;BANCO INDUSTRIAL DO BRASIL S/A;LF;False;0;-;DI;100;0,95;252;05/04/2027;217;50000;False;PUBLICA;-
LF002100LW5;BRBSAFLFE2D3;BANCO SAFRA S/A;LF;False;0;-;IPCA;100;5,67;252;17/08/2026;3;57078,333334;False;PUBLICA;-
LF002308BDU;-;BANCO SAFRA S/A;LF;False;0;-;IPCA;100;5,22;252;26/11/2029;1;59000;False;PUBLICA;-
LF002100GQQ;-;BANCO SAFRA S/A;LF;False;0;-;IPCA;100;5,08;252;17/08/2026;1;50000;False;PUBLICA;-
LF002100FZI;-;BANCO SAFRA S/A;LF;False;0;-;IPCA;100;5;252;17/08/2026;3;50000;False;PUBLICA;-
LF002100P9N;-;BANCO SAFRA S/A;LF;False;0;-;IPCA;100;5,04;252;14/12/2026;2;50000;False;PUBLICA;-
LFSN21003IQ;BRBITALFIX72;ITAU UNIBANCO HOLDING S.A;LFSN;False;0;-;DI;100;2;252;22/09/2031;2;400000;False;PUBLICA;-
LF002200A2J;-;BANCO SAFRA S/A;LF;False;0;-;IPCA;100;5,91;252;01/04/2032;1;50000;False;PUBLICA;-
LF002400GW6;-;ITAU UNIBANCO S.A.;LF;False;0;-;DI;102;-;-;15/07/2027;34;50000;False;PUBLICA;-
LF002100NPK;BRBSAFLFEW48;BANCO SAFRA S/A;LF;False;0;-;IPCA;100;5,85;252;01/12/2026;3;60000;False;PUBLICA;-
LF002100FRX;-;BANCO SAFRA S/A;LF;False;0;-;IPCA;100;5,05;252;17/08/2026;1;50000;False;PUBLICA;-
LF0021007XW;-;BANCO SAFRA S/A;LF;False;0;-;IPCA;100;4,22;252;17/08/2026;1;73180;False;PUBLICA;-
LF002400AE5;-;ITAU UNIBANCO S.A.;LF;False;0;-;DI;103;-;-;15/04/2027;169;50000;False;PUBLICA;-
LF002200JRV;-;BANCO SAFRA S/A;LF;False;0;-;IPCA;100;6,45;252;17/08/2026;8;50000;False;PUBLICA;-
LF0023024K1;-;ITAU UNIBANCO S.A.;LF;False;0;-;IPCA;100;6,11;252;30/03/2027;5;50000;False;PUBLICA;-
LF002100FK5;-;BANCO SAFRA S/A;LF;False;0;-;IPCA;100;5,01;252;17/08/2026;2;50000;False;PUBLICA;-
LF002400OHH;-;BANCO SAFRA S/A;LF;False;0;-;DI;101;-;-;11/09/2028;6;54690,333334;False;PUBLICA;-
LF002400I55;-;ITAU UNIBANCO S.A.;LF;False;0;-;DI;102;-;-;15/07/2027;400;50000;False;PUBLICA;-
LF002400LZB;-;BANCO SAFRA S/A;LF;False;0;-;IPCA;100;6,27;252;15/05/2029;2;50000;False;PUBLICA;-
LF002500B9N;-;ITAU UNIBANCO S.A.;LF;False;0;-;DI;101,5;-;-;15/05/2028;300;116366,21;False;PUBLICA;-
LFSN21003K6;BRBITALFIX80;ITAU UNIBANCO HOLDING S.A;LFSN;False;0;-;DI;100;2;252;22/09/2031;1;400000;False;PUBLICA;-
LF002200M7Y;-;ITAU UNIBANCO S.A.;LF;False;0;-;PREFIXADO;-;12,48;252;31/08/2026;1;350000;False;PUBLICA;-
LF002400SME;-;ITAU UNIBANCO S.A.;LF;False;0;-;DI;102;-;-;15/10/2027;40;64800;False;PUBLICA;-
LF002400H0Z;-;ITAU UNIBANCO S.A.;LF;False;0;-;DI;102;-;-;15/07/2027;239;50000;False;PUBLICA;-
LF0021005FF;-;BANCO SAFRA S/A;LF;False;0;-;IPCA;100;3,79;252;17/08/2026;1;75000;False;PUBLICA;-
LF002100KYU;BRBSAFLTREG0;BANCO SAFRA S/A;LF;False;0;-;IPCA;100;5,56;252;17/08/2026;1;74000;False;PUBLICA;-
LF0022004UJ;BRBSAFLNN2L5;BANCO SAFRA S/A;LF;False;0;-;DI;100;1,35;252;10/02/2027;302;50000;False;PUBLICA;-
LF0021009L4;-;BANCO SAFRA S/A;LF;False;0;-;IPCA;100;4,6;252;15/05/2035;1;50000;False;PUBLICA;-
LF002200KCI;-;BANCO SAFRA S/A;LF;False;0;-;IPCA;100;6,54;252;27/07/2027;2;50000;False;PUBLICA;-
LF002100DJB;-;BANCO SAFRA S/A;LF;False;0;-;PREFIXADO;-;11,13;252;01/09/2026;6;50000;False;PUBLICA;-
LF0021004AF;-;BANCO SAFRA S/A;LF;False;0;-;IPCA;100;4,11;252;17/08/2026;1;70000;False;PUBLICA;-
LF0021006PM;-;BANCO SAFRA S/A;LF;False;0;-;IPCA;100;4,06;252;17/08/2026;1;50000;False;PUBLICA;-
LF002400GV7;-;BANCO SAFRA S/A;LF;False;0;-;IPCA;100;6,24;252;15/05/2035;6;50000;False;PUBLICA;-
LF0021004A7;-;BANCO SAFRA S/A;LF;False;0;-;IPCA;100;4,11;252;17/08/2026;4;50000;False;PUBLICA;-
LF002400QM8;-;ITAU UNIBANCO S.A.;LF;False;0;-;DI;102;-;-;15/10/2027;1600;50000;False;PUBLICA;-
LF0021002X8;-;BANCO SAFRA S/A;LF;False;0;-;IPCA;100;3,62;252;17/08/2026;1;50000;False;PUBLICA;-
LF002100HP7;-;BANCO SAFRA S/A;LF;False;0;-;IPCA;100;5,55;252;17/08/2026;4;50000;False;PUBLICA;-
LF002600ES0;-;ITAU UNIBANCO S.A.;LF;False;0;-;DI;102;-;-;05/06/2029;20;50000;False;PUBLICA;-
LF002100IJG;-;BANCO SAFRA S/A;LF;False;0;-;IPCA;100;5,8;252;17/08/2026;2;50000;False;PUBLICA;-
LF0024009G4;BRBINDLFI2H9;BANCO INDUSTRIAL DO BRASIL S/A;LF;False;0;-;DI;100;1,1;252;03/04/2028;583;50000;False;PUBLICA;-
LF0021001SY;BRBSAFLTFH65;BANCO SAFRA S/A;LF;False;0;-;PREFIXADO;-;10;252;26/02/2031;1;150000;False;PUBLICA;-
LF002400LZQ;-;BANCO SAFRA S/A;LF;False;0;-;IPCA;100;6,27;252;15/05/2029;2;60000;False;PUBLICA;-
LF002100EHL;-;BANCO SAFRA S/A;LF;False;0;-;IPCA;100;4,88;252;17/08/2026;1;50000;False;PUBLICA;-
LF002500541;-;BANCO SAFRA S/A;LF;False;0;-;PREFIXADO;-;14,2;252;21/08/2028;2;50000;False;PUBLICA;-
LF002400PTV;-;BANCO SAFRA S/A;LF;False;0;-;DI;103,3;-;-;25/09/2026;130;50153,846154;False;PUBLICA;-
LF00210048G;-;BANCO SAFRA S/A;LF;False;0;-;IPCA;100;4,08;252;17/08/2026;3;87000;False;PUBLICA;-
LF002100CUD;-;BANCO SAFRA S/A;LF;False;0;-;IPCA;100;4,93;252;17/08/2026;1;50000;False;PUBLICA;-
LF002100GXZ;-;BANCO SAFRA S/A;LF;False;0;-;IPCA;100;5,05;252;17/08/2026;16;50000;False;PUBLICA;-
LF002100D70;-;BANCO SAFRA S/A;LF;False;0;-;IPCA;100;4,8;252;17/08/2026;1;50000;False;PUBLICA;-
LF002100DY5;-;BANCO SAFRA S/A;LF;False;0;-;IPCA;100;4,96;252;17/08/2026;1;50000;False;PUBLICA;-
LF002400PZH;-;ITAU UNIBANCO S.A.;LF;False;0;-;DI;102;-;-;15/10/2027;162;50000;False;PUBLICA;-
LFSN2500669;-;BANCO PINE S/A;LFSN;False;0;-;DI;121,5;-;-;22/05/2035;11;300000;False;PUBLICA;-
LF002600L92;-;ITAU UNIBANCO S.A.;LF;False;0;-;DI;101;-;-;15/08/2029;260;50000;False;PUBLICA;-
LF002400KA5;-;ITAU UNIBANCO S.A.;LF;False;0;-;IPCA;100;6,65;252;30/07/2029;10;80000;False;PUBLICA;-
LF002400M4Y;-;BANCO SAFRA S/A;LF;False;0;-;IPCA;100;6,12;252;18/08/2026;7;50000;False;PUBLICA;-
LF002100ARJ;-;BANCO SAFRA S/A;LF;False;0;-;IPCA;100;4,45;252;17/08/2026;8;50000;False;PUBLICA;-
LF002200EUY;-;BANCO SAFRA S/A;LF;False;0;-;IPCA;100;6,13;252;15/05/2035;1;99850;False;PUBLICA;-
LFSN21003IF;BRBITALFIX72;ITAU UNIBANCO HOLDING S.A;LFSN;False;0;-;DI;100;2;252;22/09/2031;11;400000;False;PUBLICA;-
LF002500CLA;-;ITAU UNIBANCO S.A.;LF;False;0;-;DI;101;-;-;17/05/2027;74;50000;False;PUBLICA;-
LF0022007NZ;-;BANCO SAFRA S/A;LF;False;0;-;IPCA;100;6,07;252;17/08/2026;2;72500;False;PUBLICA;-
LF002200KCH;-;BANCO SAFRA S/A;LF;False;0;-;IPCA;100;6,69;252;15/05/2035;2;50000;False;PUBLICA;-
LF002100AEU;-;BANCO SAFRA S/A;LF;False;0;-;IPCA;100;4,34;252;17/08/2026;1;50000;False;PUBLICA;-
LF002100IK1;-;BANCO SAFRA S/A;LF;False;0;-;IPCA;100;5,82;252;17/08/2026;1;50000;False;PUBLICA;-
LF002100QBM;-;BANCO SAFRA S/A;LF;False;0;-;IPCA;100;5,51;252;22/12/2026;1;55000;False;PUBLICA;-
LF0021004OF;-;BANCO SAFRA S/A;LF;False;0;-;IPCA;100;4,17;252;17/08/2026;10;50000;False;PUBLICA;-
LF002400IRX;-;ITAU UNIBANCO S.A.;LF;False;0;-;DI;102;-;-;15/07/2027;109;50000;False;PUBLICA;-
LF002500MS3;-;ITAU UNIBANCO S.A.;LF;False;0;-;DI;101,5;-;-;09/10/2029;8;50000;False;PUBLICA;-
LF002100D1E;-;BANCO SAFRA S/A;LF;False;0;-;IPCA;100;4,73;252;17/08/2026;1;71000;False;PUBLICA;-
LF002200FU1;-;BANCO SAFRA S/A;LF;False;0;-;IPCA;100;5,98;252;17/08/2026;1;50000;False;PUBLICA;-
LF002400JK1;-;ITAU UNIBANCO S.A.;LF;False;0;-;DI;102;-;-;16/08/2027;10;50000;False;PUBLICA;-
LF002100EHJ;-;BANCO SAFRA S/A;LF;False;0;-;IPCA;100;4,88;252;17/08/2026;1;70000;False;PUBLICA;-
LF002100KOC;BRBSAFLTRCU5;BANCO SAFRA S/A;LF;False;0;-;IPCA;100;5,61;252;17/08/2026;1;50000;False;PUBLICA;-
LF002400M0U;-;ITAU UNIBANCO S.A.;LF;False;0;-;DI;102;-;-;15/09/2027;32;50000;False;PUBLICA;-
LF002100412;-;BANCO SAFRA S/A;LF;False;0;-;IPCA;100;4,47;252;15/05/2035;1;50000;False;PUBLICA;-
LF002100CHW;-;BANCO SAFRA S/A;LF;False;0;-;IPCA;100;5,11;252;17/08/2026;3;65333,333334;False;PUBLICA;-
LF002100MM3;BRBSAFLFEO30;BANCO SAFRA S/A;LF;False;0;-;IPCA;100;5,6;252;17/08/2026;2;54800;False;PUBLICA;-
LF0021003EC;-;BANCO SAFRA S/A;LF;False;0;-;IPCA;100;3,96;252;17/08/2026;6;50000;False;PUBLICA;-
LF002600NJF;-;ITAU UNIBANCO S.A.;LF;False;0;-;DI;102;-;-;13/08/2029;84;50000;False;PUBLICA;-
LF0025009PI;-;ITAU UNIBANCO S.A.;LF;False;0;-;DI;101;-;-;17/04/2028;18;50000;False;PUBLICA;-
LFSC23006SX;BRITUBLFI1R3;ITAU UNIBANCO HOLDING S.A;LFSC;False;0;-;DI;100;1,9;252;09/11/9999;1;350000;False;PUBLICA;-
LF00220090E;-;ITAU UNIBANCO S.A.;LF;False;0;-;IPCA;100;5,93;252;22/03/2032;8;80000;False;PUBLICA;-
LF002400IF5;-;ITAU UNIBANCO S.A.;LF;False;0;-;DI;102;-;-;15/07/2027;240;50000;False;PUBLICA;-
LF002400RYV;-;BANCO SAFRA S/A;LF;False;0;-;IPCA;100;6,38;252;15/05/2045;5;52112,2;False;PUBLICA;-
LF002400COS;-;BANCO SAFRA S/A;LF;False;0;-;IPCA;100;6,13;252;15/05/2035;10;50000;False;PUBLICA;-
LF002100PLQ;-;BANCO SAFRA S/A;LF;False;0;-;IPCA;100;5,34;252;17/08/2026;2;50000;False;PUBLICA;-
LFSN21003L6;BRBITALFIXA3;ITAU UNIBANCO HOLDING S.A;LFSN;False;0;-;DI;100;2;252;21/10/2031;2;400000;False;PUBLICA;-
LF002600I7A;-;ITAU UNIBANCO S.A.;LF;False;0;-;IPCA;100;8,41;252;16/06/2028;10;62300;False;PUBLICA;-
LF0024005WZ;-;BANCO SAFRA S/A;LF;False;0;-;PREFIXADO;-;10,16;252;18/02/2030;6;50000;False;PUBLICA;-
LF002400LZT;-;BANCO SAFRA S/A;LF;False;0;-;IPCA;100;6,27;252;15/05/2029;1;63800;False;PUBLICA;-
LF002400PRW;BRSCNALFI029;SCANIA BANCO S/A;LF;False;0;-;DI;100;0,75;252;25/09/2028;8400;50000;False;PUBLICA;-
LF002100F2E;-;BANCO SAFRA S/A;LF;False;0;-;IPCA;100;4,96;252;17/08/2026;4;50000;False;PUBLICA;-
LF0025007SQ;-;ITAU UNIBANCO S.A.;LF;False;0;-;IPCA;100;8,21;252;19/03/2027;40;50000;False;PUBLICA;-
LF0024000TV;-;BANCO SAFRA S/A;LF;False;0;-;DI;103,5;-;-;06/01/2028;80;50000;False;PUBLICA;-
LF002400KEF;-;ITAU UNIBANCO S.A.;LF;False;0;-;DI;101,8;-;-;17/08/2026;160;50000;False;PUBLICA;-
LF002400UH0;-;ITAU UNIBANCO S.A.;LF;False;0;-;DI;102;-;-;16/11/2027;40;50000;False;PUBLICA;-
LFSN21003L8;BRBITALFIXA3;ITAU UNIBANCO HOLDING S.A;LFSN;False;0;-;DI;100;2;252;21/10/2031;8;400000;False;PUBLICA;-
LF002400KA6;-;ITAU UNIBANCO S.A.;LF;False;0;-;DI;102;-;-;16/08/2027;398;50000;False;PUBLICA;-
LF0025001RR;-;ITAU UNIBANCO S.A.;LF;False;0;-;DI;102;-;-;17/01/2028;400;50000;False;PUBLICA;-
LFSC22002BU;BRITUBLFI1I2;ITAU UNIBANCO HOLDING S.A;LFSC;False;0;-;DI;100;2,4;252;23/09/9999;1;300000;False;PUBLICA;-
LF002100KEO;BRBSAFLTRCA7;BANCO SAFRA S/A;LF;False;0;-;IPCA;100;5,76;252;17/08/2026;1;50000;False;PUBLICA;-
LF002400MQB;-;ITAU UNIBANCO S.A.;LF;False;0;-;DI;102;-;-;15/09/2027;25;50000;False;PUBLICA;-
LF002400RZ3;-;ITAU UNIBANCO S.A.;LF;False;0;-;DI;102;-;-;15/10/2027;54;50000;False;PUBLICA;-
LF002600L91;-;ITAU UNIBANCO S.A.;LF;False;0;-;DI;101,5;-;-;15/08/2029;30;50000;False;PUBLICA;-
LF002400LFH;-;BANCO SAFRA S/A;LF;False;0;-;IPCA;100;6,28;252;15/05/2029;5;50000;False;PUBLICA;-
LF0023004SB;-;ITAU UNIBANCO S.A.;LF;False;0;-;PREFIXADO;-;12,92;252;17/01/2028;1;1000000;False;PUBLICA;-
LF0021002IA;-;BANCO SAFRA S/A;LF;False;0;-;IPCA;100;4,14;252;10/03/2031;2;50000;False;PUBLICA;-
LF0026008E3;-;ITAU UNIBANCO S.A.;LF;False;0;-;DI;101,5;-;-;16/04/2029;24;50000;False;PUBLICA;-
LFSC22002DM;BRITUBLFI1J0;ITAU UNIBANCO HOLDING S.A;LFSC;False;0;-;DI;100;2,4;252;26/09/9999;9;300000;False;PUBLICA;-
LF002100H9B;-;BANCO SAFRA S/A;LF;False;0;-;IPCA;100;5,22;252;17/08/2026;8;50250;False;PUBLICA;-
LFSN21003MM;BRBITALFIXD7;ITAU UNIBANCO HOLDING S.A;LFSN;False;0;-;DI;100;2;252;21/10/2031;1;400000;False;PUBLICA;-
LF002400M4Z;-;BANCO SAFRA S/A;LF;False;0;-;IPCA;100;6,35;252;15/05/2029;3;50000;False;PUBLICA;-
LF002400N7A;-;BANCO SAFRA S/A;LF;False;0;-;IPCA;100;6,27;252;15/05/2029;1;70000;False;PUBLICA;-
LF002100IR7;-;BANCO SAFRA S/A;LF;False;0;-;IPCA;100;5,79;252;17/08/2026;1;76474;False;PUBLICA;-
LF002200DFX;-;BANCO SAFRA S/A;LF;False;0;-;IPCA;100;5,89;252;17/08/2026;1;50000;False;PUBLICA;-
LF002400T2P;-;BANCO SAFRA S/A;LF;False;0;-;PREFIXADO;-;13,1;252;19/10/2026;100;50000;False;PUBLICA;-
LF002300RBM;-;ITAU UNIBANCO S.A.;LF;False;0;-;PREFIXADO;-;14,3;252;09/02/2033;1;100000;False;PUBLICA;-
LFSC220028A;BRITUBLFI1H4;ITAU UNIBANCO HOLDING S.A;LFSC;False;0;-;DI;100;2,4;252;22/09/9999;7;300000;False;PUBLICA;-
LF002100G7K;-;BANCO SAFRA S/A;LF;False;0;-;IPCA;100;5,17;252;17/08/2026;1;53000;False;PUBLICA;-
LF002100FR8;-;BANCO SAFRA S/A;LF;False;0;-;IPCA;100;5,05;252;17/08/2026;3;56666,666667;False;PUBLICA;-
LF0021009FE;-;BANCO SAFRA S/A;LF;False;0;-;IPCA;100;4,15;252;17/08/2026;4;50000;False;PUBLICA;-
LF002100OXL;-;BANCO SAFRA S/A;LF;False;0;-;IPCA;100;5,25;252;17/08/2026;2;66883,2;False;PUBLICA;-
LF002400DRN;-;BANCO SAFRA S/A;LF;False;0;-;IPCA;100;6,04;252;15/05/2045;1;50000;False;PUBLICA;-
LF002200QF7;BRBSAFLNN963;BANCO SAFRA S/A;LF;False;0;-;IPCA;100;7,06;252;17/11/2028;100;50000;False;PUBLICA;-
LF0024013YQ;-;ITAU UNIBANCO S.A.;LF;False;0;-;DI;102;-;-;17/01/2028;1100;50000;False;PUBLICA;-
LF002400SX5;-;ITAU UNIBANCO S.A.;LF;False;0;-;DI;102;-;-;16/11/2027;796;50043,55;False;PUBLICA;-
LF002100JAP;-;BANCO SAFRA S/A;LF;False;0;-;IPCA;100;6,01;252;17/08/2026;2;50000;False;PUBLICA;-
LF002100F95;-;BANCO SAFRA S/A;LF;False;0;-;IPCA;100;5,01;252;17/08/2026;2;50000;False;PUBLICA;-
LF002100JET;BRBSAFLTR763;BANCO SAFRA S/A;LF;False;0;-;IPCA;100;5,83;252;17/08/2026;2;50000;False;PUBLICA;-
LF00210048D;-;BANCO SAFRA S/A;LF;False;0;-;IPCA;100;4,01;252;17/08/2026;1;50000;False;PUBLICA;-
LF002308CRY;-;ITAU UNIBANCO S.A.;LF;False;0;-;PREFIXADO;-;10,53;252;30/11/2026;60;50000;False;PUBLICA;-
LF002100EQX;-;BANCO SAFRA S/A;LF;False;0;-;IPCA;100;4,99;252;17/08/2026;20;50000;False;PUBLICA;-
LF002400SXD;-;BANCO SAFRA S/A;LF;False;0;-;IPCA;100;6,67;252;15/05/2035;20;50000;False;PUBLICA;-
LF002100OOC;-;BANCO SAFRA S/A;LF;False;0;-;IPCA;100;5,32;252;17/08/2026;5;77200;False;PUBLICA;-
LF0026002MT;-;ITAU UNIBANCO S.A.;LF;False;0;-;IPCA;100;7,91;252;23/01/2031;30;50000;False;PUBLICA;-
LFSN21001WJ;-;BANCO SAFRA S/A;LFSN;False;0;-;IPCA;-;5,67;252;10/06/2031;1;300000;False;PUBLICA;-
LF002301T4J;-;BANCO SAFRA S/A;LF;False;0;-;DI;105,25;-;-;20/03/2028;2;50000;False;PUBLICA;-
LF002400MKX;-;BANCO SAFRA S/A;LF;False;0;-;IPCA;100;6,01;252;15/05/2029;1;50000;False;PUBLICA;-
LF002100EB9;-;BANCO SAFRA S/A;LF;False;0;-;IPCA;100;4,86;252;17/08/2026;2;50000;False;PUBLICA;-
LF00210028F;-;BANCO SAFRA S/A;LF;False;0;-;IPCA;100;3,76;252;17/08/2026;1;50000;False;PUBLICA;-
LF0022009RJ;-;BANCO SAFRA S/A;LF;False;0;-;IPCA;100;5,31;252;17/08/2026;20;50000;False;PUBLICA;-
LF0021004FE;-;BANCO SAFRA S/A;LF;False;0;-;IPCA;100;4,04;252;17/08/2026;3;50000;False;PUBLICA;-
LF002400DX7;-;BANCO SAFRA S/A;LF;False;0;-;IPCA;100;5,99;252;23/05/2029;1;52000;False;PUBLICA;-
LFSN21003KH;BRBITALFIX80;ITAU UNIBANCO HOLDING S.A;LFSN;False;0;-;DI;100;2;252;22/09/2031;15;400000;False;PUBLICA;-
LF002600LCX;-;ITAU UNIBANCO S.A.;LF;False;0;-;DI;101,5;-;-;16/07/2030;1;159500;False;PUBLICA;-
LFSC22002T3;BRITUBLFI1N2;ITAU UNIBANCO HOLDING S.A;LFSC;False;0;-;DI;100;2,4;252;30/09/9999;3;300000;False;PUBLICA;-
LF002400GMN;-;BANCO SAFRA S/A;LF;False;0;-;IPCA;100;6,25;252;15/05/2045;2;50000;False;PUBLICA;-
LF002100NSZ;BRBSAFLFEWE4;BANCO SAFRA S/A;LF;False;0;-;IPCA;100;5,52;252;17/08/2026;1;50000;False;PUBLICA;-
LF002100G37;-;BANCO SAFRA S/A;LF;False;0;-;IPCA;100;5,06;252;17/08/2026;2;50000;False;PUBLICA;-
LF0021003DO;-;BANCO SAFRA S/A;LF;False;0;-;IPCA;100;3,95;252;17/08/2026;1;156000;False;PUBLICA;-
LF0021002ZH;-;BANCO SAFRA S/A;LF;False;0;-;IPCA;100;3,56;252;17/08/2026;1;50000;False;PUBLICA;-
LF002500A7R;-;ITAU UNIBANCO S.A.;LF;False;0;-;DI;101,5;-;-;15/05/2028;80;50000;False;PUBLICA;-
LF00250007C;-;ITAU UNIBANCO S.A.;LF;False;0;-;DI;102;-;-;17/01/2028;504;50079,33;False;PUBLICA;-
LF002100JB6;-;BANCO SAFRA S/A;LF;False;0;-;IPCA;100;6,01;252;17/08/2026;2;62500;False;PUBLICA;-
LF0026006DO;-;ITAU UNIBANCO S.A.;LF;False;0;-;DI;101,5;-;-;03/03/2028;40;56500;False;PUBLICA;-
LF0021006LA;-;BANCO SAFRA S/A;LF;False;0;-;IPCA;100;3,94;252;17/08/2026;2;52500;False;PUBLICA;-
LF002600LD1;-;ITAU UNIBANCO S.A.;LF;False;0;-;DI;101;-;-;15/08/2029;5;64600;False;PUBLICA;-
LF002400RMK;BRCNHCLFI3R7;BANCO CNH INDUSTRIAL CAPITAL S/A;LF;False;0;-;DI;100;0,35;252;17/10/2026;3000;50000;False;PUBLICA;-
LF002100CU8;-;BANCO SAFRA S/A;LF;False;0;-;IPCA;100;4,93;252;25/08/2026;1;50000;False;PUBLICA;-
LF00210021T;-;BANCO SAFRA S/A;LF;False;0;-;IPCA;100;3,78;252;17/08/2026;1;50000;False;PUBLICA;-
LF002100HPZ;-;BANCO SAFRA S/A;LF;False;0;-;IPCA;100;6,15;252;21/10/2026;2;50000;False;PUBLICA;-
LF002100DMV;-;BANCO SAFRA S/A;LF;False;0;-;IPCA;100;4,86;252;17/08/2026;8;50000;False;PUBLICA;-
LF0021002L9;-;BANCO SAFRA S/A;LF;False;0;-;IPCA;100;4,27;252;10/03/2031;1;50000;False;PUBLICA;-
LF002400F9I;-;BANCO SAFRA S/A;LF;False;0;-;IPCA;100;5,88;252;14/06/2027;4;50000;False;PUBLICA;-
LF002400IKE;-;ITAU UNIBANCO S.A.;LF;False;0;-;DI;102;-;-;15/07/2027;50;50000;False;PUBLICA;-
LF002100EE6;-;BANCO SAFRA S/A;LF;False;0;-;IPCA;100;4,93;252;17/08/2026;2;50000;False;PUBLICA;-
LF00210076E;-;BANCO SAFRA S/A;LF;False;0;-;IPCA;100;3,79;252;17/08/2026;1;463000;False;PUBLICA;-
LF002100DJ5;-;BANCO SAFRA S/A;LF;False;0;-;IPCA;100;4,84;252;17/08/2026;1;50000;False;PUBLICA;-
LFSC22002MN;BRITUBLFI1L6;ITAU UNIBANCO HOLDING S.A;LFSC;False;0;-;DI;100;2,4;252;28/09/9999;3;300000;False;PUBLICA;-
LF002100I2F;-;BANCO SAFRA S/A;LF;False;0;-;IPCA;100;6,32;252;22/10/2026;6;50000;False;PUBLICA;-
LF002400E3A;-;BANCO SAFRA S/A;LF;False;0;-;IPCA;100;6,08;252;15/05/2045;8;50000;False;PUBLICA;-
LF002600LPF;-;ITAU UNIBANCO S.A.;LF;False;0;-;DI;101;-;-;15/08/2029;20;50000;False;PUBLICA;-
LFSC2200288;BRITUBLFI1H4;ITAU UNIBANCO HOLDING S.A;LFSC;False;0;-;DI;100;2,4;252;22/09/9999;27;300000;False;PUBLICA;-
LF002400R1M;-;BANCO SAFRA S/A;LF;False;0;-;IPCA;100;6,67;252;15/05/2029;2;50000;False;PUBLICA;-
LF002400NTO;-;ITAU UNIBANCO S.A.;LF;False;0;-;IPCA;100;6,84;252;03/09/2026;1;3346900;False;PUBLICA;-
LF0021008M0;-;BANCO SAFRA S/A;LF;False;0;-;IPCA;100;4,17;252;17/08/2026;4;58250;False;PUBLICA;-
LF002200JKI;-;BANCO SAFRA S/A;LF;False;0;-;IPCA;100;6,5;252;17/08/2026;2;50000;False;PUBLICA;-
LF0022009LE;-;BANCO SAFRA S/A;LF;False;0;-;IPCA;100;5,81;252;24/03/2032;2;50000;False;PUBLICA;-
LF002100NJH;BRBSAFLFEVC0;BANCO SAFRA S/A;LF;False;0;-;IPCA;100;5,47;252;17/08/2026;8;57000;False;PUBLICA;-
LF002301LQ1;-;ITAU UNIBANCO S.A.;LF;False;0;-;PREFIXADO;-;13,57;252;13/03/2028;1;100000;False;PUBLICA;-
LF002100JAG;-;BANCO SAFRA S/A;LF;False;0;-;IPCA;100;6,01;252;17/08/2026;1;50000;False;PUBLICA;-
LF002400J18;-;BANCO SAFRA S/A;LF;False;0;-;IPCA;100;6,51;252;16/07/2031;800;50000;False;PUBLICA;-
LF0023073V8;-;BANCO SAFRA S/A;LF;False;0;-;PREFIXADO;-;10,9;252;15/09/2027;20;51250;False;PUBLICA;-
LF0021009F4;-;BANCO SAFRA S/A;LF;False;0;-;IPCA;100;4,15;252;17/08/2026;6;55001,630001;False;PUBLICA;-
LF002100NIT;BRBSAFLFEUG3;BANCO SAFRA S/A;LF;False;0;-;IPCA;100;5,46;252;17/08/2026;1;50000;False;PUBLICA;-
LF0026007YP;-;ITAU UNIBANCO S.A.;LF;False;0;-;DI;101,5;-;-;16/04/2029;1000;50000;False;PUBLICA;-
LF0023019DJ;-;BANCO SAFRA S/A;LF;False;0;-;PREFIXADO;-;12,92;252;02/03/2027;16;50000;False;PUBLICA;-
LFSN21003MP;BRBITALFIXD7;ITAU UNIBANCO HOLDING S.A;LFSN;False;0;-;DI;100;2;252;21/10/2031;2;400000;False;PUBLICA;-
LF002500JEE;-;ITAU UNIBANCO S.A.;LF;False;0;-;IPCA;100;8,26;252;25/08/2028;1;2000000;False;PUBLICA;-
LFSN21003E8;BRBITALFIX23;ITAU UNIBANCO HOLDING S.A;LFSN;False;0;-;DI;100;2;252;21/10/2031;49;400000;False;PUBLICA;-
LF002100G7S;-;BANCO SAFRA S/A;LF;False;0;-;IPCA;100;5,17;252;17/08/2026;1;50000;False;PUBLICA;-
LF002400KEQ;-;ITAU UNIBANCO S.A.;LF;False;0;-;DI;102;-;-;16/08/2027;200;50000;False;PUBLICA;-
LF0021002LR;-;BANCO SAFRA S/A;LF;False;0;-;PREFIXADO;-;9,42;252;10/03/2031;27;50000;False;PUBLICA;-
LF002200JDT;-;BANCO SAFRA S/A;LF;False;0;-;PREFIXADO;-;13,69;252;12/07/2027;1;84000;False;PUBLICA;-
LF002200E8X;-;BANCO SAFRA S/A;LF;False;0;-;IPCA;100;6,31;252;17/05/2027;50;50000;False;PUBLICA;-
LF0021009PY;-;BANCO SAFRA S/A;LF;False;0;-;IPCA;100;4,59;252;14/07/2031;2;50000;False;PUBLICA;-
LF002200KCZ;-;ITAU UNIBANCO S.A.;LF;False;0;-;PREFIXADO;-;14,12;252;27/07/2032;1;66900;False;PUBLICA;-
LFSN21003I2;BRBITALFIX64;ITAU UNIBANCO HOLDING S.A;LFSN;False;0;-;DI;100;2;252;21/10/2031;6;400000;False;PUBLICA;-
LF002400KEI;-;ITAU UNIBANCO S.A.;LF;False;0;-;DI;102;-;-;16/08/2027;64;60062,5;False;PUBLICA;-
LF002100F2L;-;BANCO SAFRA S/A;LF;False;0;-;IPCA;100;5,31;252;23/09/2026;4;55000;False;PUBLICA;-
LF0022007JB;-;BANCO SAFRA S/A;LF;False;0;-;IPCA;100;6,11;252;17/08/2026;4;50000;False;PUBLICA;-
LF00230263D;-;ITAU UNIBANCO S.A.;LF;False;0;-;PREFIXADO;-;13,77;252;04/04/2033;1;100000;False;PUBLICA;-
LF002400IHK;-;ITAU UNIBANCO S.A.;LF;False;0;-;DI;102;-;-;15/07/2027;25;60800;False;PUBLICA;-
LF002100DRG;BRBSAFLFNRY3;BANCO SAFRA S/A;LF;False;0;-;IPCA;100;6,06;252;06/09/2028;30;50000;False;PUBLICA;-
LF0025009XY;-;ITAU UNIBANCO S.A.;LF;False;0;-;DI;101,5;-;-;17/04/2028;3425;50024,38;False;PUBLICA;-
LFSN21003L0;BRBITALFIXA3;ITAU UNIBANCO HOLDING S.A;LFSN;False;0;-;DI;100;2;252;21/10/2031;2;400000;False;PUBLICA;-
LF002400PHY;-;BANCO SAFRA S/A;LF;False;0;-;IPCA;100;6,36;252;19/09/2045;1;50000;False;PUBLICA;-
LF002100FF9;-;BANCO SAFRA S/A;LF;False;0;-;IPCA;100;5,06;252;17/08/2026;4;50000;False;PUBLICA;-
LF002600LTF;BRDAYCLTFCI6;BANCO DAYCOVAL S/A;LF;False;0;-;DI;100;0,34;252;02/08/2028;15000;50000;False;PUBLICA;-
LF0021008DK;-;BANCO SAFRA S/A;LF;False;0;-;IPCA;100;4,24;252;17/08/2026;2;56500;False;PUBLICA;-
LF002100BHE;-;BANCO SAFRA S/A;LF;False;0;-;IPCA;100;4,62;252;17/08/2026;1;50000;False;PUBLICA;-
LF0021006L6;-;BANCO SAFRA S/A;LF;False;0;-;IPCA;100;3,88;252;17/08/2026;2;69500;False;PUBLICA;-
LF002400HQI;-;ITAU UNIBANCO S.A.;LF;False;0;-;PREFIXADO;-;12,1;252;01/09/2027;52;50000;False;PUBLICA;-
LF002200CT3;-;BANCO SAFRA S/A;LF;False;0;-;IPCA;100;6,04;252;15/05/2035;4;50000;False;PUBLICA;-
LF002100B9I;-;BANCO SAFRA S/A;LF;False;0;-;IPCA;100;4,66;252;17/08/2026;1;94000;False;PUBLICA;-
LF002200EY8;-;ITAU UNIBANCO S.A.;LF;False;0;-;DI;107;-;-;15/06/2027;200;50000;False;PUBLICA;-
LF002100MVU;BRBSAFLFEQY4;BANCO SAFRA S/A;LF;False;0;-;IPCA;100;5,42;252;25/11/2026;6;50000;False;PUBLICA;-
LFSC23006OD;BRITUBLFI1Q5;ITAU UNIBANCO HOLDING S.A;LFSC;False;0;-;DI;100;1,9;252;08/11/9999;7;350000;False;PUBLICA;-
LF002400HGM;-;ITAU UNIBANCO S.A.;LF;False;0;-;DI;102;-;-;15/07/2027;84;50000;False;PUBLICA;-
LF002600I1C;-;ITAU UNIBANCO S.A.;LF;False;0;-;DI;101;-;-;16/06/2028;1;50000;False;PUBLICA;-
LF0023000D7;-;ITAU UNIBANCO S.A.;LF;False;0;-;PREFIXADO;-;14,09;252;04/01/2033;1;248756;False;PUBLICA;-
LF002400SMO;-;BANCO SAFRA S/A;LF;False;0;-;IPCA;100;6,39;252;15/05/2045;1;50000;False;PUBLICA;-
LF002400PW0;-;ITAU UNIBANCO S.A.;LF;False;0;-;DI;102;-;-;15/10/2027;60;50000;False;PUBLICA;-
LF0021004O9;-;BANCO SAFRA S/A;LF;False;0;-;IPCA;100;5,37;252;15/04/2027;6;50000;False;PUBLICA;-
LF002400G3Y;BRBSAFLNNDE9;BANCO SAFRA S/A;LF;False;0;-;DI;100;0,45;252;20/08/2026;13;50000;False;PUBLICA;-
LF002400KAA;-;ITAU UNIBANCO S.A.;LF;False;0;-;DI;102;-;-;16/08/2027;374;50000;False;PUBLICA;-
LF002100HP1;-;BANCO SAFRA S/A;LF;False;0;-;IPCA;100;5,55;252;17/08/2026;6;50000;False;PUBLICA;-
LF0021001XJ;BRBSAFLTFIJ0;BANCO SAFRA S/A;LF;False;0;-;IPCA;100;3,33;252;17/08/2026;2;50000;False;PUBLICA;-
LFSN21003KV;BRBITALFIXA3;ITAU UNIBANCO HOLDING S.A;LFSN;False;0;-;DI;100;2;252;21/10/2031;1228;400000;False;PUBLICA;-
LF002600K4V;-;ITAU UNIBANCO S.A.;LF;False;0;-;PREFIXADO;-;14,07;252;03/07/2028;8;50000;False;PUBLICA;-
LF0021003EG;-;BANCO SAFRA S/A;LF;False;0;-;IPCA;100;3,96;252;17/08/2026;1;50000;False;PUBLICA;-
LF002100E8T;-;BANCO SAFRA S/A;LF;False;0;-;IPCA;100;5,02;252;17/08/2026;9;50000;False;PUBLICA;-
LFSC220028M;BRITUBLFI1H4;ITAU UNIBANCO HOLDING S.A;LFSC;False;0;-;DI;100;2,4;252;22/09/9999;1;300000;False;PUBLICA;-
LF002100DHE;-;BANCO SAFRA S/A;LF;False;0;-;IPCA;100;4,76;252;17/08/2026;8;50000;False;PUBLICA;-
LFSC22002C0;BRITUBLFI1I2;ITAU UNIBANCO HOLDING S.A;LFSC;False;0;-;DI;100;2,4;252;23/09/9999;13;300000;False;PUBLICA;-
LF002400KEP;-;ITAU UNIBANCO S.A.;LF;False;0;-;DI;102;-;-;16/08/2027;6021;50000;False;PUBLICA;-
LF002400V8N;-;ITAU UNIBANCO S.A.;LF;False;0;-;DI;102;-;-;16/11/2027;204;50000;False;PUBLICA;-
LF0022000JK;-;BANCO SAFRA S/A;LF;False;0;-;IPCA;100;5,78;252;17/08/2026;2;50000;False;PUBLICA;-
LFSN21003DM;BRBITALFIX23;ITAU UNIBANCO HOLDING S.A;LFSN;False;0;-;DI;100;2;252;21/10/2031;2;400000;False;PUBLICA;-
LF0025008LJ;-;ITAU UNIBANCO S.A.;LF;False;0;-;IPCA;100;8,54;252;29/03/2027;24;50000;False;PUBLICA;-
LF0025007YZ;-;ITAU UNIBANCO S.A.;LF;False;0;-;PREFIXADO;-;14,57;252;22/03/2027;62;50000;False;PUBLICA;-
LF002300O2W;-;ITAU UNIBANCO S.A.;LF;False;0;-;PREFIXADO;-;13,84;252;03/02/2028;1;80000;False;PUBLICA;-
LF002200KCN;-;BANCO SAFRA S/A;LF;False;0;-;IPCA;100;6,69;252;15/05/2035;4;50000;False;PUBLICA;-
LF002500PBG;BRTATOLFI011;BANCO TRATON BRASIL S.A.;LF;False;0;-;DI;100;0,48;252;27/11/2028;2000;50000;False;PUBLICA;-
LF002500RJE;-;ITAU UNIBANCO S.A.;LF;False;0;-;IPCA;100;8,21;252;18/12/2028;60;50000;False;PUBLICA;-
LF002100E7O;-;BANCO SAFRA S/A;LF;False;0;-;IPCA;100;4,98;252;17/08/2026;1;50000;False;PUBLICA;-
LF0024007HL;-;BANCO SAFRA S/A;LF;False;0;-;IPCA;100;5,24;252;08/03/2027;4;53750;False;PUBLICA;-
LF002100Q7H;-;BANCO SAFRA S/A;LF;False;0;-;IPCA;100;5,46;252;17/08/2026;1;92500;False;PUBLICA;-
LF0026007YV;-;ITAU UNIBANCO S.A.;LF;False;0;-;DI;101,5;-;-;17/03/2028;20;55950;False;PUBLICA;-
LF0021003VJ;-;BANCO SAFRA S/A;LF;False;0;-;IPCA;100;4,02;252;17/08/2026;4;50000;False;PUBLICA;-
LF002500CDM;-;ITAU UNIBANCO S.A.;LF;False;0;-;DI;101,5;-;-;13/05/2030;8;50000;False;PUBLICA;-
LF002400KAB;-;ITAU UNIBANCO S.A.;LF;False;0;-;DI;102;-;-;16/08/2027;25;57600;False;PUBLICA;-
LF002100N86;BRBSAFLFES69;BANCO SAFRA S/A;LF;False;0;-;IPCA;100;5,52;252;17/08/2026;1;70000;False;PUBLICA;-
LF0021005FS;BRDAYCLFNI71;BANCO DAYCOVAL S/A;LF;False;0;-;PREFIXADO;-;10,96;252;02/01/2029;824;50000;False;PUBLICA;-
LFSN25007EP;BRBVKWLFICR7;BCO VOLKSWAGEN S/A;LFSN;False;0;-;DI;100;1,05;252;26/06/2035;480;300000;False;PUBLICA;-
LF002100NF6;BRBSAFLFET76;BANCO SAFRA S/A;LF;False;0;-;IPCA;100;6,21;252;30/11/2026;1;50000;False;PUBLICA;-
LF002303BM2;-;ITAU UNIBANCO S.A.;LF;False;0;-;DI;103;-;-;18/05/2028;1;589709;False;PUBLICA;-
LF0021006LJ;-;BANCO SAFRA S/A;LF;False;0;-;IPCA;100;3,88;252;17/08/2026;1;70000;False;PUBLICA;-
LFSC220028L;BRITUBLFI1H4;ITAU UNIBANCO HOLDING S.A;LFSC;False;0;-;DI;100;2,4;252;22/09/9999;1;300000;False;PUBLICA;-
LF002600CH0;-;ITAU UNIBANCO S.A.;LF;False;0;-;DI;102;-;-;15/05/2029;321;50000;False;PUBLICA;-
LFSC22002CY;BRITUBLFI1I2;ITAU UNIBANCO HOLDING S.A;LFSC;False;0;-;DI;100;2,4;252;23/09/9999;1;300000;False;PUBLICA;-
LF0025000IK;-;ITAU UNIBANCO S.A.;LF;False;0;-;DI;102;-;-;17/01/2028;84;50095,24;False;PUBLICA;-
LF002600AJO;-;ITAU UNIBANCO S.A.;LF;False;0;-;DI;101,5;-;-;10/04/2030;6;50000;False;PUBLICA;-
LF002400K61;-;ITAU UNIBANCO S.A.;LF;False;0;-;DI;102;-;-;17/08/2027;236;50000;False;PUBLICA;-
LF002500PE4;-;ITAU UNIBANCO S.A.;LF;False;0;-;PREFIXADO;-;12,3;252;26/11/2027;1;300000;False;PUBLICA;-
LF0021008W2;-;BANCO SAFRA S/A;LF;False;0;-;IPCA;100;4,17;252;17/08/2026;1;50000;False;PUBLICA;-
LF002100N49;BRBSAFLFER45;BANCO SAFRA S/A;LF;False;0;-;IPCA;100;5,44;252;17/08/2026;1;50000;False;PUBLICA;-
LF002100DJH;-;BANCO SAFRA S/A;LF;False;0;-;IPCA;100;4,84;252;17/08/2026;1;50000;False;PUBLICA;-
LF0021001J6;BRBSAFLTFCW6;BANCO SAFRA S/A;LF;False;0;-;IPCA;100;3,17;252;17/08/2026;1;80000;False;PUBLICA;-
LF002100GCQ;-;BANCO SAFRA S/A;LF;False;0;-;IPCA;100;5,06;252;17/08/2026;1;50000;False;PUBLICA;-
LF002400L5X;BRBSAFLNNDP5;BANCO SAFRA S/A;LF;False;0;-;DI;100;0,4;252;08/01/2027;28;50000;False;PUBLICA;-
LF0021003GL;-;BANCO SAFRA S/A;LF;False;0;-;IPCA;100;3,93;252;17/08/2026;1;50000;False;PUBLICA;-
LF00210052G;-;BANCO SAFRA S/A;LF;False;0;-;IPCA;100;4,11;252;17/08/2026;6;50000;False;PUBLICA;-
LF002400JTS;-;ITAU UNIBANCO S.A.;LF;False;0;-;IPCA;100;6,53;252;26/07/2027;82;50163;False;PUBLICA;-
LFSN21003JR;BRBITALFIX80;ITAU UNIBANCO HOLDING S.A;LFSN;False;0;-;DI;100;2;252;22/09/2031;1;400000;False;PUBLICA;-
LFSN21003JZ;BRBITALFIX80;ITAU UNIBANCO HOLDING S.A;LFSN;False;0;-;DI;100;2;252;22/09/2031;117;400000;False;PUBLICA;-
LF002400RYW;-;BANCO SAFRA S/A;LF;False;0;-;PREFIXADO;-;11,87;252;11/10/2027;1;50000;False;PUBLICA;-
LF0022003LP;-;BANCO SAFRA S/A;LF;False;0;-;IPCA;100;5,64;252;17/08/2026;1;90000;False;PUBLICA;-
LF002400Q6O;-;ITAU UNIBANCO S.A.;LF;False;0;-;DI;102;-;-;15/10/2027;20;50000;False;PUBLICA;-
LF002200BMA;-;BANCO SAFRA S/A;LF;False;0;-;IPCA;100;6,07;252;15/05/2035;6;50000;False;PUBLICA;-
LFSN21003L1;BRBITALFIXA3;ITAU UNIBANCO HOLDING S.A;LFSN;False;0;-;DI;100;2;252;21/10/2031;133;400000;False;PUBLICA;-
LF002400M0Z;-;ITAU UNIBANCO S.A.;LF;False;0;-;IPCA;100;6,05;252;17/08/2026;1;500000;False;PUBLICA;-
LF002500A7C;-;ITAU UNIBANCO S.A.;LF;False;0;-;DI;101;-;-;15/05/2028;8;52250;False;PUBLICA;-
LFSN21003TJ;BRBITALFIXI6;ITAU UNIBANCO HOLDING S.A;LFSN;False;0;-;DI;100;2;252;22/09/2031;28;400000;False;PUBLICA;-
LF002305CQZ;-;BANCO SAFRA S/A;LF;False;0;-;PREFIXADO;-;11,43;252;21/07/2028;11;51363,636364;False;PUBLICA;-
LF002600LD2;-;ITAU UNIBANCO S.A.;LF;False;0;-;DI;101,5;-;-;15/08/2029;100;50000;False;PUBLICA;-
LF002100M6X;BRBSAFLFE398;BANCO SAFRA S/A;LF;False;0;-;IPCA;100;5,67;252;17/08/2026;5;80000;False;PUBLICA;-
LF002100CHX;-;BANCO SAFRA S/A;LF;False;0;-;IPCA;100;5,59;252;20/08/2026;2;52000;False;PUBLICA;-
LF0025006WC;-;ITAU UNIBANCO S.A.;LF;False;0;-;PREFIXADO;-;14,48;252;12/03/2027;1;50000;False;PUBLICA;-
LF0023000CC;BRBSAFLNN9H8;BANCO SAFRA S/A;LF;False;0;-;IPCA;100;7,03;252;04/01/2030;125;100000;False;PUBLICA;-
LF002200H05;-;BANCO SAFRA S/A;LF;False;0;-;IPCA;100;5,93;252;17/08/2026;1;50000;False;PUBLICA;-
LF002100FZ7;-;BANCO SAFRA S/A;LF;False;0;-;IPCA;100;5;252;17/08/2026;1;50000;False;PUBLICA;-
LF0021009LP;-;BANCO SAFRA S/A;LF;False;0;-;IPCA;100;4,69;252;14/07/2031;2;50000;False;PUBLICA;-
LF0021007OZ;-;BANCO SAFRA S/A;LF;False;0;-;IPCA;100;3,99;252;17/08/2026;1;60000;False;PUBLICA;-
LF0021007XU;-;BANCO SAFRA S/A;LF;False;0;-;IPCA;100;4,47;252;21/06/2027;1;50000;False;PUBLICA;-
LF0024011V2;-;ITAU UNIBANCO S.A.;LF;False;0;-;IPCA;100;7,99;252;10/12/2027;1;1000000;False;PUBLICA;-
LFSN21003MW;BRBITALFIXE5;ITAU UNIBANCO HOLDING S.A;LFSN;False;0;-;DI;100;2;252;21/10/2031;44;400000;False;PUBLICA;-
LF002100BO1;-;BANCO SAFRA S/A;LF;False;0;-;IPCA;100;4,69;252;17/08/2026;2;57500;False;PUBLICA;-
LF0026005XD;-;ITAU UNIBANCO S.A.;LF;False;0;-;DI;101;-;-;01/03/2028;6;50000;False;PUBLICA;-
LF002100HPT;-;BANCO SAFRA S/A;LF;False;0;-;IPCA;100;5,55;252;17/08/2026;3;50000;False;PUBLICA;-
LF002600F5U;-;ITAU UNIBANCO S.A.;LF;False;0;-;PREFIXADO;-;14,04;252;21/05/2029;10;50000;False;PUBLICA;-
LF002400N9Y;-;BANCO SAFRA S/A;LF;False;0;-;IPCA;100;6,12;252;28/08/2045;16;52187,5;False;PUBLICA;-
LF002307KJ7;BRCAMRLFI2L3;BANCO RCI BRASIL S.A.;LF;False;0;-;DI;100;1,25;252;02/10/2027;2896;50000;False;PUBLICA;-
LF0021002L5;-;BANCO SAFRA S/A;LF;False;0;-;IPCA;100;3,51;252;17/08/2026;2;50000;False;PUBLICA;-
LF002100I3C;-;BANCO SAFRA S/A;LF;False;0;-;IPCA;100;5,81;252;15/05/2035;1;69000;False;PUBLICA;-
LFSN21003K9;BRBITALFIX80;ITAU UNIBANCO HOLDING S.A;LFSN;False;0;-;DI;100;2;252;22/09/2031;6;400000;False;PUBLICA;-
LF002500QHA;-;ITAU UNIBANCO S.A.;LF;False;0;-;DI;101;-;-;09/12/2027;12;50000;False;PUBLICA;-
LF002200GX4;-;BANCO SAFRA S/A;LF;False;0;-;IPCA;100;6,1;252;15/05/2035;4;60250;False;PUBLICA;-
LF002306TU2;-;BANCO SAFRA S/A;LF;False;0;-;DI;103;-;-;08/09/2026;2;50000;False;PUBLICA;-
LF002200JFM;-;ITAU UNIBANCO S.A.;LF;False;0;-;IPCA;100;6,69;252;13/07/2027;15;50000;False;PUBLICA;-
LF002400PG1;-;ITAU UNIBANCO S.A.;LF;False;0;-;DI;102;-;-;15/10/2027;40;50000;False;PUBLICA;-
LF002300TY0;-;ITAU UNIBANCO S.A.;LF;False;0;-;PREFIXADO;-;14,24;252;11/02/2033;1;80000;False;PUBLICA;-
LF002100G6G;-;BANCO SAFRA S/A;LF;False;0;-;IPCA;100;5,17;252;17/08/2026;2;50000;False;PUBLICA;-
LF002400GW0;-;ITAU UNIBANCO S.A.;LF;False;0;-;DI;102;-;-;15/07/2027;32;50000;False;PUBLICA;-
LF00210096T;-;BANCO SAFRA S/A;LF;False;0;-;IPCA;100;4,15;252;17/08/2026;1;503000;False;PUBLICA;-
LF0022006QJ;-;BANCO SAFRA S/A;LF;False;0;-;IPCA;100;5,82;252;17/08/2026;10;50000;False;PUBLICA;-
LFSN21003MC;BRBITALFIXD7;ITAU UNIBANCO HOLDING S.A;LFSN;False;0;-;DI;100;2;252;21/10/2031;335;400000;False;PUBLICA;-
LF002100JXD;BRBSAFLTR9D7;BANCO SAFRA S/A;LF;False;0;-;IPCA;100;5,61;252;17/08/2026;1;60000;False;PUBLICA;-
LF002400MKW;-;BANCO SAFRA S/A;LF;False;0;-;IPCA;100;6,27;252;15/05/2029;4;50000;False;PUBLICA;-
LF0026009GQ;-;ITAU UNIBANCO S.A.;LF;False;0;-;DI;101,5;-;-;16/04/2029;10;50000;False;PUBLICA;-
LF002200LO7;-;ITAU UNIBANCO S.A.;LF;False;0;-;PREFIXADO;-;12,45;252;23/08/2027;1;100000;False;PUBLICA;-
LF0022001C1;-;BANCO SAFRA S/A;LF;False;0;-;IPCA;100;5,77;252;17/08/2026;2;50000;False;PUBLICA;-
LF00220002Y;-;BANCO SAFRA S/A;LF;False;0;-;IPCA;100;5,51;252;17/08/2026;2;50000;False;PUBLICA;-
LF002100J99;-;BANCO SAFRA S/A;LF;False;0;-;IPCA;100;6,01;252;17/08/2026;1;95000;False;PUBLICA;-
LF002500DY7;BRBCGMLFI9W7;BANCO GM S.A;LF;False;0;-;DI;100;0,6;252;08/06/2029;7000;50000;False;PUBLICA;-
LF002100DIQ;-;BANCO SAFRA S/A;LF;False;0;-;IPCA;100;4,84;252;17/08/2026;3;50000;False;PUBLICA;-
LFSC22002C2;BRITUBLFI1I2;ITAU UNIBANCO HOLDING S.A;LFSC;False;0;-;DI;100;2,4;252;23/09/9999;2;300000;False;PUBLICA;-
LF0021006L7;-;BANCO SAFRA S/A;LF;False;0;-;IPCA;100;3,88;252;17/08/2026;8;50000;False;PUBLICA;-
LF002400L5D;BRBSAFLNNDP5;BANCO SAFRA S/A;LF;False;0;-;DI;100;0,4;252;08/01/2027;659;50000;False;PUBLICA;-
LF002100GQK;-;BANCO SAFRA S/A;LF;False;0;-;IPCA;100;5,08;252;17/08/2026;4;52707,77;False;PUBLICA;-
LF0021005OD;-;BANCO SAFRA S/A;LF;False;0;-;IPCA;100;4,91;252;04/04/2031;1;187000;False;PUBLICA;-
LF002400IW2;-;ITAU UNIBANCO S.A.;LF;False;0;-;DI;102;-;-;16/08/2027;140;50000;False;PUBLICA;-
LF002100H85;-;BANCO SAFRA S/A;LF;False;0;-;IPCA;100;5,22;252;17/08/2026;1;68621,5;False;PUBLICA;-
LF002100H06;-;BANCO SAFRA S/A;LF;False;0;-;IPCA;100;5,15;252;17/08/2026;1;50000;False;PUBLICA;-
LF002100IPT;-;BANCO SAFRA S/A;LF;False;0;-;IPCA;100;5,85;252;17/08/2026;2;54000;False;PUBLICA;-
LF002100ELA;-;BANCO SAFRA S/A;LF;False;0;-;IPCA;100;4,92;252;17/08/2026;2;50000;False;PUBLICA;-
LF002400OQC;-;ITAU UNIBANCO S.A.;LF;False;0;-;DI;102;-;-;15/09/2027;50;52310;False;PUBLICA;-
LF0022000OR;-;BANCO SAFRA S/A;LF;False;0;-;IPCA;100;5,74;252;17/08/2026;4;50000;False;PUBLICA;-
LF0025007SR;-;ITAU UNIBANCO S.A.;LF;False;0;-;IPCA;100;8,21;252;19/03/2027;30;50000;False;PUBLICA;-
LF0021009LS;-;BANCO SAFRA S/A;LF;False;0;-;IPCA;100;4,18;252;17/08/2026;1;565000;False;PUBLICA;-
LF002600NJH;-;ITAU UNIBANCO S.A.;LF;False;0;-;DI;101,5;-;-;15/08/2029;80;50000;False;PUBLICA;-
LF0025002ZA;-;ITAU UNIBANCO S.A.;LF;False;0;-;PREFIXADO;-;15,05;252;22/01/2027;1;2000000;False;PUBLICA;-
LF002200FRD;-;BANCO SAFRA S/A;LF;False;0;-;IPCA;100;6,47;252;01/06/2027;10;50000;False;PUBLICA;-
LF0021005DG;-;BANCO SAFRA S/A;LF;False;0;-;IPCA;100;3,82;252;17/08/2026;2;50000;False;PUBLICA;-
LF00250089E;-;ITAU UNIBANCO S.A.;LF;False;0;-;IPCA;100;8,22;252;24/03/2027;4;102000;False;PUBLICA;-
LF002100G3T;-;BANCO SAFRA S/A;LF;False;0;-;IPCA;100;5,06;252;17/08/2026;1;50000;False;PUBLICA;-
LF002306224;-;BANCO BRADESCO S/A;LF;False;0;-;IPCA;100;4,53;252;14/08/2026;2;50000;False;PUBLICA;-
LF002400M0W;-;ITAU UNIBANCO S.A.;LF;False;0;-;DI;102;-;-;15/09/2027;44;50000;False;PUBLICA;-
LF002100BOU;-;BANCO SAFRA S/A;LF;False;0;-;IPCA;100;4,69;252;17/08/2026;3;50000;False;PUBLICA;-
LF002400PCZ;-;ITAU UNIBANCO S.A.;LF;False;0;-;DI;102;-;-;15/10/2027;560;50000;False;PUBLICA;-
LF002400MQ8;-;ITAU UNIBANCO S.A.;LF;False;0;-;DI;102;-;-;15/09/2027;3;50000;False;PUBLICA;-
LF0021001XB;BRBSAFLTFIC5;BANCO SAFRA S/A;LF;False;0;-;IPCA;100;4,21;252;15/05/2035;1;75000;False;PUBLICA;-
LF002200KPR;-;BANCO SAFRA S/A;LF;False;0;-;IPCA;100;6,06;252;18/08/2026;2;50000;False;PUBLICA;-
LF002200NBI;-;BANCO SAFRA S/A;LF;False;0;-;PREFIXADO;-;12,12;252;28/09/2028;1;51000;False;PUBLICA;-
LF0023046GR;-;ITAU UNIBANCO S.A.;LF;False;0;-;PREFIXADO;-;11,6;252;14/06/2028;2;50000;False;PUBLICA;-
LF0021001V5;BRBSAFLTFHQ7;BANCO SAFRA S/A;LF;False;0;-;IPCA;100;5,25;252;26/03/2031;160;250000;False;PUBLICA;-
LF002100DE2;-;BANCO SAFRA S/A;LF;False;0;-;IPCA;100;4,76;252;17/08/2026;10;50000;False;PUBLICA;-
LF002100HBR;-;BANCO SAFRA S/A;LF;False;0;-;IPCA;100;5,37;252;17/08/2026;20;50000;False;PUBLICA;-
LF0021001L0;BRBSAFLTFDE2;BANCO SAFRA S/A;LF;False;0;-;IPCA;100;3,32;252;17/08/2026;4;50000;False;PUBLICA;-
LF002400NN7;-;ITAU UNIBANCO S.A.;LF;False;0;-;DI;101,5;-;-;03/09/2026;392;50000;False;PUBLICA;-
LF0025001XD;-;ITAU UNIBANCO S.A.;LF;False;0;-;PREFIXADO;-;15,17;252;15/01/2030;1;100000;False;PUBLICA;-
LF002400P5E;-;ITAU UNIBANCO S.A.;LF;False;0;-;PREFIXADO;-;11,81;252;16/09/2026;5;74600;False;PUBLICA;-
LF0021001XA;BRBSAFLTFI80;BANCO SAFRA S/A;LF;False;0;-;IPCA;100;3,48;252;17/08/2026;1;97000;False;PUBLICA;-
LFSN21003DN;BRBITALFIX23;ITAU UNIBANCO HOLDING S.A;LFSN;False;0;-;DI;100;2;252;21/10/2031;3;400000;False;PUBLICA;-
LF002100901;-;BANCO SAFRA S/A;LF;False;0;-;IPCA;100;4,65;252;02/07/2031;4;50000;False;PUBLICA;-
LF002100OOE;-;BANCO SAFRA S/A;LF;False;0;-;IPCA;100;5,32;252;17/08/2026;10;50000;False;PUBLICA;-
LF002308J9N;BRBPANLFIBT7;BANCO PAN S/A;LF;False;0;-;PREFIXADO;-;11,17;252;22/12/2027;204;50000;False;PUBLICA;-
LF002600B6A;-;ITAU UNIBANCO S.A.;LF;False;0;-;DI;101,5;-;-;16/04/2029;3;50000;False;PUBLICA;-
LF002600L9T;-;ITAU UNIBANCO S.A.;LF;False;0;-;DI;101;-;-;15/08/2029;37;50000;False;PUBLICA;-
LF002400R71;-;BANCO SAFRA S/A;LF;False;0;-;IPCA;100;6,29;252;15/05/2045;2;61500;False;PUBLICA;-
LF002500LUF;BRCAMRLFI3J5;BANCO RCI BRASIL S.A.;LF;False;0;-;DI;100;0,45;252;26/09/2028;5600;50000;False;PUBLICA;-
LF0022006I4;-;BANCO SAFRA S/A;LF;False;0;-;IPCA;100;5,76;252;17/08/2026;2;58500;False;PUBLICA;-
LF002100DE3;-;BANCO SAFRA S/A;LF;False;0;-;IPCA;100;4,94;252;01/09/2031;1;50000;False;PUBLICA;-
LF002100F1K;-;BANCO SAFRA S/A;LF;False;0;-;IPCA;100;4,96;252;17/08/2026;2;60000;False;PUBLICA;-
LF002302307;-;ITAU UNIBANCO S.A.;LF;False;0;-;PREFIXADO;-;13,22;252;28/03/2028;1;65000;False;PUBLICA;-
LF002100ERC;-;BANCO SAFRA S/A;LF;False;0;-;IPCA;100;4,99;252;17/08/2026;1;50000;False;PUBLICA;-
LF002200JLM;-;BANCO SAFRA S/A;LF;False;0;-;PREFIXADO;-;13,44;252;15/07/2027;3;60000;False;PUBLICA;-
LF002100HC1;-;BANCO SAFRA S/A;LF;False;0;-;IPCA;100;5,37;252;17/08/2026;2;50000;False;PUBLICA;-
LF002200EU7;-;BANCO SAFRA S/A;LF;False;0;-;IPCA;100;5,89;252;17/08/2026;5;57200;False;PUBLICA;-
LF00210050U;-;BANCO SAFRA S/A;LF;False;0;-;IPCA;100;4,07;252;17/08/2026;10;50000;False;PUBLICA;-
LF0021007Y3;-;BANCO SAFRA S/A;LF;False;0;-;IPCA;100;4,22;252;17/08/2026;1;51445,46;False;PUBLICA;-
LF0021004OK;-;BANCO SAFRA S/A;LF;False;0;-;IPCA;100;4,17;252;17/08/2026;3;50000;False;PUBLICA;-
LF0023072BT;-;BANCO SAFRA S/A;LF;False;0;-;PREFIXADO;-;10,58;252;12/09/2029;5;54000;False;PUBLICA;-
LF002301XAN;-;ITAU UNIBANCO S.A.;LF;False;0;-;PREFIXADO;-;13,78;252;22/03/2028;1;2790000;False;PUBLICA;-
LF002400R72;-;BANCO SAFRA S/A;LF;False;0;-;IPCA;100;6,29;252;15/05/2045;5;55000;False;PUBLICA;-
LF002400LFI;-;ITAU UNIBANCO S.A.;LF;False;0;-;DI;102;-;-;16/08/2027;120;50000;False;PUBLICA;-
LF002400DKR;-;BANCO SAFRA S/A;LF;False;0;-;IPCA;100;6,03;252;15/05/2045;1;50000;False;PUBLICA;-
LF0021003IT;-;BANCO SAFRA S/A;LF;False;0;-;IPCA;100;4,01;252;17/08/2026;2;50000;False;PUBLICA;-
LF002200NMM;-;ITAU UNIBANCO S.A.;LF;False;0;-;IPCA;100;6,5;252;04/10/2032;1;20000000;False;PUBLICA;-
LF002600F5V;-;ITAU UNIBANCO S.A.;LF;False;0;-;PREFIXADO;-;13,93;252;22/05/2028;30;50000;False;PUBLICA;-
LF002400V3L;-;ITAU UNIBANCO S.A.;LF;False;0;-;DI;102;-;-;16/11/2027;80;50000;False;PUBLICA;-
LF002400F9H;-;BANCO SAFRA S/A;LF;False;0;-;IPCA;100;6,25;252;15/05/2045;6;50666,666667;False;PUBLICA;-
LF002100I3K;-;BANCO SAFRA S/A;LF;False;0;-;IPCA;100;5,74;252;17/08/2026;1;60000;False;PUBLICA;-
LF002200IVG;-;BANCO SAFRA S/A;LF;False;0;-;PREFIXADO;-;12,44;252;30/06/2027;10;50000;False;PUBLICA;-
LF002100IR2;-;BANCO SAFRA S/A;LF;False;0;-;IPCA;100;5,79;252;17/08/2026;4;50000;False;PUBLICA;-
LF002400HD6;-;ITAU UNIBANCO S.A.;LF;False;0;-;IPCA;100;7,02;252;28/06/2034;1;1301000;False;PUBLICA;-
LF0022006SH;-;BANCO SAFRA S/A;LF;False;0;-;IPCA;100;5,87;252;17/08/2026;1;50000;False;PUBLICA;-
LF002100G3S;-;BANCO SAFRA S/A;LF;False;0;-;IPCA;100;5,06;252;17/08/2026;1;51607,26;False;PUBLICA;-
LF002305CQY;-;BANCO SAFRA S/A;LF;False;0;-;DI;110,1;-;-;21/07/2028;25;50400;False;PUBLICA;-
LF0026004DS;-;ITAU UNIBANCO S.A.;LF;False;0;-;DI;101,5;-;-;15/02/2029;800;50000;False;PUBLICA;-
LF002100571;-;BANCO SAFRA S/A;LF;False;0;-;IPCA;100;3,95;252;17/08/2026;1;50000;False;PUBLICA;-
LF0025000CK;-;ITAU UNIBANCO S.A.;LF;False;0;-;DI;102;-;-;17/01/2028;134;50309,72;False;PUBLICA;-
LF0021006YO;-;BANCO SAFRA S/A;LF;False;0;-;IPCA;100;4,61;252;04/06/2031;1;60000;False;PUBLICA;-
LFSN21003M6;BRBITALFIXD7;ITAU UNIBANCO HOLDING S.A;LFSN;False;0;-;DI;100;2;252;21/10/2031;3;400000;False;PUBLICA;-
LF00220071K;-;BANCO SAFRA S/A;LF;False;0;-;IPCA;100;5,8;252;17/08/2026;4;56750;False;PUBLICA;-
LF0023031F5;-;BANCO SAFRA S/A;LF;False;0;-;PREFIXADO;-;11,95;252;03/05/2029;1;50000;False;PUBLICA;-
LF002200DMF;-;BANCO SAFRA S/A;LF;False;0;-;IPCA;100;5,97;252;17/08/2026;1;50000;False;PUBLICA;-
LFSN21001Q1;BRBSAFLFNNU0;BANCO SAFRA S/A;LFSN;False;0;-;IPCA;-;6;252;17/05/2028;1;1000000;False;PUBLICA;-
LF002400NMV;-;BANCO SAFRA S/A;LF;False;0;-;IPCA;100;6,48;252;15/05/2029;2;50000;False;PUBLICA;-
LF0021004DJ;-;BANCO SAFRA S/A;LF;False;0;-;IPCA;100;4,06;252;17/08/2026;1;50000;False;PUBLICA;-
LF002600L9S;-;ITAU UNIBANCO S.A.;LF;False;0;-;DI;101;-;-;15/08/2029;25;53840;False;PUBLICA;-
LF0021006JU;-;BANCO SAFRA S/A;LF;False;0;-;IPCA;100;3,93;252;17/08/2026;1;50000;False;PUBLICA;-
LF002100IJ3;-;BANCO SAFRA S/A;LF;False;0;-;IPCA;100;5,82;252;17/08/2026;2;52500;False;PUBLICA;-
LF002305VL1;-;ITAU UNIBANCO S.A.;LF;False;0;-;PREFIXADO;-;10,85;252;09/08/2027;4;67500;False;PUBLICA;-
LF002100BHP;-;BANCO SAFRA S/A;LF;False;0;-;IPCA;100;4,63;252;17/08/2026;4;50000;False;PUBLICA;-
LF002200KCJ;-;BANCO SAFRA S/A;LF;False;0;-;IPCA;100;6,54;252;27/07/2027;1;50000;False;PUBLICA;-
LF002100NEP;BRBSAFLFETB6;BANCO SAFRA S/A;LF;False;0;-;IPCA;100;5,56;252;17/08/2026;2;66500;False;PUBLICA;-
LF0021007J7;-;BANCO SAFRA S/A;LF;False;0;-;IPCA;100;4,55;252;15/05/2035;1;50000;False;PUBLICA;-
LF002400H0P;-;ITAU UNIBANCO S.A.;LF;False;0;-;DI;102;-;-;15/07/2027;100;50000;False;PUBLICA;-
LF00210089A;-;BANCO SAFRA S/A;LF;False;0;-;IPCA;100;4,28;252;17/08/2026;8;50000;False;PUBLICA;-
LF002600CPR;-;ITAU UNIBANCO S.A.;LF;False;0;-;DI;101;-;-;15/05/2029;58;51000;False;PUBLICA;-
LF002100HCZ;-;BANCO SAFRA S/A;LF;False;0;-;IPCA;100;5,61;252;15/05/2035;60;50000;False;PUBLICA;-
LF0021005IN;-;BANCO SAFRA S/A;LF;False;0;-;IPCA;100;3,88;252;17/08/2026;1;50000;False;PUBLICA;-
LF002200DHR;-;BANCO SAFRA S/A;LF;False;0;-;IPCA;100;5,77;252;17/08/2026;1;50000;False;PUBLICA;-
LF002400IRW;-;ITAU UNIBANCO S.A.;LF;False;0;-;DI;101,8;-;-;17/08/2026;44;52500;False;PUBLICA;-
LF0021002V9;-;BANCO SAFRA S/A;LF;False;0;-;IPCA;100;3,49;252;17/08/2026;1;50000;False;PUBLICA;-
LF002300SK6;-;ITAU UNIBANCO S.A.;LF;False;0;-;PREFIXADO;-;14,2;252;10/02/2033;1;54000;False;PUBLICA;-
LF002400OQD;-;ITAU UNIBANCO S.A.;LF;False;0;-;IPCA;100;6,49;252;11/09/2028;15;52000;False;PUBLICA;-
LF0021008MX;-;BANCO SAFRA S/A;LF;False;0;-;IPCA;100;4,64;252;25/06/2031;1;137000;False;PUBLICA;-
LF002100BF8;-;BANCO SAFRA S/A;LF;False;0;-;IPCA;100;4,63;252;17/08/2026;10;50000;False;PUBLICA;-
LF002100OH8;-;BANCO SAFRA S/A;LF;False;0;-;IPCA;100;5,32;252;17/08/2026;1;50000;False;PUBLICA;-
LF00210064T;-;BANCO SAFRA S/A;LF;False;0;-;IPCA;100;3,88;252;17/08/2026;4;50000;False;PUBLICA;-
LF002400N7B;-;BANCO SAFRA S/A;LF;False;0;-;IPCA;100;6,25;252;31/08/2026;6;54666,666667;False;PUBLICA;-
LF002400PVW;-;ITAU UNIBANCO S.A.;LF;False;0;-;DI;102;-;-;15/10/2027;930;50227,14;False;PUBLICA;-
LF0022007TR;-;BANCO SAFRA S/A;LF;False;0;-;IPCA;100;6,1;252;17/08/2026;6;50000;False;PUBLICA;-
LF0021008VB;-;BANCO SAFRA S/A;LF;False;0;-;IPCA;100;5;252;30/06/2027;5;50000;False;PUBLICA;-
LF002400LMW;-;BANCO SAFRA S/A;LF;False;0;-;IPCA;100;5,75;252;15/05/2035;10;50000;False;PUBLICA;-
LF0021009TX;-;BANCO SAFRA S/A;LF;False;0;-;IPCA;100;4,03;252;17/08/2026;2;73500;False;PUBLICA;-
LF002100PAH;-;BANCO SAFRA S/A;LF;False;0;-;IPCA;100;5,22;252;17/08/2026;1;50000;False;PUBLICA;-
LF002400LN9;-;ITAU UNIBANCO S.A.;LF;False;0;-;IPCA;100;6,09;252;14/08/2028;30;50000;False;PUBLICA;-
LF0021007GR;-;BANCO SAFRA S/A;LF;False;0;-;IPCA;100;4,82;252;11/06/2027;5;50000;False;PUBLICA;-
LF00210096O;-;BANCO SAFRA S/A;LF;False;0;-;IPCA;100;4,15;252;17/08/2026;7;50000;False;PUBLICA;-
LF00210044H;-;BANCO SAFRA S/A;LF;False;0;-;IPCA;100;3,99;252;17/08/2026;3;50000;False;PUBLICA;-
LF002306KFI;-;ITAU UNIBANCO S.A.;LF;False;0;-;IPCA;100;5,39;252;29/08/2028;10;63700;False;PUBLICA;-
LFSN21003KR;BRBITALFIXA3;ITAU UNIBANCO HOLDING S.A;LFSN;False;0;-;DI;100;2;252;21/10/2031;5;400000;False;PUBLICA;-
LF002400S48;-;BANCO SAFRA S/A;LF;False;0;-;IPCA;100;6,68;252;15/05/2029;3;57000;False;PUBLICA;-
LF002100MTZ;BRBSAFLFEQH9;BANCO SAFRA S/A;LF;False;0;-;IPCA;100;5,61;252;17/08/2026;10;99500;False;PUBLICA;-
LF0021009FD;-;BANCO SAFRA S/A;LF;False;0;-;IPCA;100;4,15;252;17/08/2026;8;55875;False;PUBLICA;-
LF002100NE8;BRBSAFLFETB6;BANCO SAFRA S/A;LF;False;0;-;IPCA;100;5,56;252;17/08/2026;2;65000;False;PUBLICA;-
LF002400PNE;-;BANCO SAFRA S/A;LF;False;0;-;IPCA;100;6,33;252;20/09/2045;3;50000;False;PUBLICA;-
LF002100MUL;BRBSAFLFEQ79;BANCO SAFRA S/A;LF;False;0;-;IPCA;100;5,51;252;17/08/2026;4;50000;False;PUBLICA;-
LF0021006P8;-;BANCO SAFRA S/A;LF;False;0;-;IPCA;100;4,02;252;17/08/2026;2;50000;False;PUBLICA;-
LF0021004LW;-;BANCO SAFRA S/A;LF;False;0;-;IPCA;100;4,23;252;17/08/2026;2;50000;False;PUBLICA;-
LF0023081TM;-;BANCO SAFRA S/A;LF;False;0;-;DI;106,75;-;-;03/11/2028;7;53285,714286;False;PUBLICA;-
LF002100CPW;-;BANCO SAFRA S/A;LF;False;0;-;IPCA;100;4,96;252;17/08/2026;3;50000;False;PUBLICA;-
LF002500DD8;-;ITAU UNIBANCO S.A.;LF;False;0;-;IPCA;100;8,42;252;31/05/2027;40;50000;False;PUBLICA;-
LF0025008RA;-;ITAU UNIBANCO S.A.;LF;False;0;-;IPCA;100;8,14;252;27/03/2030;1;5199000;False;PUBLICA;-
LF002400MYQ;-;ITAU UNIBANCO S.A.;LF;False;0;-;DI;102;-;-;17/09/2029;88;50000;False;PUBLICA;-
LF002200JZ9;-;BANCO SAFRA S/A;LF;False;0;-;IPCA;100;6,52;252;21/07/2027;1;50000;False;PUBLICA;-
LF00210068P;-;BANCO SAFRA S/A;LF;False;0;-;IPCA;100;3,87;252;17/08/2026;2;55000;False;PUBLICA;-
LF0021002IC;-;BANCO SAFRA S/A;LF;False;0;-;IPCA;100;3,4;252;17/08/2026;1;50000;False;PUBLICA;-
LF002100KNI;BRBSAFLTRCU5;BANCO SAFRA S/A;LF;False;0;-;IPCA;100;5,61;252;17/08/2026;1;50000;False;PUBLICA;-
LF002100G81;-;ITAU UNIBANCO S.A.;LF;False;0;-;PREFIXADO;-;11,78;252;06/10/2031;4;50000;False;PUBLICA;-
LF002100CQ2;-;BANCO SAFRA S/A;LF;False;0;-;IPCA;100;4,96;252;17/08/2026;1;50000;False;PUBLICA;-
LF002100HJL;-;BANCO SAFRA S/A;LF;False;0;-;IPCA;100;5,46;252;17/08/2026;3;56666,666667;False;PUBLICA;-
LF0021009NS;-;BANCO SAFRA S/A;LF;False;0;-;IPCA;100;4,14;252;17/08/2026;2;66500;False;PUBLICA;-
LF002500BMZ;-;ITAU UNIBANCO S.A.;LF;False;0;-;DI;101;-;-;30/04/2027;800;50000;False;PUBLICA;-
LF0021009LJ;-;BANCO SAFRA S/A;LF;False;0;-;IPCA;100;4,69;252;14/07/2031;1;80000;False;PUBLICA;-
LF002100FMY;-;BANCO SAFRA S/A;LF;False;0;-;IPCA;100;5,02;252;17/08/2026;5;50000;False;PUBLICA;-
LF0021009FO;-;BANCO SAFRA S/A;LF;False;0;-;IPCA;100;4,15;252;17/08/2026;2;60000;False;PUBLICA;-
LF002500BN4;-;ITAU UNIBANCO S.A.;LF;False;0;-;IPCA;100;8,17;252;29/04/2027;100;50000;False;PUBLICA;-
LF002400S51;-;ITAU UNIBANCO S.A.;LF;False;0;-;DI;102;-;-;15/10/2027;152;50026,72;False;PUBLICA;-
LF002100J9Y;-;BANCO SAFRA S/A;LF;False;0;-;IPCA;100;6,01;252;17/08/2026;1;50000;False;PUBLICA;-
LF002400MBX;-;BANCO SAFRA S/A;LF;False;0;-;IPCA;100;6,38;252;23/08/2027;30;50000;False;PUBLICA;-
LF002400IRB;-;ITAU UNIBANCO S.A.;LF;False;0;-;DI;102;-;-;15/07/2027;120;50000;False;PUBLICA;-
LF002100I2C;-;BANCO SAFRA S/A;LF;False;0;-;IPCA;100;5,74;252;17/08/2026;1;60000;False;PUBLICA;-
LF002400HU2;-;ITAU UNIBANCO S.A.;LF;False;0;-;DI;102;-;-;15/07/2027;376;50000;False;PUBLICA;-
LF002500573;-;ITAU UNIBANCO S.A.;LF;False;0;-;DI;101,8;-;-;15/03/2028;440;50000;False;PUBLICA;-
LF002400NX2;-;BANCO SAFRA S/A;LF;False;0;-;IPCA;100;6,06;252;08/09/2026;5;50000;False;PUBLICA;-
LF002100JY2;BRBSAFLTR9S5;BANCO SAFRA S/A;LF;False;0;-;IPCA;100;5,61;252;27/08/2026;1;50000;False;PUBLICA;-
LF002100FRQ;-;BANCO SAFRA S/A;LF;False;0;-;IPCA;100;5,05;252;17/08/2026;2;50000;False;PUBLICA;-
LF002200H02;-;BANCO SAFRA S/A;LF;False;0;-;IPCA;100;6,14;252;15/05/2035;5;50000;False;PUBLICA;-
LF0021009PX;-;BANCO SAFRA S/A;LF;False;0;-;IPCA;100;4,59;252;14/07/2031;1;70000;False;PUBLICA;-
LF002500AT6;-;BANCO SAFRA S/A;LF;False;0;-;PREFIXADO;-;14,05;252;25/10/2035;34;50000;False;PUBLICA;-
LF0023032NL;-;BANCO BRADESCO S/A;LF;False;0;-;IPCA;100;5,64;252;08/05/2028;3;50000;False;PUBLICA;-
LF002100NT9;BRBSAFLFEWR6;BANCO SAFRA S/A;LF;False;0;-;IPCA;100;5,52;252;17/08/2026;3;50000;False;PUBLICA;-
LF002400JZ3;-;ITAU UNIBANCO S.A.;LF;False;0;-;DI;102;-;-;16/08/2027;6;50000;False;PUBLICA;-
LF00240072T;-;BANCO BRADESCO S/A;LF;False;0;-;IPCA;100;5,86;252;15/05/2035;4;50000;False;PUBLICA;-
LF002100PTI;-;BANCO SAFRA S/A;LF;False;0;-;IPCA;100;5,43;252;17/08/2026;1;50000;False;PUBLICA;-
LF002100NJ1;BRBSAFLFEUF5;BANCO SAFRA S/A;LF;False;0;-;IPCA;100;5,47;252;17/08/2026;1;89000;False;PUBLICA;-
LF0022007TG;-;BANCO SAFRA S/A;LF;False;0;-;IPCA;100;6,6;252;17/03/2032;4;50000;False;PUBLICA;-
LF002400N6D;BRBSAFLNNDX9;BANCO SAFRA S/A;LF;False;0;-;IPCA;100;6,72;252;29/03/2027;2000;50000;False;PUBLICA;-
LF002100GRC;-;BANCO SAFRA S/A;LF;False;0;-;IPCA;100;5,41;252;15/05/2035;1;50000;False;PUBLICA;-
LF002400I7H;-;ITAU UNIBANCO S.A.;LF;False;0;-;DI;102;-;-;19/07/2027;20;50000;False;PUBLICA;-
LF002100JKU;BRBSAFLTR870;BANCO SAFRA S/A;LF;False;0;-;IPCA;100;5,85;252;17/08/2026;1;50000;False;PUBLICA;-
LFSN21001Q4;BRBSAFLFNNU0;BANCO SAFRA S/A;LFSN;False;0;-;IPCA;-;6;252;17/05/2028;3;1000000;False;PUBLICA;-
LF00240098B;-;ITAU UNIBANCO S.A.;LF;False;0;-;DI;103;-;-;15/04/2027;180;50000;False;PUBLICA;-
LF0022007HD;-;BANCO SAFRA S/A;LF;False;0;-;IPCA;100;6,1;252;17/08/2026;2;67500;False;PUBLICA;-
LF002100328;-;BANCO SAFRA S/A;LF;False;0;-;IPCA;100;3,66;252;17/08/2026;1;75000;False;PUBLICA;-
LF002100IXB;-;BANCO SAFRA S/A;LF;False;0;-;IPCA;100;5,89;252;17/08/2026;2;50000;False;PUBLICA;-
LF0021003C2;-;BANCO SAFRA S/A;LF;False;0;-;IPCA;100;3,95;252;17/08/2026;2;50000;False;PUBLICA;-
LFSN22006CV;BRABCBLFICX0;BANCO ABC BRASIL S.A.;LFSN;False;0;-;DI;100;2,35;252;19/05/2032;45;300000;False;PUBLICA;-
LF002308JJ4;-;ITAU UNIBANCO S.A.;LF;False;0;-;DI;104;-;-;27/12/2027;30;50000;False;PUBLICA;-
LF002301W2F;-;ITAU UNIBANCO S.A.;LF;False;0;-;PREFIXADO;-;14;252;22/03/2030;1;18000000;False;PUBLICA;-
LF002400SMM;-;BANCO SAFRA S/A;LF;False;0;-;IPCA;100;6,17;252;16/10/2026;3;50000;False;PUBLICA;-
LFSN21003T8;BRBITALFIXI6;ITAU UNIBANCO HOLDING S.A;LFSN;False;0;-;DI;100;2;252;22/09/2031;9;400000;False;PUBLICA;-
LF0022004YB;-;BANCO SAFRA S/A;LF;False;0;-;IPCA;100;5,69;252;17/08/2026;1;50000;False;PUBLICA;-
LF0022001V9;-;BANCO SAFRA S/A;LF;False;0;-;IPCA;100;5,63;252;17/08/2026;1;88000;False;PUBLICA;-
LF002400D9Z;-;BANCO SAFRA S/A;LF;False;0;-;IPCA;100;6,1;252;15/05/2045;20;50000;False;PUBLICA;-
LF002100BBL;-;BANCO SAFRA S/A;LF;False;0;-;IPCA;100;4,61;252;17/08/2026;1;50000;False;PUBLICA;-
LF0024009KL;-;BANCO SAFRA S/A;LF;False;0;-;PREFIXADO;-;10,94;252;05/04/2029;50;50000;False;PUBLICA;-
LF0021008MM;-;BANCO SAFRA S/A;LF;False;0;-;IPCA;100;4,17;252;17/08/2026;14;50285,714286;False;PUBLICA;-
LF002200FWI;-;BANCO SAFRA S/A;LF;False;0;-;IPCA;100;5,95;252;17/08/2026;2;50000;False;PUBLICA;-
LF0021002VC;-;BANCO SAFRA S/A;LF;False;0;-;IPCA;100;3,49;252;17/08/2026;1;50000;False;PUBLICA;-
LF002200N7B;BRCNHCLFI3A3;BANCO CNH INDUSTRIAL CAPITAL S/A;LF;False;0;-;DI;100;1,3;252;28/09/2026;4782;50000;False;PUBLICA;-
LF002100IRE;-;BANCO SAFRA S/A;LF;False;0;-;IPCA;100;5,85;252;17/08/2026;2;65000;False;PUBLICA;-
LF002100NJ7;BRBSAFLFEUF5;BANCO SAFRA S/A;LF;False;0;-;IPCA;100;5,47;252;17/08/2026;1;68000;False;PUBLICA;-
LF002400LN8;-;ITAU UNIBANCO S.A.;LF;False;0;-;DI;102;-;-;16/08/2027;25;50000;False;PUBLICA;-
LF002400H0Q;-;ITAU UNIBANCO S.A.;LF;False;0;-;DI;102;-;-;15/07/2027;200;50000;False;PUBLICA;-
LF0021001X4;BRBSAFLTFI80;BANCO SAFRA S/A;LF;False;0;-;IPCA;100;3,48;252;17/08/2026;1;60000;False;PUBLICA;-
LFSC220028J;BRITUBLFI1H4;ITAU UNIBANCO HOLDING S.A;LFSC;False;0;-;DI;100;2,4;252;22/09/9999;123;300000;False;PUBLICA;-
LF00230248Z;-;BANCO SAFRA S/A;LF;False;0;-;PREFIXADO;-;12,26;252;30/03/2027;3;53333,333334;False;PUBLICA;-
LF002100FNB;-;BANCO SAFRA S/A;LF;False;0;-;IPCA;100;5,02;252;17/08/2026;3;66000;False;PUBLICA;-
LF0021003G3;-;BANCO SAFRA S/A;LF;False;0;-;IPCA;100;4;252;17/08/2026;4;50000;False;PUBLICA;-
LF002100DQU;-;BANCO SAFRA S/A;LF;False;0;-;PREFIXADO;-;11,68;252;03/09/2026;100;50000;False;PUBLICA;-
LF002100939;-;BANCO SAFRA S/A;LF;False;0;-;IPCA;100;4,14;252;17/08/2026;1;50000;False;PUBLICA;-
LF002100F9Y;-;BANCO SAFRA S/A;LF;False;0;-;IPCA;100;5,01;252;17/08/2026;3;50000;False;PUBLICA;-
LF002200H06;-;BANCO SAFRA S/A;LF;False;0;-;IPCA;100;5,93;252;17/08/2026;1;50000;False;PUBLICA;-
LF0022004TG;BRBSAFLNN2L5;BANCO SAFRA S/A;LF;False;0;-;DI;100;1,35;252;10/02/2027;17;50000;False;PUBLICA;-
LF002100M6U;BRBSAFLFE3B5;BANCO SAFRA S/A;LF;False;0;-;IPCA;100;5,67;252;17/08/2026;4;50000;False;PUBLICA;-
LF002400PTS;-;BANCO SAFRA S/A;LF;False;0;-;DI;103,25;-;-;25/09/2026;255;50152,941177;False;PUBLICA;-
LF002400JW7;BRBSAFLNNDL4;BANCO SAFRA S/A;LF;False;0;-;DI;100;0,4;252;28/09/2026;85;50000;False;PUBLICA;-
LF0023000CD;BRBSAFLNN9H8;BANCO SAFRA S/A;LF;False;0;-;IPCA;100;7,03;252;04/01/2030;25;100000;False;PUBLICA;-
LFSN21003DV;BRBITALFIX23;ITAU UNIBANCO HOLDING S.A;LFSN;False;0;-;DI;100;2;252;21/10/2031;3;400000;False;PUBLICA;-
LF0021004LU;-;BANCO SAFRA S/A;LF;False;0;-;IPCA;100;4,23;252;17/08/2026;3;50000;False;PUBLICA;-
LF002100EYW;-;BANCO SAFRA S/A;LF;False;0;-;IPCA;100;4,88;252;17/08/2026;1;60000;False;PUBLICA;-
LF002100GXE;-;BANCO SAFRA S/A;LF;False;0;-;IPCA;100;5,05;252;17/08/2026;8;52125;False;PUBLICA;-
LF002400FHA;-;BANCO SAFRA S/A;LF;False;0;-;IPCA;100;6,39;252;15/05/2045;8;50000;False;PUBLICA;-
LF002200DCQ;-;BANCO SAFRA S/A;LF;False;0;-;IPCA;100;6,38;252;03/05/2032;2;50000;False;PUBLICA;-
LF002200F1O;-;BANCO SAFRA S/A;LF;False;0;-;IPCA;100;6,65;252;26/05/2032;1;65000;False;PUBLICA;-
LF002100PMK;-;BANCO SAFRA S/A;LF;False;0;-;IPCA;100;5,34;252;17/08/2026;1;56000;False;PUBLICA;-
LF00240098C;-;ITAU UNIBANCO S.A.;LF;False;0;-;IPCA;100;6,07;252;28/03/2034;1;500000;False;PUBLICA;-
LF002400PD5;-;ITAU UNIBANCO S.A.;LF;False;0;-;DI;102;-;-;15/10/2027;280;50000;False;PUBLICA;-
LF00210031E;-;BANCO SAFRA S/A;LF;False;0;-;PREFIXADO;-;9,87;252;19/03/2029;2;479000;False;PUBLICA;-
LF002100FFL;-;BANCO SAFRA S/A;LF;False;0;-;IPCA;100;5,05;252;17/08/2026;8;83125;False;PUBLICA;-
LF002400OQM;-;ITAU UNIBANCO S.A.;LF;False;0;-;DI;102;-;-;15/09/2027;20;50000;False;PUBLICA;-
LF00210065W;-;BANCO SAFRA S/A;LF;False;0;-;IPCA;100;3,87;252;17/08/2026;3;50000;False;PUBLICA;-
LF0025001XJ;-;ITAU UNIBANCO S.A.;LF;False;0;-;DI;102;-;-;17/01/2028;52;50920,57;False;PUBLICA;-
LF002305QN3;-;BANCO BRADESCO S/A;LF;False;0;-;DI;103,5;-;-;03/08/2028;1;50000;False;PUBLICA;-
LF002100F4P;-;BANCO SAFRA S/A;LF;False;0;-;IPCA;100;5,03;252;17/08/2026;2;50000;False;PUBLICA;-
LF002600GA1;-;ITAU UNIBANCO S.A.;LF;False;0;-;DI;101,5;-;-;29/05/2028;10;50000;False;PUBLICA;-
LF002301W28;-;BANCO SAFRA S/A;LF;False;0;-;PREFIXADO;-;13,9;252;20/03/2029;360;50000;False;PUBLICA;-
LF002200F6A;-;BANCO SAFRA S/A;LF;False;0;-;IPCA;100;5,88;252;17/08/2026;3;56000;False;PUBLICA;-
LF002308FEU;-;BANCO BMG S/A;LF;False;0;-;DI;100;1,5;252;13/11/2028;47;100360,52383;False;PUBLICA;-
LF0021006YL;-;BANCO SAFRA S/A;LF;False;0;-;IPCA;100;3,86;252;17/08/2026;5;50000;False;PUBLICA;-
LF002200H2R;-;BANCO SAFRA S/A;LF;False;0;-;PREFIXADO;-;13,31;252;17/06/2027;10;50000;False;PUBLICA;-
LF002100DDT;-;BANCO SAFRA S/A;LF;False;0;-;IPCA;100;4,76;252;17/08/2026;10;50000;False;PUBLICA;-
LF0025002D8;-;ITAU UNIBANCO S.A.;LF;False;0;-;PREFIXADO;-;14,98;252;18/01/2027;1;380000;False;PUBLICA;-
LFSN21003TG;BRBITALFIXI6;ITAU UNIBANCO HOLDING S.A;LFSN;False;0;-;DI;100;2;252;22/09/2031;979;400000;False;PUBLICA;-
LF002307U3L;-;BANCO SAFRA S/A;LF;False;0;-;PREFIXADO;-;11,96;252;11/10/2029;1;50000;False;PUBLICA;-
LF002600CPM;-;ITAU UNIBANCO S.A.;LF;False;0;-;DI;101,5;-;-;05/05/2028;34;50000;False;PUBLICA;-
LF0021004J8;-;BANCO SAFRA S/A;LF;False;0;-;IPCA;100;4,11;252;17/08/2026;4;60000;False;PUBLICA;-
LF0021001KW;BRBSAFLTFDB8;BANCO SAFRA S/A;LF;False;0;-;IPCA;100;3,32;252;17/08/2026;2;50000;False;PUBLICA;-
LF002100CI7;-;BANCO SAFRA S/A;LF;False;0;-;IPCA;100;5,1;252;20/08/2026;1;50000;False;PUBLICA;-
LF002100E2K;-;BANCO SAFRA S/A;LF;False;0;-;IPCA;100;5,12;252;17/08/2026;6;50000;False;PUBLICA;-
LF002100EWF;-;BANCO SAFRA S/A;LF;False;0;-;IPCA;100;4,9;252;21/09/2026;1;50000;False;PUBLICA;-
LF0025000IF;-;ITAU UNIBANCO S.A.;LF;False;0;-;DI;102;-;-;17/01/2028;165;50029,74;False;PUBLICA;-
LF00210057C;-;BANCO SAFRA S/A;LF;False;0;-;IPCA;100;3,95;252;17/08/2026;1;50000;False;PUBLICA;-
LF002400PIZ;-;ITAU UNIBANCO S.A.;LF;False;0;-;DI;102;-;-;15/10/2027;1200;51533,1;False;PUBLICA;-
LF002100EEF;-;BANCO SAFRA S/A;LF;False;0;-;IPCA;100;4,9;252;17/08/2026;2;50000;False;PUBLICA;-
LF002400T31;-;ITAU UNIBANCO S.A.;LF;False;0;-;DI;102;-;-;16/11/2027;100;50000;False;PUBLICA;-
LF0021007FE;-;BANCO SAFRA S/A;LF;False;0;-;IPCA;100;3,82;252;17/08/2026;2;50000;False;PUBLICA;-
LF002400UDB;-;ITAU UNIBANCO S.A.;LF;False;0;-;PREFIXADO;-;13,02;252;30/10/2026;22;50000;False;PUBLICA;-
LF0025008VK;-;ITAU UNIBANCO S.A.;LF;False;0;-;DI;101;-;-;17/04/2028;1000;50000;False;PUBLICA;-
LF0021006FT;-;BANCO SAFRA S/A;LF;False;0;-;IPCA;100;3,97;252;17/08/2026;9;50000;False;PUBLICA;-
LF002400SFT;-;ITAU UNIBANCO S.A.;LF;False;0;-;DI;101;-;-;13/10/2026;48;50000;False;PUBLICA;-
LF0024008VU;-;BANCO SAFRA S/A;LF;False;0;-;DI;105;-;-;27/03/2028;12;50000;False;PUBLICA;-
LF002100JFN;BRBSAFLTR771;BANCO SAFRA S/A;LF;False;0;-;IPCA;100;5,83;252;17/08/2026;11;51818,181819;False;PUBLICA;-
LF002400FHF;-;BANCO SAFRA S/A;LF;False;0;-;IPCA;100;6,76;252;14/06/2029;120;50000;False;PUBLICA;-
LFSN21003LZ;BRBITALFIXB1;ITAU UNIBANCO HOLDING S.A;LFSN;False;0;-;DI;100;2;252;22/09/2031;4;400000;False;PUBLICA;-
LFSN21003LF;BRBITALFIXA3;ITAU UNIBANCO HOLDING S.A;LFSN;False;0;-;DI;100;2;252;21/10/2031;22;400000;False;PUBLICA;-
LF002400T33;-;ITAU UNIBANCO S.A.;LF;False;0;-;DI;102;-;-;16/11/2027;103;50000;False;PUBLICA;-
LF0021006P6;-;BANCO SAFRA S/A;LF;False;0;-;IPCA;100;4,02;252;17/08/2026;2;50000;False;PUBLICA;-
LF002400N3L;-;ITAU UNIBANCO S.A.;LF;False;0;-;DI;102;-;-;15/09/2027;94;50000;False;PUBLICA;-
LF002100D7E;-;BANCO SAFRA S/A;LF;False;0;-;IPCA;100;4,92;252;27/08/2031;4;50000;False;PUBLICA;-
LF0025000CL;-;ITAU UNIBANCO S.A.;LF;False;0;-;PREFIXADO;-;15,21;252;07/01/2027;1;200000;False;PUBLICA;-
LF002100635;-;BANCO SAFRA S/A;LF;False;0;-;IPCA;100;4,75;252;12/05/2031;1;50000;False;PUBLICA;-
LF0025003G0;-;ITAU UNIBANCO S.A.;LF;False;0;-;IPCA;100;8,16;252;25/01/2027;1;2000000;False;PUBLICA;-
LF0022000K4;-;BANCO SAFRA S/A;LF;False;0;-;IPCA;100;5,78;252;17/08/2026;1;50000;False;PUBLICA;-
LF002400L5E;BRBSAFLNNDP5;BANCO SAFRA S/A;LF;False;0;-;DI;100;0,4;252;08/01/2027;184;50000;False;PUBLICA;-
LF002500S1I;-;ITAU UNIBANCO S.A.;LF;False;0;-;IPCA;100;7,45;252;24/12/2029;1;170000;False;PUBLICA;-
LF002500E1J;BRBMGBLFI7L5;BANCO BMG S/A;LF;False;0;-;DI;100;1,65;252;11/06/2028;370;50000;False;PUBLICA;-
LF002100OI0;-;BANCO SAFRA S/A;LF;False;0;-;IPCA;100;5,33;252;17/08/2026;10;91600;False;PUBLICA;-
LF002500ICB;-;BANCO SAFRA S/A;LF;False;0;-;PREFIXADO;-;12,8;252;15/08/2030;175;50000;False;PUBLICA;-
LF002100EQU;-;BANCO SAFRA S/A;LF;False;0;-;IPCA;100;5,36;252;21/09/2026;2;63000;False;PUBLICA;-
LF0025004MI;-;ITAU UNIBANCO S.A.;LF;False;0;-;PREFIXADO;-;14,88;252;11/02/2030;1;300000;False;PUBLICA;-
LF002400TJQ;BRRANDLFI029;BANCO RANDON S/A;LF;False;0;-;DI;100;0,6;252;03/11/2026;4000;50000;False;PUBLICA;-
LF0025008EI;-;ITAU UNIBANCO S.A.;LF;False;0;-;IPCA;100;8,01;252;24/03/2028;20;76150;False;PUBLICA;-
LF002100A3W;-;BANCO SAFRA S/A;LF;False;0;-;IPCA;100;5,14;252;26/07/2027;5;50000;False;PUBLICA;-
LF002500E5E;-;ITAU UNIBANCO S.A.;LF;False;0;-;IPCA;100;8,75;252;14/06/2027;20;50000;False;PUBLICA;-
LF002400P51;-;ITAU UNIBANCO S.A.;LF;False;0;-;DI;102;-;-;15/10/2027;8;50000;False;PUBLICA;-
LF0025005BR;-;ITAU UNIBANCO S.A.;LF;False;0;-;DI;101,8;-;-;15/03/2028;157;50038,22;False;PUBLICA;-
LF002400L5I;BRBSAFLNNDP5;BANCO SAFRA S/A;LF;False;0;-;DI;100;0,4;252;08/01/2027;26;50000;False;PUBLICA;-
LF002100GY2;-;BANCO SAFRA S/A;LF;False;0;-;IPCA;100;5,28;252;13/10/2027;30;50000;False;PUBLICA;-
LF002100IYI;-;BANCO SAFRA S/A;LF;False;0;-;IPCA;100;5,89;252;17/08/2026;10;50000;False;PUBLICA;-
LF002100OYC;-;BANCO SAFRA S/A;LF;False;0;-;IPCA;100;5,22;252;17/08/2026;4;50000;False;PUBLICA;-
LF002400DRM;-;BANCO SAFRA S/A;LF;False;0;-;IPCA;100;6,04;252;15/05/2045;2;50000;False;PUBLICA;-
LF002400I57;-;ITAU UNIBANCO S.A.;LF;False;0;-;DI;102;-;-;15/07/2027;697;50000;False;PUBLICA;-
LF002400EWO;-;BANCO SAFRA S/A;LF;False;0;-;IPCA;100;6,15;252;15/05/2029;4;50000;False;PUBLICA;-
LF0021002LS;-;BANCO SAFRA S/A;LF;False;0;-;PREFIXADO;-;9,42;252;10/03/2031;36;50000;False;PUBLICA;-
LF002200SXK;-;ITAU UNIBANCO S.A.;LF;False;0;-;IPCA;100;6,99;252;14/12/2032;1;2500000;False;PUBLICA;-
LF002200DAZ;-;BANCO SAFRA S/A;LF;False;0;-;IPCA;100;6,37;252;03/05/2032;1;50000;False;PUBLICA;-
LF002100NE5;BRBSAFLFET76;BANCO SAFRA S/A;LF;False;0;-;IPCA;100;6,21;252;30/11/2026;1;50000;False;PUBLICA;-
LF002200CT4;-;BANCO SAFRA S/A;LF;False;0;-;IPCA;100;6,28;252;28/04/2032;2;50000;False;PUBLICA;-
LF0021002I3;-;BANCO SAFRA S/A;LF;False;0;-;IPCA;100;4,14;252;10/03/2031;1;75000;False;PUBLICA;-
LF0021006ST;-;BANCO SAFRA S/A;LF;False;0;-;IPCA;100;4,55;252;15/05/2035;1;50000;False;PUBLICA;-
LF00210090K;-;BANCO SAFRA S/A;LF;False;0;-;IPCA;100;4,35;252;01/07/2027;1;50000;False;PUBLICA;-
LF002500C66;-;ITAU UNIBANCO S.A.;LF;False;0;-;DI;101,5;-;-;09/05/2030;2;61500;False;PUBLICA;-
LF002100BP0;-;BANCO SAFRA S/A;LF;False;0;-;IPCA;100;4,69;252;17/08/2026;16;50000;False;PUBLICA;-
LFSN21003CX;BRBITALFIX15;ITAU UNIBANCO HOLDING S.A;LFSN;False;0;-;DI;100;2;252;22/09/2031;15;400000;False;PUBLICA;-
LF0021006HL;-;BANCO SAFRA S/A;LF;False;0;-;IPCA;100;3,95;252;17/08/2026;2;50000;False;PUBLICA;-
LF002400QWE;-;BANCO SAFRA S/A;LF;False;0;-;IPCA;100;6,23;252;12/05/2045;3;61666,666667;False;PUBLICA;-
LF002400KPX;-;ITAU UNIBANCO S.A.;LF;False;0;-;DI;102;-;-;16/08/2027;636;50000;False;PUBLICA;-
LF002200MR6;-;BANCO SAFRA S/A;LF;False;0;-;PREFIXADO;-;11,99;252;13/09/2028;1;85000;False;PUBLICA;-
LF002400G3B;BRBSAFLNNDE9;BANCO SAFRA S/A;LF;False;0;-;DI;100;0,45;252;20/08/2026;8;50000;False;PUBLICA;-
LF002400LFG;-;BANCO SAFRA S/A;LF;False;0;-;IPCA;100;6,28;252;15/05/2029;1;80000;False;PUBLICA;-
LF00220005A;-;BANCO SAFRA S/A;LF;False;0;-;IPCA;100;5,59;252;17/08/2026;1;50000;False;PUBLICA;-
LF002100936;-;BANCO SAFRA S/A;LF;False;0;-;IPCA;100;4,14;252;17/08/2026;1;60000;False;PUBLICA;-
LF00250033Q;-;ITAU UNIBANCO S.A.;LF;False;0;-;IPCA;100;7,55;252;30/11/2026;1;1500000;False;PUBLICA;-
LF002301N3X;-;ITAU UNIBANCO S.A.;LF;False;0;-;DI;104,5;-;-;15/03/2027;1;800000;False;PUBLICA;-
LF002100D7C;-;BANCO SAFRA S/A;LF;False;0;-;IPCA;100;4,8;252;17/08/2026;2;50000;False;PUBLICA;-
LF002100GUZ;-;BANCO SAFRA S/A;LF;False;0;-;IPCA;100;5,07;252;17/08/2026;8;50000;False;PUBLICA;-
LF002100E3T;-;BANCO SAFRA S/A;LF;False;0;-;IPCA;100;5,12;252;17/08/2026;1;81000;False;PUBLICA;-
LF002100GCT;-;BANCO SAFRA S/A;LF;False;0;-;IPCA;100;5,06;252;17/08/2026;1;50000;False;PUBLICA;-
LF0021001ZE;BRBSAFLTFIV5;BANCO SAFRA S/A;LF;False;0;-;IPCA;100;3,68;252;17/08/2026;4;55000;False;PUBLICA;-
LF002400FCW;-;ITAU UNIBANCO S.A.;LF;False;0;-;IPCA;100;6,48;252;12/06/2028;1;2000000;False;PUBLICA;-
LF002400TJE;-;ITAU UNIBANCO S.A.;LF;False;0;-;DI;102;-;-;16/11/2027;32;52812,5;False;PUBLICA;-
LF0025004UE;-;ITAU UNIBANCO S.A.;LF;False;0;-;IPCA;100;7,97;252;13/02/2030;1;800000;False;PUBLICA;-
LF0025003MA;-;ITAU UNIBANCO S.A.;LF;False;0;-;DI;102;-;-;15/02/2028;826;50055,75;False;PUBLICA;-
LF002500A7I;-;ITAU UNIBANCO S.A.;LF;False;0;-;DI;101;-;-;15/05/2028;240;50000;False;PUBLICA;-
LF002400CU1;-;ITAU UNIBANCO S.A.;LF;False;0;-;PREFIXADO;-;11,6;252;15/05/2028;1;2000000;False;PUBLICA;-
LF002100ELL;-;BANCO SAFRA S/A;LF;False;0;-;IPCA;100;4,92;252;17/08/2026;1;50000;False;PUBLICA;-
LF002200JGI;-;BANCO SAFRA S/A;LF;False;0;-;IPCA;100;6,47;252;17/08/2026;8;50000;False;PUBLICA;-
LF002306Y02;-;BANCO BRADESCO S/A;LF;False;0;-;PREFIXADO;-;11,5;252;11/09/2027;260;50000;False;PUBLICA;-
LF002200A9R;-;BANCO SAFRA S/A;LF;False;0;-;IPCA;100;5,86;252;15/05/2035;10;50000;False;PUBLICA;-
LF002100G70;-;BANCO SAFRA S/A;LF;False;0;-;IPCA;100;5,17;252;17/08/2026;1;50000;False;PUBLICA;-
LF002400SMQ;-;BANCO SAFRA S/A;LF;False;0;-;IPCA;100;6,5;252;15/05/2040;1;90000;False;PUBLICA;-
LF002400PNH;-;BANCO SAFRA S/A;LF;False;0;-;PREFIXADO;-;12,38;252;22/09/2026;212;50155,660378;False;PUBLICA;-
LF00250069W;-;ITAU UNIBANCO S.A.;LF;False;0;-;IPCA;100;7,75;252;01/03/2027;1;50000;False;PUBLICA;-
LF002100I3H;-;BANCO SAFRA S/A;LF;False;0;-;IPCA;100;5,81;252;15/05/2035;1;50000;False;PUBLICA;-
LF002600CGZ;-;ITAU UNIBANCO S.A.;LF;False;0;-;DI;101,5;-;-;30/04/2029;2;70000;False;PUBLICA;-
LF002100K5M;BRBSAFLTRAN4;BANCO SAFRA S/A;LF;False;0;-;IPCA;100;5,68;252;17/08/2026;4;50000;False;PUBLICA;-
LF002400CJG;-;ITAU UNIBANCO S.A.;LF;False;0;-;IPCA;100;6,22;252;08/05/2034;1;1000000;False;PUBLICA;-
LF002200DOV;BRBSAFLNN674;BANCO SAFRA S/A;LF;False;0;-;IPCA;100;6,68;252;10/05/2027;40;50000;False;PUBLICA;-
LF0021003J0;-;BANCO SAFRA S/A;LF;False;0;-;IPCA;100;4,12;252;17/08/2026;1;50000;False;PUBLICA;-
LF002400P5I;-;ITAU UNIBANCO S.A.;LF;False;0;-;DI;102;-;-;15/10/2027;100;50000;False;PUBLICA;-
LF002100FJB;-;BANCO SAFRA S/A;LF;False;0;-;IPCA;100;5,01;252;17/08/2026;2;63500;False;PUBLICA;-
LF0021002NT;-;BANCO SAFRA S/A;LF;False;0;-;IPCA;100;3,5;252;17/08/2026;2;50000;False;PUBLICA;-
LF002100HQH;-;BANCO SAFRA S/A;LF;False;0;-;IPCA;100;5,69;252;17/08/2026;2;85500;False;PUBLICA;-
LF0021001XE;BRBSAFLTFID3;BANCO SAFRA S/A;LF;False;0;-;IPCA;100;3,48;252;17/08/2026;3;50000;False;PUBLICA;-
LF002100JWX;BRBSAFLTR987;BANCO SAFRA S/A;LF;False;0;-;IPCA;100;5,95;252;17/08/2026;1;50000;False;PUBLICA;-
LF002400GDL;-;ITAU UNIBANCO S.A.;LF;False;0;-;DI;102;-;-;15/06/2027;1210;50000;False;PUBLICA;-
LF002400FH8;-;BANCO SAFRA S/A;LF;False;0;-;IPCA;100;6,39;252;15/05/2045;1;80000;False;PUBLICA;-
LF002400PG0;-;ITAU UNIBANCO S.A.;LF;False;0;-;DI;102;-;-;15/10/2027;364;50054,95;False;PUBLICA;-
LF002100IJL;-;BANCO SAFRA S/A;LF;False;0;-;IPCA;100;5,8;252;17/08/2026;10;50000;False;PUBLICA;-
LF002302E9V;-;ITAU UNIBANCO S.A.;LF;False;0;-;PREFIXADO;-;13,48;252;13/04/2033;1;150000;False;PUBLICA;-
LF002100IQL;-;BANCO SAFRA S/A;LF;False;0;-;IPCA;100;5,85;252;17/08/2026;1;83000;False;PUBLICA;-
LF002100GDR;-;BANCO SAFRA S/A;LF;False;0;-;IPCA;100;5,06;252;17/08/2026;1;50000;False;PUBLICA;-
LF002600M5H;-;ITAU UNIBANCO S.A.;LF;False;0;-;IPCA;100;8,32;252;26/07/2030;5;50000;False;PUBLICA;-
LF002400F6P;-;BANCO SAFRA S/A;LF;False;0;-;IPCA;100;6,24;252;15/05/2045;2;50000;False;PUBLICA;-
LFSN21003E0;BRBITALFIX31;ITAU UNIBANCO HOLDING S.A;LFSN;False;0;-;DI;100;2;252;22/09/2031;1;400000;False;PUBLICA;-
LF0022009LP;-;BANCO SAFRA S/A;LF;False;0;-;IPCA;100;5,81;252;24/03/2032;2;50000;False;PUBLICA;-
LF0021001KQ;BRBSAFLTFD44;BANCO SAFRA S/A;LF;False;0;-;IPCA;100;3,26;252;17/08/2026;9;50000;False;PUBLICA;-
LF002400JYV;-;ITAU UNIBANCO S.A.;LF;False;0;-;DI;102;-;-;16/08/2027;22;51137;False;PUBLICA;-
LF002400JYN;-;BANCO SAFRA S/A;LF;False;0;-;DI;103,4;-;-;26/07/2027;20;50000;False;PUBLICA;-
LF0021004YZ;-;BANCO SAFRA S/A;LF;False;0;-;IPCA;100;4,09;252;17/08/2026;1;50000;False;PUBLICA;-
LFSN21003JM;BRBITALFIX80;ITAU UNIBANCO HOLDING S.A;LFSN;False;0;-;DI;100;2;252;22/09/2031;2;400000;False;PUBLICA;-
LF002500N9B;-;ITAU UNIBANCO S.A.;LF;False;0;-;DI;101,5;-;-;22/10/2029;2;50000;False;PUBLICA;-
LF002302E9N;-;ITAU UNIBANCO S.A.;LF;False;0;-;PREFIXADO;-;12,87;252;10/04/2028;1;50000;False;PUBLICA;-
LF002400L5N;BRBSAFLNNDP5;BANCO SAFRA S/A;LF;False;0;-;DI;100;0,4;252;08/01/2027;333;50000;False;PUBLICA;-
LF0021008MK;-;BANCO SAFRA S/A;LF;False;0;-;IPCA;100;4,17;252;17/08/2026;3;50000;False;PUBLICA;-
LF002100EBG;-;BANCO SAFRA S/A;LF;False;0;-;IPCA;100;4,87;252;15/09/2031;2;50000;False;PUBLICA;-
LF002400KEW;-;ITAU UNIBANCO S.A.;LF;False;0;-;DI;102;-;-;16/08/2027;40;59250;False;PUBLICA;-
LF002100EQW;-;BANCO SAFRA S/A;LF;False;0;-;IPCA;100;4,99;252;17/08/2026;12;51333,333334;False;PUBLICA;-
LF002100907;-;BANCO SAFRA S/A;LF;False;0;-;IPCA;100;4,18;252;17/08/2026;15;51933,333334;False;PUBLICA;-
LF0024001KB;-;ITAU UNIBANCO S.A.;LF;False;0;-;PREFIXADO;-;10,45;252;11/01/2028;1;125000;False;PUBLICA;-
LF0021004YU;-;BANCO SAFRA S/A;LF;False;0;-;IPCA;100;4,09;252;17/08/2026;1;50000;False;PUBLICA;-
LFSN22007M9;-;BANCO SAFRA S/A;LFSN;False;0;-;IPCA;-;7,4;252;02/06/2032;8;312500;False;PUBLICA;-
LF0024010X5;-;ITAU UNIBANCO S.A.;LF;False;0;-;DI;102;-;-;15/03/2029;10;79000;False;PUBLICA;-
LF002100DJE;-;BANCO SAFRA S/A;LF;False;0;-;IPCA;100;4,84;252;17/08/2026;1;50000;False;PUBLICA;-
LF002500FN8;-;ITAU UNIBANCO S.A.;LF;False;0;-;DI;101,5;-;-;04/07/2030;10;50000;False;PUBLICA;-
LF002400MQA;-;ITAU UNIBANCO S.A.;LF;False;0;-;DI;102;-;-;15/09/2027;8;50625;False;PUBLICA;-
LF002400KV0;BRBSAFLNNDM2;BANCO SAFRA S/A;LF;False;0;-;DI;100;0,4;252;05/10/2026;57;50000;False;PUBLICA;-
LF0021001KR;BRBSAFLTFD93;BANCO SAFRA S/A;LF;False;0;-;IPCA;100;3,31;252;17/08/2026;30;50000;False;PUBLICA;-
LF002500A3W;-;ITAU UNIBANCO S.A.;LF;False;0;-;IPCA;100;8,7;252;14/04/2027;20;50000;False;PUBLICA;-
LF0021007I5;BRBSAFLFNO96;BANCO SAFRA S/A;LF;False;0;-;IPCA;100;5,1;252;14/06/2027;44;50000;False;PUBLICA;-
LF002302YN8;-;ITAU UNIBANCO S.A.;LF;False;0;-;DI;104,5;-;-;15/05/2028;210;50000;False;PUBLICA;-
LF0021004ON;-;BANCO SAFRA S/A;LF;False;0;-;IPCA;100;4,58;252;15/05/2035;1;50000;False;PUBLICA;-
LF0021008W4;-;BANCO SAFRA S/A;LF;False;0;-;IPCA;100;4,67;252;30/06/2031;1;50000;False;PUBLICA;-
LF002500AK3;-;BANCO SAFRA S/A;LF;False;0;-;PREFIXADO;-;14,2;252;19/10/2035;4;50000;False;PUBLICA;-
LFSN21003LG;BRBITALFIXA3;ITAU UNIBANCO HOLDING S.A;LFSN;False;0;-;DI;100;2;252;21/10/2031;7;400000;False;PUBLICA;-
LF002100JER;BRBSAFLTR6Z6;BANCO SAFRA S/A;LF;False;0;-;IPCA;100;5,83;252;17/08/2026;10;50400;False;PUBLICA;-
LFSC23006SI;BRITUBLFI1R3;ITAU UNIBANCO HOLDING S.A;LFSC;False;0;-;DI;100;1,9;252;09/11/9999;11;350000;False;PUBLICA;-
LF002400YJ0;-;ITAU UNIBANCO S.A.;LF;False;0;-;DI;102;-;-;28/11/2029;2000;50000;False;PUBLICA;-
LF0025009Y7;-;ITAU UNIBANCO S.A.;LF;False;0;-;IPCA;100;8,44;252;12/04/2027;1;50000;False;PUBLICA;-
LF002100H8D;-;BANCO SAFRA S/A;LF;False;0;-;IPCA;100;5,22;252;17/08/2026;1;50800;False;PUBLICA;-
LFSN21003TI;BRBITALFIXI6;ITAU UNIBANCO HOLDING S.A;LFSN;False;0;-;DI;100;2;252;22/09/2031;25;400000;False;PUBLICA;-
LF002500RE0;-;ITAU UNIBANCO S.A.;LF;False;0;-;IPCA;100;8,31;252;17/12/2027;100;50000;False;PUBLICA;-
LF002400F2E;-;BANCO SAFRA S/A;LF;False;0;-;IPCA;100;6,46;252;09/06/2027;200;50000;False;PUBLICA;-
LF002300V6F;-;ITAU UNIBANCO S.A.;LF;False;0;-;PREFIXADO;-;14,5;252;14/02/2033;1;300000;False;PUBLICA;-
LF002600L9U;-;ITAU UNIBANCO S.A.;LF;False;0;-;DI;101;-;-;15/08/2029;26;50000;False;PUBLICA;-
LF0023080QL;-;BANCO SAFRA S/A;LF;False;0;-;PREFIXADO;-;12,23;252;31/10/2029;26;50000;False;PUBLICA;-
LF002100CHQ;-;BANCO SAFRA S/A;LF;False;0;-;IPCA;100;5,1;252;17/08/2026;1;50000;False;PUBLICA;-
LF002200DUB;-;BANCO SAFRA S/A;LF;False;0;-;IPCA;100;6;252;17/08/2026;1;63900;False;PUBLICA;-
LF0021005OS;-;BANCO SAFRA S/A;LF;False;0;-;PREFIXADO;-;9,63;252;04/05/2027;2;50000;False;PUBLICA;-
LF002100CHY;-;BANCO SAFRA S/A;LF;False;0;-;IPCA;100;5,1;252;20/08/2026;1;50000;False;PUBLICA;-
LF002400S4U;-;ITAU UNIBANCO S.A.;LF;False;0;-;DI;102;-;-;15/10/2027;146;50000;False;PUBLICA;-
LF0021003EB;-;BANCO SAFRA S/A;LF;False;0;-;IPCA;100;3,92;252;17/08/2026;6;50000;False;PUBLICA;-
LF002400E3S;-;ITAU UNIBANCO S.A.;LF;False;0;-;DI;102,35;-;-;23/05/2028;64;60500;False;PUBLICA;-
LF0025008ST;BRBFIALFI6D2;BANCO STELLANTIS S.A.;LF;False;0;-;DI;100;0,55;252;28/03/2028;13590;50000;False;PUBLICA;-
LF002200LFL;-;ITAU UNIBANCO S.A.;LF;False;0;-;DI;107;-;-;17/08/2027;800;50000;False;PUBLICA;-
LF002500C61;-;ITAU UNIBANCO S.A.;LF;False;0;-;IPCA;100;7,98;252;10/05/2027;16;50000;False;PUBLICA;-
LF0021004FC;-;BANCO SAFRA S/A;LF;False;0;-;IPCA;100;4;252;17/08/2026;10;50000;False;PUBLICA;-
LFSC22002D6;BRITUBLFI1J0;ITAU UNIBANCO HOLDING S.A;LFSC;False;0;-;DI;100;2,4;252;26/09/9999;51;300000;False;PUBLICA;-
LF002100IR9;-;BANCO SAFRA S/A;LF;False;0;-;IPCA;100;5,79;252;17/08/2026;1;60000;False;PUBLICA;-
LF0021002X2;-;BANCO SAFRA S/A;LF;False;0;-;IPCA;100;3,62;252;17/08/2026;1;58000;False;PUBLICA;-
LF00250053B;-;ITAU UNIBANCO S.A.;LF;False;0;-;DI;101,8;-;-;15/03/2028;20;57000;False;PUBLICA;-
LF002400UGU;-;ITAU UNIBANCO S.A.;LF;False;0;-;DI;102;-;-;16/11/2027;60;50000;False;PUBLICA;-
LF002100GQO;-;BANCO SAFRA S/A;LF;False;0;-;IPCA;100;5,08;252;17/08/2026;4;50000;False;PUBLICA;-
LFSN2500B9L;BRBCXPLFIO50;BANCO XP S/A;LFSN;False;0;-;DI;100;1;252;25/09/2035;3358;350000;False;PUBLICA;-
LF002400EKN;-;BANCO SAFRA S/A;LF;False;0;-;IPCA;100;6,14;252;15/05/2045;2;50000;False;PUBLICA;-
LF0021008LU;-;BANCO SAFRA S/A;LF;False;0;-;IPCA;100;4,17;252;17/08/2026;1;81000;False;PUBLICA;-
LF002100M8D;BRBSAFLFEAK7;BANCO SAFRA S/A;LF;False;0;-;IPCA;100;5,6;252;17/08/2026;1;70000;False;PUBLICA;-
LF002400J5B;-;BANCO SAFRA S/A;LF;False;0;-;DI;104;-;-;20/07/2027;3101;50010,641729;False;PUBLICA;-
LF002100I24;-;BANCO SAFRA S/A;LF;False;0;-;IPCA;100;5,74;252;17/08/2026;2;50000;False;PUBLICA;-
LF0021002BB;-;BANCO SAFRA S/A;LF;False;0;-;IPCA;100;3,46;252;17/08/2026;1;75000;False;PUBLICA;-
LF002400IRG;-;ITAU UNIBANCO S.A.;LF;False;0;-;DI;102;-;-;15/07/2027;16;60312,5;False;PUBLICA;-
LF0022007TH;-;BANCO SAFRA S/A;LF;False;0;-;IPCA;100;6,1;252;17/08/2026;1;80000;False;PUBLICA;-
LF002308J9G;BRBPANLFIBW1;BANCO PAN S/A;LF;False;0;-;DI;100;1,2;252;24/12/2029;205;50000;False;PUBLICA;-
LF002100CFR;-;BANCO SAFRA S/A;LF;False;0;-;IPCA;100;5,17;252;17/08/2026;1;50000;False;PUBLICA;-
LF0021009O4;-;BANCO SAFRA S/A;LF;False;0;-;IPCA;100;4,14;252;17/08/2026;4;50000;False;PUBLICA;-
LF0026008E2;-;ITAU UNIBANCO S.A.;LF;False;0;-;DI;101;-;-;16/04/2029;500;50000;False;PUBLICA;-
LF002100IYD;-;BANCO SAFRA S/A;LF;False;0;-;IPCA;100;5,97;252;17/08/2026;10;50000;False;PUBLICA;-
LF002600KEO;-;ITAU UNIBANCO S.A.;LF;False;0;-;IPCA;100;8,67;252;06/07/2028;4;50000;False;PUBLICA;-
LF00240041S;BRBSAFLNNC33;BANCO SAFRA S/A;LF;False;0;-;IPCA;100;5,96;252;02/02/2027;200;150000;False;PUBLICA;-
LF002100HD6;-;BANCO SAFRA S/A;LF;False;0;-;IPCA;100;5,36;252;18/08/2026;2;56849,255;False;PUBLICA;-
LF00250053A;-;ITAU UNIBANCO S.A.;LF;False;0;-;DI;101;-;-;17/02/2027;1;50000;False;PUBLICA;-
LF0024011V3;-;ITAU UNIBANCO S.A.;LF;False;0;-;IPCA;100;8,01;252;10/12/2026;1;1000000;False;PUBLICA;-
LF002400QM6;-;ITAU UNIBANCO S.A.;LF;False;0;-;DI;102;-;-;15/10/2029;36;50000;False;PUBLICA;-
LF002100GXI;-;BANCO SAFRA S/A;LF;False;0;-;IPCA;100;5,05;252;17/08/2026;40;50375;False;PUBLICA;-
LF0025006JT;-;ITAU UNIBANCO S.A.;LF;False;0;-;IPCA;100;7,56;252;06/03/2029;30;50000;False;PUBLICA;-
LF002600JC8;BRBCXPLFIQB8;BANCO XP S/A;LF;False;0;-;DI;100;0,43;252;05/07/2028;18776;50000;False;PUBLICA;-
LF0021002WZ;-;BANCO SAFRA S/A;LF;False;0;-;IPCA;100;4,19;252;15/05/2035;4;55000;False;PUBLICA;-
LF002400UD5;-;ITAU UNIBANCO S.A.;LF;False;0;-;DI;102;-;-;16/11/2027;49;50815,75;False;PUBLICA;-
LF00210050S;BRBSAFLNNHH3;BANCO SAFRA S/A;LF;False;0;-;IPCA;100;4,09;252;17/08/2026;32;96718,75;False;PUBLICA;-
LF002500CL3;-;ITAU UNIBANCO S.A.;LF;False;0;-;DI;101,8;-;-;15/05/2028;2295;50000;False;PUBLICA;-
LF002100FMW;-;BANCO SAFRA S/A;LF;False;0;-;IPCA;100;5,01;252;17/08/2026;1;50000;False;PUBLICA;-
LF0021004DK;-;BANCO SAFRA S/A;LF;False;0;-;IPCA;100;4,09;252;17/08/2026;1;80000;False;PUBLICA;-
LF002400OKP;-;ITAU UNIBANCO S.A.;LF;False;0;-;DI;102;-;-;15/09/2027;169;50116,26;False;PUBLICA;-
LF002100F2K;-;BANCO SAFRA S/A;LF;False;0;-;IPCA;100;4,96;252;17/08/2026;1;50000;False;PUBLICA;-
LF002400DX8;-;BANCO SAFRA S/A;LF;False;0;-;IPCA;100;6,05;252;15/05/2045;1;50000;False;PUBLICA;-
LF0021009NR;-;BANCO SAFRA S/A;LF;False;0;-;IPCA;100;4,14;252;17/08/2026;2;50000;False;PUBLICA;-
LF002500971;-;ITAU UNIBANCO S.A.;LF;False;0;-;DI;101;-;-;17/04/2028;299;50044;False;PUBLICA;-
LF0023000C0;-;ITAU UNIBANCO S.A.;LF;False;0;-;PREFIXADO;-;13,66;252;05/01/2033;1;560000;False;PUBLICA;-
LF002100IYP;-;BANCO SAFRA S/A;LF;False;0;-;IPCA;100;5,89;252;17/08/2026;1;50000;False;PUBLICA;-
LF002400NN9;-;ITAU UNIBANCO S.A.;LF;False;0;-;DI;102;-;-;15/09/2027;1032;50000;False;PUBLICA;-
LF002400P34;BRBSAFLNNE31;BANCO SAFRA S/A;LF;False;0;-;DI;100;0,35;252;16/03/2027;40;50000;False;PUBLICA;-
LF002100CFJ;-;BANCO SAFRA S/A;LF;False;0;-;IPCA;100;5,16;252;17/08/2026;2;50000;False;PUBLICA;-
LFSN21003M4;BRBITALFIXD7;ITAU UNIBANCO HOLDING S.A;LFSN;False;0;-;DI;100;2;252;21/10/2031;4;400000;False;PUBLICA;-
LF002400J17;-;BANCO SAFRA S/A;LF;False;0;-;IPCA;100;5,66;252;17/07/2028;3;50000;False;PUBLICA;-
LF002100JKJ;BRBSAFLTR7X9;BANCO SAFRA S/A;LF;False;0;-;IPCA;100;5,95;252;17/08/2026;10;50000;False;PUBLICA;-
LF002100FZX;-;BANCO SAFRA S/A;LF;False;0;-;IPCA;100;5,28;252;15/05/2035;1;50000;False;PUBLICA;-
LF002100JWY;BRBSAFLTR9C9;BANCO SAFRA S/A;LF;False;0;-;IPCA;100;5,61;252;17/08/2026;2;71950;False;PUBLICA;-
LFSN21003NU;BRBITALFIXG0;ITAU UNIBANCO HOLDING S.A;LFSN;False;0;-;DI;100;2;252;21/10/2031;2;400000;False;PUBLICA;-
LF002100PMM;-;BANCO SAFRA S/A;LF;False;0;-;IPCA;100;5,34;252;17/08/2026;1;99000;False;PUBLICA;-
LF002400RZ6;-;ITAU UNIBANCO S.A.;LF;False;0;-;DI;102;-;-;15/10/2027;20;50000;False;PUBLICA;-
LF0025006DC;-;ITAU UNIBANCO S.A.;LF;False;0;-;PREFIXADO;-;15;252;06/03/2028;60;50000;False;PUBLICA;-
LF002500Q2X;BRBVKWLFID56;BCO VOLKSWAGEN S/A;LF;False;0;-;DI;100;0,36;252;13/12/2027;5002;50000;False;PUBLICA;-
LF002100HI1;-;BANCO SAFRA S/A;LF;False;0;-;IPCA;100;5,46;252;17/08/2026;8;50000;False;PUBLICA;-
LF0022000MR;-;BANCO SAFRA S/A;LF;False;0;-;IPCA;100;5,76;252;17/08/2026;4;50000;False;PUBLICA;-
LF002600MZI;-;ITAU UNIBANCO S.A.;LF;False;0;-;DI;101,5;-;-;15/08/2029;39;50000;False;PUBLICA;-
LFSN22009LK;-;BANCO SAFRA S/A;LFSN;False;0;-;IPCA;-;8;252;22/07/2032;1;300000;False;PUBLICA;-
LF002400NN0;-;ITAU UNIBANCO S.A.;LF;False;0;-;DI;102;-;-;15/09/2027;23;50000;False;PUBLICA;-
LF002600ADT;-;ITAU UNIBANCO S.A.;LF;False;0;-;DI;101,5;-;-;16/04/2029;40;50000;False;PUBLICA;-
LFSN2500AND;BRSFSALFI5U7;BANCO SOFISA S/A;LFSN;False;0;-;DI;100;2;252;11/09/2035;379;300000;False;PUBLICA;-
LF002100EQT;-;BANCO SAFRA S/A;LF;False;0;-;IPCA;100;4,99;252;17/08/2026;1;50000;False;PUBLICA;-
LF002200882;-;BANCO SAFRA S/A;LF;False;0;-;IPCA;100;6,54;252;18/03/2032;5;50000;False;PUBLICA;-
LF002400OQK;-;ITAU UNIBANCO S.A.;LF;False;0;-;DI;102;-;-;15/09/2027;20;50000;False;PUBLICA;-
LF002400L5F;BRBSAFLNNDP5;BANCO SAFRA S/A;LF;False;0;-;DI;100;0,4;252;08/01/2027;142;50000;False;PUBLICA;-
LF0021001MI;BRBSAFLTFDV6;BANCO SAFRA S/A;LF;False;0;-;IPCA;100;3,36;252;17/08/2026;4;55000;False;PUBLICA;-
LFSN21007Q6;-;BANCO SAFRA S/A;LFSN;False;0;-;IPCA;-;6,25;252;10/11/2028;5;368600;False;PUBLICA;-
LF002500P2R;-;ITAU UNIBANCO S.A.;LF;False;0;-;DI;101,5;-;-;24/11/2027;100;50000;False;PUBLICA;-
LFSC2500BF5;BRBCXPLFIQR4;BANCO XP S/A;LFSC;False;0;-;DI;100;1,65;252;04/11/9999;2323;300000;False;PUBLICA;-
LF002200DN0;-;BANCO SAFRA S/A;LF;False;0;-;IPCA;100;5,97;252;17/08/2026;6;50000;False;PUBLICA;-
LF0021009LF;-;BANCO SAFRA S/A;LF;False;0;-;IPCA;100;4,18;252;17/08/2026;1;50000;False;PUBLICA;-
LF002400SFO;-;BANCO SAFRA S/A;LF;False;0;-;IPCA;100;6,57;252;15/05/2029;1;50000;False;PUBLICA;-
LFSC23006OH;BRITUBLFI1Q5;ITAU UNIBANCO HOLDING S.A;LFSC;False;0;-;DI;100;1,9;252;08/11/9999;4;350000;False;PUBLICA;-
LF0021009RN;-;ITAU UNIBANCO S.A.;LF;False;0;-;DI;106;-;-;26/08/2026;1;1300000;False;PUBLICA;-
LF002100CFZ;-;BANCO SAFRA S/A;LF;False;0;-;IPCA;100;5,74;252;19/08/2026;100;50000;False;PUBLICA;-
LF002400752;-;BANCO SAFRA S/A;LF;False;0;-;IPCA;100;6;252;01/03/2027;11;52909,09091;False;PUBLICA;-
LFSN21003IB;BRBITALFIX72;ITAU UNIBANCO HOLDING S.A;LFSN;False;0;-;DI;100;2;252;22/09/2031;5;400000;False;PUBLICA;-
LF002100GJ7;-;BANCO SAFRA S/A;LF;False;0;-;IPCA;100;5,04;252;17/08/2026;3;54333,333334;False;PUBLICA;-
LF002100O5V;-;BANCO SAFRA S/A;LF;False;0;-;IPCA;100;5,29;252;17/08/2026;5;50000;False;PUBLICA;-
LF002400NCP;-;ITAU UNIBANCO S.A.;LF;False;0;-;DI;102;-;-;31/08/2026;480;50000;False;PUBLICA;-
LF0021005IG;-;BANCO SAFRA S/A;LF;False;0;-;IPCA;100;3,88;252;17/08/2026;1;50000;False;PUBLICA;-
LF002400DX4;-;BANCO SAFRA S/A;LF;False;0;-;PREFIXADO;-;11,39;252;24/05/2027;2;50000;False;PUBLICA;-
LFSN21003IG;BRBITALFIX64;ITAU UNIBANCO HOLDING S.A;LFSN;False;0;-;DI;100;2;252;21/10/2031;1;400000;False;PUBLICA;-
LFSN21003JJ;BRBITALFIX80;ITAU UNIBANCO HOLDING S.A;LFSN;False;0;-;DI;100;2;252;22/09/2031;1;400000;False;PUBLICA;-
LF002307VYA;BRBCGMLFI990;BANCO GM S.A;LF;False;0;-;DI;100;1;252;19/10/2026;3638;50000;False;PUBLICA;-
LF002100MH2;BRBSAFLFEMO4;BANCO SAFRA S/A;LF;False;0;-;IPCA;100;5,57;252;17/08/2026;6;50000;False;PUBLICA;-
LF002100HK0;-;BANCO SAFRA S/A;LF;False;0;-;IPCA;100;5,46;252;17/08/2026;2;92500;False;PUBLICA;-
LF002100HQW;-;BANCO SAFRA S/A;LF;False;0;-;IPCA;100;5,55;252;17/08/2026;1;50000;False;PUBLICA;-
LF002100F5B;-;BANCO SAFRA S/A;LF;False;0;-;IPCA;100;5,03;252;17/08/2026;1;54000;False;PUBLICA;-
LFSN21003JB;BRBITALFIX72;ITAU UNIBANCO HOLDING S.A;LFSN;False;0;-;DI;100;2;252;22/09/2031;2;400000;False;PUBLICA;-
LF002100GXP;-;BANCO SAFRA S/A;LF;False;0;-;IPCA;100;5,05;252;17/08/2026;16;50000;False;PUBLICA;-
LF002500537;-;ITAU UNIBANCO S.A.;LF;False;0;-;DI;101,5;-;-;15/03/2028;21;50720,41;False;PUBLICA;-
LFSN21003LH;BRBITALFIXA3;ITAU UNIBANCO HOLDING S.A;LFSN;False;0;-;DI;100;2;252;21/10/2031;1;400000;False;PUBLICA;-
LF002100HQK;-;BANCO SAFRA S/A;LF;False;0;-;IPCA;100;5,69;252;17/08/2026;2;50000;False;PUBLICA;-
LF0023081TL;-;BANCO SAFRA S/A;LF;False;0;-;PREFIXADO;-;11,75;252;03/11/2028;6;50000;False;PUBLICA;-
LF00210093B;-;BANCO SAFRA S/A;LF;False;0;-;IPCA;100;4,14;252;17/08/2026;1;66000;False;PUBLICA;-
LF0021001L2;BRBSAFLTFDD4;BANCO SAFRA S/A;LF;False;0;-;PREFIXADO;-;3,76;252;22/02/2027;1;90000;False;PUBLICA;-
LF002400OQU;-;ITAU UNIBANCO S.A.;LF;False;0;-;DI;102;-;-;15/09/2027;53;50922,79;False;PUBLICA;-
LF002400IS1;-;ITAU UNIBANCO S.A.;LF;False;0;-;DI;102;-;-;15/07/2027;40;50000;False;PUBLICA;-
LF0021003G2;-;BANCO SAFRA S/A;LF;False;0;-;IPCA;100;4,8;252;24/03/2031;1;75000;False;PUBLICA;-
LF0026002EP;-;ITAU UNIBANCO S.A.;LF;False;0;-;DI;101,5;-;-;24/01/2028;250;55240;False;PUBLICA;-
LF002100NFJ;BRBSAFLFETB6;BANCO SAFRA S/A;LF;False;0;-;IPCA;100;5,56;252;17/08/2026;2;50000;False;PUBLICA;-
LFSC22002CI;BRITUBLFI1I2;ITAU UNIBANCO HOLDING S.A;LFSC;False;0;-;DI;100;2,4;252;23/09/9999;12;300000;False;PUBLICA;-
LF0022009LD;-;BANCO SAFRA S/A;LF;False;0;-;IPCA;100;5,81;252;24/03/2032;1;50000;False;PUBLICA;-
LF0021002KY;-;BANCO SAFRA S/A;LF;False;0;-;IPCA;100;4,27;252;15/05/2035;10;50000;False;PUBLICA;-
LFSN21001PZ;BRBSAFLFNNU0;BANCO SAFRA S/A;LFSN;False;0;-;IPCA;-;6;252;17/05/2028;9;1000000;False;PUBLICA;-
LF002400DKO;-;BANCO SAFRA S/A;LF;False;0;-;IPCA;100;6,03;252;15/05/2045;10;50000;False;PUBLICA;-
LF0024013CS;-;ITAU UNIBANCO S.A.;LF;False;0;-;DI;102;-;-;16/08/2027;67;64138,01;False;PUBLICA;-
LFSN22006CI;BRABCBLFICQ4;BANCO ABC BRASIL S.A.;LFSN;False;0;-;DI;100;2,35;252;19/05/2032;1;400000;False;PUBLICA;-
LF002500ICC;-;BANCO SAFRA S/A;LF;False;0;-;PREFIXADO;-;13;252;15/08/2032;175;50000;False;PUBLICA;-
LF002200GDZ;-;BANCO SAFRA S/A;LF;False;0;-;IPCA;100;5,86;252;17/08/2026;1;50000;False;PUBLICA;-
LF002600M9Y;-;ITAU UNIBANCO S.A.;LF;False;0;-;PREFIXADO;-;13,77;252;28/07/2028;1;449093;False;PUBLICA;-
LF002400N3N;-;BANCO SAFRA S/A;LF;False;0;-;PREFIXADO;-;11,13;252;27/08/2029;4;57500;False;PUBLICA;-
LF002400IRR;-;ITAU UNIBANCO S.A.;LF;False;0;-;DI;102;-;-;15/07/2027;120;50000;False;PUBLICA;-
LF0024012BI;BRBITALFN3T2;ITAU UNIBANCO S.A.;LF;False;0;-;IPCA;100;8,08;252;14/12/2026;1;5000000;False;PUBLICA;-
LF002308DWE;BRAGBKLFI3V6;BANCO AGIBANK S/A;LF;False;0;-;PREFIXADO;-;12,36;252;07/12/2026;227;50000;False;PUBLICA;-
LF002400M05;-;BANCO SAFRA S/A;LF;False;0;-;IPCA;100;6,09;252;15/08/2035;2;50000;False;PUBLICA;-
LF002400L1K;-;ITAU UNIBANCO S.A.;LF;False;0;-;DI;102;-;-;16/08/2027;100;50000;False;PUBLICA;-
LF002400N39;-;ITAU UNIBANCO S.A.;LF;False;0;-;DI;101,8;-;-;15/09/2026;37;50000;False;PUBLICA;-
LF0021009LG;-;BANCO SAFRA S/A;LF;False;0;-;IPCA;100;4,18;252;17/08/2026;3;54000;False;PUBLICA;-
LF002600I79;-;ITAU UNIBANCO S.A.;LF;False;0;-;PREFIXADO;-;14,18;252;16/06/2028;3;50000;False;PUBLICA;-
LF002400N3V;-;BANCO SAFRA S/A;LF;False;0;-;IPCA;100;5,84;252;15/05/2035;4;50000;False;PUBLICA;-
LF002200R0S;-;BANCO SAFRA S/A;LF;False;0;-;PREFIXADO;-;14,1;252;28/11/2029;1;90000;False;PUBLICA;-
LF0021005IM;-;BANCO SAFRA S/A;LF;False;0;-;IPCA;100;3,88;252;17/08/2026;1;50000;False;PUBLICA;-
LF002100HPR;-;BANCO SAFRA S/A;LF;False;0;-;IPCA;100;5,55;252;17/08/2026;1;50000;False;PUBLICA;-
LFSN21003LY;BRBITALFIXB1;ITAU UNIBANCO HOLDING S.A;LFSN;False;0;-;DI;100;2;252;22/09/2031;10;400000;False;PUBLICA;-
LF002600ES1;-;ITAU UNIBANCO S.A.;LF;False;0;-;DI;102;-;-;05/06/2029;30;50000;False;PUBLICA;-
LF002200CXU;-;BANCO SAFRA S/A;LF;False;0;-;IPCA;100;6,24;252;29/04/2032;1;78000;False;PUBLICA;-
LF002100F94;-;BANCO SAFRA S/A;LF;False;0;-;IPCA;100;5,01;252;17/08/2026;5;50000;False;PUBLICA;-
LF0022000N0;-;BANCO SAFRA S/A;LF;False;0;-;IPCA;100;5,76;252;17/08/2026;1;50000;False;PUBLICA;-
LF002100ICZ;-;BANCO SAFRA S/A;LF;False;0;-;IPCA;100;6;252;26/10/2026;8;50000;False;PUBLICA;-
LFSC23006SN;BRITUBLFI1R3;ITAU UNIBANCO HOLDING S.A;LFSC;False;0;-;DI;100;1,9;252;09/11/9999;1;350000;False;PUBLICA;-
LFSN21001PP;BRBSAFLFNNR6;BANCO SAFRA S/A;LFSN;False;0;-;DI;100;2;252;15/05/2028;1;300000;False;PUBLICA;-
LF002400IW0;-;ITAU UNIBANCO S.A.;LF;False;0;-;DI;102;-;-;16/08/2027;460;50000;False;PUBLICA;-
LF002100AWT;-;BANCO SAFRA S/A;LF;False;0;-;IPCA;100;4,56;252;17/08/2026;2;50000;False;PUBLICA;-
LF002400MQC;-;ITAU UNIBANCO S.A.;LF;False;0;-;DI;102;-;-;15/09/2027;700;50000;False;PUBLICA;-
LF002100IIY;-;BANCO SAFRA S/A;LF;False;0;-;IPCA;100;5,88;252;15/05/2035;5;55000;False;PUBLICA;-
LF002200CXM;-;BANCO SAFRA S/A;LF;False;0;-;IPCA;100;5,74;252;17/08/2026;4;50000;False;PUBLICA;-
LF002400LTB;-;ITAU UNIBANCO S.A.;LF;False;0;-;DI;102;-;-;16/08/2027;32;50000;False;PUBLICA;-
LF002100CC8;-;BANCO SAFRA S/A;LF;False;0;-;IPCA;100;4,93;252;17/08/2026;1;65000;False;PUBLICA;-
LF002200H2X;-;BANCO SAFRA S/A;LF;False;0;-;IPCA;100;6,5;252;17/06/2027;1;5109000;False;PUBLICA;-
LF002400PG2;-;ITAU UNIBANCO S.A.;LF;False;0;-;DI;102;-;-;15/10/2027;200;50000;False;PUBLICA;-
LF002400HCJ;-;BANCO SAFRA S/A;LF;False;0;-;IPCA;100;6,34;252;15/05/2045;1;61600;False;PUBLICA;-
LF002400R7K;-;ITAU UNIBANCO S.A.;LF;False;0;-;DI;102;-;-;15/10/2027;64;50000;False;PUBLICA;-
LF0022003FV;-;BANCO SAFRA S/A;LF;False;0;-;IPCA;100;5,65;252;17/08/2026;6;54666,666667;False;PUBLICA;-
LF002200CXL;-;BANCO SAFRA S/A;LF;False;0;-;IPCA;100;5,74;252;17/08/2026;2;50000;False;PUBLICA;-
LF002301UO5;-;ITAU UNIBANCO S.A.;LF;False;0;-;PREFIXADO;-;14,14;252;23/03/2033;1;51000;False;PUBLICA;-
LF002100933;-;BANCO SAFRA S/A;LF;False;0;-;IPCA;100;4,14;252;17/08/2026;1;99904;False;PUBLICA;-
LF002400L50;BRBSAFLNNDP5;BANCO SAFRA S/A;LF;False;0;-;DI;100;0,4;252;08/01/2027;442;50000;False;PUBLICA;-
LF002600FD6;-;ITAU UNIBANCO S.A.;LF;False;0;-;DI;101;-;-;21/05/2029;2;50000;False;PUBLICA;-
LF002100934;-;BANCO SAFRA S/A;LF;False;0;-;IPCA;100;4,14;252;17/08/2026;1;50000;False;PUBLICA;-
LF0021004UA;-;BANCO SAFRA S/A;LF;False;0;-;IPCA;100;4,13;252;17/08/2026;1;50000;False;PUBLICA;-
LF0021005IU;-;BANCO SAFRA S/A;LF;False;0;-;IPCA;100;4,53;252;15/05/2035;1;50000;False;PUBLICA;-
LF002400OTM;-;ITAU UNIBANCO S.A.;LF;False;0;-;DI;102;-;-;15/09/2027;2962;50014,57;False;PUBLICA;-
LF0023088BN;-;BANCO SAFRA S/A;LF;False;0;-;DI;103,25;-;-;20/11/2029;2;50000;False;PUBLICA;-
LF002600MX8;-;ITAU UNIBANCO S.A.;LF;False;0;-;DI;101;-;-;15/08/2029;10;50000;False;PUBLICA;-
LF00210047T;-;BANCO SAFRA S/A;LF;False;0;-;IPCA;100;5,04;252;06/04/2027;20;50000;False;PUBLICA;-
LF002100CTN;-;BANCO SAFRA S/A;LF;False;0;-;IPCA;100;4,93;252;17/08/2026;1;50000;False;PUBLICA;-
LF002100222;-;BANCO SAFRA S/A;LF;False;0;-;IPCA;100;3,78;252;17/08/2026;1;51000;False;PUBLICA;-
LF002100EEE;-;BANCO SAFRA S/A;LF;False;0;-;IPCA;100;4,93;252;17/08/2026;4;50000;False;PUBLICA;-
LF002400YJ1;-;ITAU UNIBANCO S.A.;LF;False;0;-;DI;102;-;-;30/11/2026;40;50375;False;PUBLICA;-
LF0022009LN;-;BANCO SAFRA S/A;LF;False;0;-;IPCA;100;5,4;252;25/03/2027;3;50000;False;PUBLICA;-
LF00210040Y;-;BANCO SAFRA S/A;LF;False;0;-;IPCA;100;3,93;252;17/08/2026;2;50000;False;PUBLICA;-
LF002301VWM;-;BANCO SAFRA S/A;LF;False;0;-;IPCA;100;5,6;252;22/03/2027;1;50000;False;PUBLICA;-
LFSN21003K2;BRBITALFIX80;ITAU UNIBANCO HOLDING S.A;LFSN;False;0;-;DI;100;2;252;22/09/2031;19;400000;False;PUBLICA;-
LF002400L1J;-;ITAU UNIBANCO S.A.;LF;False;0;-;DI;102;-;-;16/08/2027;61;50000;False;PUBLICA;-
LF0024010X7;BRBITALFN3R6;ITAU UNIBANCO S.A.;LF;False;0;-;IPCA;100;7,86;252;07/12/2026;1;6000000;False;PUBLICA;-
LF002400JYL;-;BANCO SAFRA S/A;LF;False;0;-;PREFIXADO;-;12,43;252;26/07/2027;7;55571,428572;False;PUBLICA;-
LF002600JIQ;-;ITAU UNIBANCO S.A.;LF;False;0;-;PREFIXADO;-;14,22;252;26/06/2029;4;50000;False;PUBLICA;-
LF002600MXD;-;ITAU UNIBANCO S.A.;LF;False;0;-;DI;101,5;-;-;15/08/2029;8;58750;False;PUBLICA;-
LF002100E3P;-;BANCO SAFRA S/A;LF;False;0;-;IPCA;100;5,12;252;17/08/2026;25;50000;False;PUBLICA;-
LF002400UH6;-;ITAU UNIBANCO S.A.;LF;False;0;-;DI;102;-;-;16/11/2027;28;51677,7;False;PUBLICA;-
LF002100IQN;-;BANCO SAFRA S/A;LF;False;0;-;IPCA;100;5,79;252;17/08/2026;23;50304,347827;False;PUBLICA;-
LF002400UHA;-;ITAU UNIBANCO S.A.;LF;False;0;-;DI;102;-;-;16/11/2027;3000;50000;False;PUBLICA;-
LF002100FJC;-;BANCO SAFRA S/A;LF;False;0;-;IPCA;100;5,01;252;17/08/2026;1;50000;False;PUBLICA;-
LF002100G2N;-;BANCO SAFRA S/A;LF;False;0;-;IPCA;100;5,8;252;05/10/2027;4;477812;False;PUBLICA;-
LF0021006FK;-;BANCO SAFRA S/A;LF;False;0;-;IPCA;100;3,97;252;17/08/2026;4;85000;False;PUBLICA;-
LF0021001L9;BRBSAFLTFDH5;BANCO SAFRA S/A;LF;False;0;-;IPCA;100;4,45;252;26/02/2031;9;50000;False;PUBLICA;-
LF00250056Y;-;ITAU UNIBANCO S.A.;LF;False;0;-;DI;101,8;-;-;15/03/2028;400;50000;False;PUBLICA;-
LF002100DQV;-;BANCO SAFRA S/A;LF;False;0;-;IPCA;100;4,87;252;17/08/2026;1;50000;False;PUBLICA;-
LF002400GVZ;-;ITAU UNIBANCO S.A.;LF;False;0;-;DI;102;-;-;15/07/2027;71;50000;False;PUBLICA;-
LF0022000A9;-;BANCO SAFRA S/A;LF;False;0;-;IPCA;100;5,75;252;17/08/2026;2;50000;False;PUBLICA;-
LF0025005ES;-;ITAU UNIBANCO S.A.;LF;False;0;-;IPCA;100;7,69;252;22/02/2027;1;1000000;False;PUBLICA;-
LF002100GDV;-;BANCO SAFRA S/A;LF;False;0;-;IPCA;100;5,06;252;17/08/2026;1;50000;False;PUBLICA;-
LF0026004GD;-;ITAU UNIBANCO S.A.;LF;False;0;-;DI;101,5;-;-;11/02/2030;250;86956;False;PUBLICA;-
LF0024008ZL;-;BANCO SAFRA S/A;LF;False;0;-;DI;105;-;-;29/03/2027;51;50450,980393;False;PUBLICA;-
LF0021009U4;-;BANCO SAFRA S/A;LF;False;0;-;IPCA;100;4,03;252;17/08/2026;1;50000;False;PUBLICA;-
LF002100HOU;-;BANCO SAFRA S/A;LF;False;0;-;IPCA;100;5,44;252;21/10/2026;1;50000;False;PUBLICA;-
LF002400YSB;BRBITALFN3N5;ITAU UNIBANCO S.A.;LF;False;0;-;IPCA;100;7,45;252;04/12/2028;1;2000000;False;PUBLICA;-
LF002400P4V;-;BANCO SAFRA S/A;LF;False;0;-;IPCA;100;6,41;252;15/05/2029;1;54000;False;PUBLICA;-
LF0021007YN;-;BANCO SAFRA S/A;LF;False;0;-;IPCA;100;4,22;252;17/08/2026;1;70000;False;PUBLICA;-
LF002600L97;-;ITAU UNIBANCO S.A.;LF;False;0;-;DI;101;-;-;15/08/2028;88;50000;False;PUBLICA;-
LF002100IXQ;-;BANCO SAFRA S/A;LF;False;0;-;IPCA;100;5,89;252;17/08/2026;4;60750;False;PUBLICA;-
LF0021004AA;-;BANCO SAFRA S/A;LF;False;0;-;IPCA;100;4,11;252;17/08/2026;1;264000;False;PUBLICA;-
LF0025009XZ;-;ITAU UNIBANCO S.A.;LF;False;0;-;DI;102;-;-;17/04/2028;241;50000;False;PUBLICA;-
LF002500BH0;-;ITAU UNIBANCO S.A.;LF;False;0;-;DI;101;-;-;15/05/2028;6;51380,55;False;PUBLICA;-
LF002100221;-;BANCO SAFRA S/A;LF;False;0;-;IPCA;100;3,78;252;17/08/2026;1;70000;False;PUBLICA;-
LF002305QSJ;-;ITAU UNIBANCO S.A.;LF;False;0;-;PREFIXADO;-;10,85;252;02/08/2028;1;300000;False;PUBLICA;-
LF002400UHB;-;ITAU UNIBANCO S.A.;LF;False;0;-;DI;102;-;-;18/11/2027;67;50507,47;False;PUBLICA;-
LF002100QSP;-;BANCO SAFRA S/A;LF;False;0;-;IPCA;100;5,43;252;17/08/2026;3;50000;False;PUBLICA;-
LF002600NBT;-;ITAU UNIBANCO S.A.;LF;False;0;-;DI;101,5;-;-;10/08/2029;8;50000;False;PUBLICA;-
LF002100CKT;-;BANCO SAFRA S/A;LF;False;0;-;IPCA;100;5,02;252;17/08/2026;1;85000;False;PUBLICA;-
LF002100Q17;-;BANCO SAFRA S/A;LF;False;0;-;IPCA;100;5,54;252;17/08/2026;1;50000;False;PUBLICA;-
LF002100J9G;-;BANCO SAFRA S/A;LF;False;0;-;IPCA;100;6,01;252;17/08/2026;1;50000;False;PUBLICA;-
LF002100FN9;-;BANCO SAFRA S/A;LF;False;0;-;IPCA;100;5,13;252;30/09/2031;1;50000;False;PUBLICA;-
LF00210090C;-;BANCO SAFRA S/A;LF;False;0;-;PREFIXADO;-;10,41;252;02/07/2031;6;50000;False;PUBLICA;-
LFSC23006TC;BRITUBLFI1R3;ITAU UNIBANCO HOLDING S.A;LFSC;False;0;-;DI;100;1,9;252;09/11/9999;2;350000;False;PUBLICA;-
LF0022004OL;-;BANCO SAFRA S/A;LF;False;0;-;IPCA;100;5,52;252;17/08/2026;6;50000;False;PUBLICA;-
LF002500LKN;-;ITAU UNIBANCO S.A.;LF;False;0;-;DI;101;-;-;24/09/2027;272;52000;False;PUBLICA;-
LF00210085C;-;BANCO SAFRA S/A;LF;False;0;-;IPCA;100;4,26;252;17/08/2026;4;50000;False;PUBLICA;-
LF002200LAV;-;BANCO SAFRA S/A;LF;False;0;-;DI;104,5;-;-;17/08/2026;5;50800;False;PUBLICA;-
LF0025005ER;-;ITAU UNIBANCO S.A.;LF;False;0;-;DI;101,8;-;-;15/03/2028;80;50000;False;PUBLICA;-
LF0021008DH;-;BANCO SAFRA S/A;LF;False;0;-;IPCA;100;4,24;252;17/08/2026;2;50000;False;PUBLICA;-
LF002400DHV;-;BANCO SAFRA S/A;LF;False;0;-;IPCA;100;6,02;252;15/05/2045;1;70000;False;PUBLICA;-
LF002400BW6;BRCNHCLFI3L0;BANCO CNH INDUSTRIAL CAPITAL S/A;LF;False;0;-;DI;100;0,9;252;29/04/2028;2400;50000;False;PUBLICA;-
LF0023035FF;-;BANCO BRADESCO S/A;LF;False;0;-;PREFIXADO;-;12,28;252;10/05/2028;1;50000;False;PUBLICA;-
LF002600GA2;-;ITAU UNIBANCO S.A.;LF;False;0;-;PREFIXADO;-;13,81;252;29/05/2028;6;50000;False;PUBLICA;-
LF002400O7J;-;BANCO SAFRA S/A;LF;False;0;-;IPCA;100;6,27;252;09/09/2026;3;50000;False;PUBLICA;-
LFSN21003K3;BRBITALFIX80;ITAU UNIBANCO HOLDING S.A;LFSN;False;0;-;DI;100;2;252;22/09/2031;1;400000;False;PUBLICA;-
LF002200EE7;-;BANCO SAFRA S/A;LF;False;0;-;IPCA;100;5,83;252;17/08/2026;1;50000;False;PUBLICA;-
LF002306H1A;-;BANCO BRADESCO S/A;LF;False;0;-;IPCA;100;4,86;252;25/08/2028;6;50000;False;PUBLICA;-
LFSN21003TW;BRBITALFIXI6;ITAU UNIBANCO HOLDING S.A;LFSN;False;0;-;DI;100;2;252;22/09/2031;8;400000;False;PUBLICA;-
LF0021004OQ;-;BANCO SAFRA S/A;LF;False;0;-;IPCA;100;4,17;252;17/08/2026;1;60000;False;PUBLICA;-
LF002400I4Z;-;ITAU UNIBANCO S.A.;LF;False;0;-;DI;102;-;-;15/07/2027;200;56050;False;PUBLICA;-
LF002400UHD;-;ITAU UNIBANCO S.A.;LF;False;0;-;DI;102;-;-;16/11/2027;40;50000;False;PUBLICA;-
LF002400NCQ;-;ITAU UNIBANCO S.A.;LF;False;0;-;DI;102;-;-;15/09/2027;48;52500;False;PUBLICA;-
LF002400M0C;-;ITAU UNIBANCO S.A.;LF;False;0;-;DI;102;-;-;16/08/2027;50;50000;False;PUBLICA;-
LF0022001BV;-;BANCO SAFRA S/A;LF;False;0;-;IPCA;100;5,77;252;17/08/2026;1;50000;False;PUBLICA;-
LF002400ORC;BRBSAFLNNE07;BANCO SAFRA S/A;LF;False;0;-;IPCA;100;6,54;252;12/09/2031;200;50000;False;PUBLICA;-
LF002400DHY;-;BANCO SAFRA S/A;LF;False;0;-;IPCA;100;6;252;15/05/2029;1;50000;False;PUBLICA;-
LF002100B7S;-;BANCO SAFRA S/A;LF;False;0;-;IPCA;100;4,45;252;17/08/2026;1;64858,61;False;PUBLICA;-
LF002100HPY;-;BANCO SAFRA S/A;LF;False;0;-;IPCA;100;5,55;252;17/08/2026;3;50000;False;PUBLICA;-
LF002400N0J;BRBSAFLNNDW1;BANCO SAFRA S/A;LF;False;0;-;DI;100;0,35;252;26/02/2027;1860;50000;False;PUBLICA;-
LF002200718;-;BANCO SAFRA S/A;LF;False;0;-;IPCA;100;5,89;252;17/08/2026;2;51000;False;PUBLICA;-
LF0021002CS;-;BANCO SAFRA S/A;LF;False;0;-;IPCA;100;4,23;252;15/05/2035;6;50000;False;PUBLICA;-
LF002500RPI;-;ITAU UNIBANCO S.A.;LF;False;0;-;PREFIXADO;-;13,05;252;20/12/2027;70;50000;False;PUBLICA;-
LF002100JBE;-;BANCO SAFRA S/A;LF;False;0;-;IPCA;100;6,01;252;17/08/2026;10;50000;False;PUBLICA;-
LF002400PZV;-;ITAU UNIBANCO S.A.;LF;False;0;-;DI;102;-;-;15/10/2027;30;50000;False;PUBLICA;-
LF002400MQ0;-;BANCO SAFRA S/A;LF;False;0;-;IPCA;100;6,34;252;15/05/2029;4;50000;False;PUBLICA;-
LF00260082P;-;ITAU UNIBANCO S.A.;LF;False;0;-;PREFIXADO;-;13,61;252;18/03/2036;1;50000;False;PUBLICA;-
LF0021008MA;-;BANCO SAFRA S/A;LF;False;0;-;IPCA;100;4,17;252;17/08/2026;80;50000;False;PUBLICA;-
LF002400EG3;-;BANCO SAFRA S/A;LF;False;0;-;IPCA;100;6,09;252;15/05/2045;1;50000;False;PUBLICA;-
LF002200LJD;-;ITAU UNIBANCO S.A.;LF;False;0;-;PREFIXADO;-;12,63;252;19/08/2027;1;10000000;False;PUBLICA;-
LF002200T6J;-;BANCO SAFRA S/A;LF;False;0;-;PREFIXADO;-;14,18;252;24/12/2026;100;50000;False;PUBLICA;-
LF0021004Z3;-;BANCO SAFRA S/A;LF;False;0;-;IPCA;100;4,09;252;17/08/2026;1;50000;False;PUBLICA;-
LF002400H0T;-;ITAU UNIBANCO S.A.;LF;False;0;-;DI;102;-;-;15/07/2027;20;55761;False;PUBLICA;-
LFSC22002SY;BRITUBLFI1M4;ITAU UNIBANCO HOLDING S.A;LFSC;False;0;-;DI;100;2,4;252;29/09/9999;2;300000;False;PUBLICA;-
LF002200DCD;-;BANCO SAFRA S/A;LF;False;0;-;IPCA;100;6,03;252;16/05/2035;1;50000;False;PUBLICA;-
LF002500A7K;-;ITAU UNIBANCO S.A.;LF;False;0;-;DI;101,5;-;-;15/05/2028;500;50000;False;PUBLICA;-
LF002200JBL;-;BANCO SAFRA S/A;LF;False;0;-;IPCA;100;6,67;252;15/05/2035;20;50000;False;PUBLICA;-
LF002200F6J;-;BANCO SAFRA S/A;LF;False;0;-;IPCA;100;5,88;252;17/08/2026;14;50000;False;PUBLICA;-
LFSC22002MU;BRITUBLFI1L6;ITAU UNIBANCO HOLDING S.A;LFSC;False;0;-;DI;100;2,4;252;28/09/9999;3;300000;False;PUBLICA;-
LF002100H8W;-;BANCO SAFRA S/A;LF;False;0;-;IPCA;100;5,22;252;17/08/2026;5;54800;False;PUBLICA;-
LF002200GD2;-;BANCO SAFRA S/A;LF;False;0;-;IPCA;100;6,09;252;15/05/2035;1;74000;False;PUBLICA;-
LF002300YF4;-;BANCO SAFRA S/A;LF;False;0;-;PREFIXADO;-;12,94;252;15/02/2027;1;50000;False;PUBLICA;-
LF002400OQE;-;ITAU UNIBANCO S.A.;LF;False;0;-;DI;102;-;-;15/09/2027;37;50000;False;PUBLICA;-
LF002100A42;-;BANCO SAFRA S/A;LF;False;0;-;IPCA;100;4,15;252;17/08/2026;1;70000;False;PUBLICA;-
LFSN21003T0;BRBITALFIXJ4;ITAU UNIBANCO HOLDING S.A;LFSN;False;0;-;DI;100;2;252;21/10/2031;5;400000;False;PUBLICA;-
LF002400IVQ;-;ITAU UNIBANCO S.A.;LF;False;0;-;DI;102;-;-;16/08/2027;120;50000;False;PUBLICA;-
LF002100A63;-;BANCO SAFRA S/A;LF;False;0;-;IPCA;100;4,23;252;17/08/2026;8;50000;False;PUBLICA;-
LF002500C01;-;ITAU UNIBANCO S.A.;LF;False;0;-;DI;101;-;-;17/07/2028;394;50000;False;PUBLICA;-
LF002100F2M;-;BANCO SAFRA S/A;LF;False;0;-;IPCA;100;4,96;252;17/08/2026;1;50000;False;PUBLICA;-
LF002400I7Q;-;ITAU UNIBANCO S.A.;LF;False;0;-;DI;102;-;-;19/07/2027;20;50000;False;PUBLICA;-
LFSN21003M5;BRBITALFIXD7;ITAU UNIBANCO HOLDING S.A;LFSN;False;0;-;DI;100;2;252;21/10/2031;40;400000;False;PUBLICA;-
LF002400NX3;-;BANCO SAFRA S/A;LF;False;0;-;IPCA;100;6,38;252;08/09/2026;1;70000;False;PUBLICA;-
LF002100320;-;BANCO SAFRA S/A;LF;False;0;-;IPCA;100;4,24;252;15/05/2035;1;80000;False;PUBLICA;-
LF002200DCM;-;BANCO SAFRA S/A;LF;False;0;-;IPCA;100;5,87;252;17/08/2026;18;52722,222223;False;PUBLICA;-
LF002200DCE;-;BANCO SAFRA S/A;LF;False;0;-;IPCA;100;5,87;252;17/08/2026;4;50000;False;PUBLICA;-
LF002400N2Y;-;BANCO SAFRA S/A;LF;False;0;-;IPCA;100;6,27;252;15/05/2029;2;50000;False;PUBLICA;-
LF0021003PK;-;BANCO SAFRA S/A;LF;False;0;-;IPCA;100;4,48;252;15/05/2035;1;50000;False;PUBLICA;-
LF002306QFZ;-;BANCO BRADESCO S/A;LF;False;0;-;IPCA;100;5,09;252;15/05/2035;40;50000;False;PUBLICA;-
LF002400HNE;-;ITAU UNIBANCO S.A.;LF;False;0;-;IPCA;100;6,98;252;02/07/2029;1;500000;False;PUBLICA;-
LF002302OLV;-;ITAU UNIBANCO S.A.;LF;False;0;-;PREFIXADO;-;13,67;252;25/04/2033;1;2500000;False;PUBLICA;-
LF002200T6L;-;ITAU UNIBANCO S.A.;LF;False;0;-;PREFIXADO;-;14,13;252;16/12/2026;1;50000;False;PUBLICA;-
LF002400SQU;-;BANCO SAFRA S/A;LF;False;0;-;IPCA;100;6,14;252;19/10/2026;2;50000;False;PUBLICA;-
LF002400QWA;-;BANCO SAFRA S/A;LF;False;0;-;IPCA;100;6,23;252;15/05/2045;3;50000;False;PUBLICA;-
LF0023084R6;-;ITAU UNIBANCO S.A.;LF;False;0;-;PREFIXADO;-;11,45;252;09/11/2028;1;500000;False;PUBLICA;-
LF002300MUB;-;ITAU UNIBANCO S.A.;LF;False;0;-;IPCA;100;6,79;252;02/02/2033;1;1549884;False;PUBLICA;-
LF002400IK5;-;ITAU UNIBANCO S.A.;LF;False;0;-;DI;102;-;-;15/07/2027;60;50000;False;PUBLICA;-
LF002400O8A;-;ITAU UNIBANCO S.A.;LF;False;0;-;DI;102;-;-;15/09/2027;58;50344,83;False;PUBLICA;-
LFSN21003LQ;BRBITALFIXC9;ITAU UNIBANCO HOLDING S.A;LFSN;False;0;-;DI;100;2;252;21/10/2031;5;400000;False;PUBLICA;-
LF002500AKW;-;ITAU UNIBANCO S.A.;LF;False;0;-;DI;101;-;-;15/05/2028;500;50000;False;PUBLICA;-
LF002600LD9;-;ITAU UNIBANCO S.A.;LF;False;0;-;PREFIXADO;-;13,88;252;18/07/2028;12;50000;False;PUBLICA;-
LF0025003FZ;-;ITAU UNIBANCO S.A.;LF;False;0;-;PREFIXADO;-;15,2;252;23/01/2035;100;50000;False;PUBLICA;-
LF0021006MX;-;BANCO SAFRA S/A;LF;False;0;-;IPCA;100;3,97;252;17/08/2026;5;63000;False;PUBLICA;-
LF002600N8X;-;ITAU UNIBANCO S.A.;LF;False;0;-;DI;101;-;-;15/08/2029;40;60379;False;PUBLICA;-
LF002400PVX;-;ITAU UNIBANCO S.A.;LF;False;0;-;DI;102;-;-;15/10/2027;7;54285,72;False;PUBLICA;-
LF0021007VL;-;BANCO SAFRA S/A;LF;False;0;-;IPCA;100;4,22;252;17/08/2026;10;54600;False;PUBLICA;-
LF002500PBL;BRTATOLFI037;BANCO TRATON BRASIL S.A.;LF;False;0;-;PREFIXADO;-;13,3;252;03/01/2028;1000;50000;False;PUBLICA;-
LF002200JDM;-;BANCO SAFRA S/A;LF;False;0;-;IPCA;100;6,69;252;21/05/2035;2;50000;False;PUBLICA;-
LF002400CTR;-;BANCO SAFRA S/A;LF;False;0;-;IPCA;100;5,61;252;14/05/2029;2;50000;False;PUBLICA;-
LFSC22002MP;BRITUBLFI1L6;ITAU UNIBANCO HOLDING S.A;LFSC;False;0;-;DI;100;2,4;252;28/09/9999;3;300000;False;PUBLICA;-
LF002400NAC;-;ITAU UNIBANCO S.A.;LF;False;0;-;DI;102;-;-;15/09/2027;24;50000;False;PUBLICA;-
LF002400GLP;-;ITAU UNIBANCO S.A.;LF;False;0;-;DI;102;-;-;15/07/2027;1460;53000;False;PUBLICA;-
LF002400TOS;-;ITAU UNIBANCO S.A.;LF;False;0;-;DI;102;-;-;16/11/2027;50;71637,68;False;PUBLICA;-
LF002100F5M;-;BANCO SAFRA S/A;LF;False;0;-;IPCA;100;5,68;252;24/09/2026;6;50000;False;PUBLICA;-
LFSC23006TA;BRITUBLFI1R3;ITAU UNIBANCO HOLDING S.A;LFSC;False;0;-;DI;100;1,9;252;09/11/9999;14;350000;False;PUBLICA;-
LF002100N8U;BRBSAFLFESH5;BANCO SAFRA S/A;LF;False;0;-;IPCA;100;5,53;252;17/08/2026;2;50000;False;PUBLICA;-
LF002400T87;-;ITAU UNIBANCO S.A.;LF;False;0;-;PREFIXADO;-;13,1;252;18/10/2034;20;50000;False;PUBLICA;-
LF002400EQT;-;ITAU UNIBANCO S.A.;LF;False;0;-;PREFIXADO;-;12;252;03/06/2031;10;50000;False;PUBLICA;-
LF002100BHC;-;BANCO SAFRA S/A;LF;False;0;-;IPCA;100;4,63;252;17/08/2026;10;50000;False;PUBLICA;-
LF0023080QP;-;BANCO SAFRA S/A;LF;False;0;-;PREFIXADO;-;12,23;252;31/10/2029;6;56666,666667;False;PUBLICA;-
LF0021006FQ;-;BANCO SAFRA S/A;LF;False;0;-;IPCA;100;3,97;252;17/08/2026;1;55000;False;PUBLICA;-
LF002302X9A;-;ITAU UNIBANCO S.A.;LF;False;0;-;PREFIXADO;-;13,07;252;06/05/2033;1;56000;False;PUBLICA;-
LF002400PNF;-;BANCO SAFRA S/A;LF;False;0;-;IPCA;100;6,33;252;20/09/2045;6;50000;False;PUBLICA;-
LF002200CQD;-;BANCO SAFRA S/A;LF;False;0;-;IPCA;100;5,75;252;17/08/2026;1;50000;False;PUBLICA;-
LF002100DMJ;-;BANCO SAFRA S/A;LF;False;0;-;IPCA;100;4,86;252;17/08/2026;5;51000;False;PUBLICA;-
LF002400Q49;-;BANCO SAFRA S/A;LF;False;0;-;IPCA;100;6,22;252;15/05/2045;5;56000;False;PUBLICA;-
LF002600LD8;-;ITAU UNIBANCO S.A.;LF;False;0;-;PREFIXADO;-;14,1;252;16/07/2029;5;74000;False;PUBLICA;-
LF002100GZY;-;BANCO SAFRA S/A;LF;False;0;-;IPCA;100;5,15;252;17/08/2026;2;53500;False;PUBLICA;-
LF002400UOR;-;ITAU UNIBANCO S.A.;LF;False;0;-;IPCA;100;7,11;252;04/11/2027;1;1160000;False;PUBLICA;-
LF002500AEY;-;ITAU UNIBANCO S.A.;LF;False;0;-;DI;101,8;-;-;31/05/2030;92;50000;False;PUBLICA;-
LF002400OI3;-;ITAU UNIBANCO S.A.;LF;False;0;-;DI;102;-;-;10/09/2026;189;100000;False;PUBLICA;-
LFSN210081P;-;BANCO SAFRA S/A;LFSN;False;0;-;IPCA;-;6,25;252;14/11/2028;4;460750;False;PUBLICA;-
LF002200JHQ;-;BANCO SAFRA S/A;LF;False;0;-;IPCA;100;6,61;252;15/05/2035;1;66000;False;PUBLICA;-
LF002100IJR;-;BANCO SAFRA S/A;LF;False;0;-;IPCA;100;5,82;252;17/08/2026;1;51000;False;PUBLICA;-
LF002100J9M;-;BANCO SAFRA S/A;LF;False;0;-;IPCA;100;6,01;252;17/08/2026;4;50000;False;PUBLICA;-
LFSN21003DX;BRBITALFIX23;ITAU UNIBANCO HOLDING S.A;LFSN;False;0;-;DI;100;2;252;21/10/2031;3;400000;False;PUBLICA;-
LF00260070I;-;ITAU UNIBANCO S.A.;LF;False;0;-;DI;101;-;-;09/03/2028;40;50000;False;PUBLICA;-
LF0025001L8;-;ITAU UNIBANCO S.A.;LF;False;0;-;PREFIXADO;-;15,17;252;11/01/2027;1;300000;False;PUBLICA;-
LF002400B5C;-;ITAU UNIBANCO S.A.;LF;False;0;-;IPCA;100;6,04;252;23/04/2029;1;1000000;False;PUBLICA;-
LF0023063LP;-;ITAU UNIBANCO S.A.;LF;False;0;-;PREFIXADO;-;11,73;252;19/08/2033;1;600000;False;PUBLICA;-
LF0021007VB;-;BANCO SAFRA S/A;LF;False;0;-;IPCA;100;4,22;252;17/08/2026;3;50000;False;PUBLICA;-
LF002100HCB;-;BANCO SAFRA S/A;LF;False;0;-;IPCA;100;5,37;252;17/08/2026;3;50000;False;PUBLICA;-
LF002400WEO;-;ITAU UNIBANCO S.A.;LF;False;0;-;DI;102;-;-;16/12/2027;250;69383,2;False;PUBLICA;-
LF002400RI2;-;BANCO SAFRA S/A;LF;False;0;-;IPCA;100;6,46;252;15/05/2029;1;59000;False;PUBLICA;-
LF002100QN5;-;BANCO SAFRA S/A;LF;False;0;-;IPCA;100;5,41;252;17/08/2026;10;50000;False;PUBLICA;-
LF002200AU5;-;BANCO SAFRA S/A;LF;False;0;-;IPCA;100;5,57;252;17/08/2026;3;62833,333334;False;PUBLICA;-
LF002100CFC;-;BANCO SAFRA S/A;LF;False;0;-;IPCA;100;5,16;252;17/08/2026;1;50000;False;PUBLICA;-
LF002306TOI;-;BANCO BRADESCO S/A;LF;False;0;-;IPCA;100;5,16;252;06/09/2028;1;50000;False;PUBLICA;-
LF002100CGF;-;BANCO SAFRA S/A;LF;False;0;-;IPCA;100;5,17;252;17/08/2026;1;50000;False;PUBLICA;-
LF002400G3Z;BRBSAFLNNDE9;BANCO SAFRA S/A;LF;False;0;-;DI;100;0,45;252;20/08/2026;74;50000;False;PUBLICA;-
LF002100636;-;BANCO SAFRA S/A;LF;False;0;-;IPCA;100;4,58;252;15/05/2035;1;225000;False;PUBLICA;-
LF002500LRK;BRBCXPLFIO43;BANCO XP S/A;LF;False;0;-;DI;100;0,45;252;05/10/2027;20000;50000;False;PUBLICA;-
LF0025005EP;-;ITAU UNIBANCO S.A.;LF;False;0;-;DI;101,8;-;-;15/03/2028;80;50000;False;PUBLICA;-
LF002100JX2;BRBSAFLTR9C9;BANCO SAFRA S/A;LF;False;0;-;IPCA;100;5,61;252;17/08/2026;2;50000;False;PUBLICA;-
LFSN2200A6W;-;BANCO SAFRA S/A;LFSN;False;0;-;IPCA;-;6,65;252;17/08/2032;20;500000;False;PUBLICA;-
LF0025003SH;-;ITAU UNIBANCO S.A.;LF;False;0;-;PREFIXADO;-;15,02;252;29/01/2035;20;50000;False;PUBLICA;-
LF002400N3I;-;ITAU UNIBANCO S.A.;LF;False;0;-;DI;102;-;-;15/09/2027;32;50000;False;PUBLICA;-
LF002600BH8;-;ITAU UNIBANCO S.A.;LF;False;0;-;DI;102,5;-;-;20/04/2028;1;100000;False;PUBLICA;-
LF002400T86;-;ITAU UNIBANCO S.A.;LF;False;0;-;DI;102;-;-;16/11/2027;2914;50007,37;False;PUBLICA;-
LF002600K0S;-;ITAU UNIBANCO S.A.;LF;False;0;-;PREFIXADO;-;14,22;252;01/07/2030;3;50000;False;PUBLICA;-
LF002200CMK;-;BANCO SAFRA S/A;LF;False;0;-;IPCA;100;6,26;252;26/04/2032;1;70000;False;PUBLICA;-
LF002600NF9;-;ITAU UNIBANCO S.A.;LF;False;0;-;DI;101,5;-;-;15/08/2029;66;50000;False;PUBLICA;-
LF002400P53;-;ITAU UNIBANCO S.A.;LF;False;0;-;DI;102;-;-;15/10/2027;150;50000;False;PUBLICA;-
LF0024009BQ;-;ITAU UNIBANCO S.A.;LF;False;0;-;DI;103;-;-;15/04/2027;336;50000;False;PUBLICA;-
LF002400Q4N;-;ITAU UNIBANCO S.A.;LF;False;0;-;IPCA;100;6,65;252;25/09/2026;20;50000;False;PUBLICA;-
LFSN21003NN;BRBITALFIXH8;ITAU UNIBANCO HOLDING S.A;LFSN;False;0;-;DI;100;2;252;22/09/2031;3;400000;False;PUBLICA;-
LF002500PE5;-;ITAU UNIBANCO S.A.;LF;False;0;-;PREFIXADO;-;13,05;252;14/11/2030;15;80343;False;PUBLICA;-
LFSN21003I4;BRBITALFIX64;ITAU UNIBANCO HOLDING S.A;LFSN;False;0;-;DI;100;2;252;21/10/2031;2;400000;False;PUBLICA;-
LF002400M5J;-;BANCO SAFRA S/A;LF;False;0;-;IPCA;100;6,26;252;18/08/2027;5;50000;False;PUBLICA;-
LF002200AUA;-;BANCO SAFRA S/A;LF;False;0;-;IPCA;100;5,57;252;17/08/2026;2;50000;False;PUBLICA;-
LF002600MTA;-;ITAU UNIBANCO S.A.;LF;False;0;-;DI;101;-;-;15/08/2029;60;50000;False;PUBLICA;-
LF002400XHA;-;ITAU UNIBANCO S.A.;LF;False;0;-;DI;102;-;-;15/12/2027;81;50000;False;PUBLICA;-
LF0024012YW;-;ITAU UNIBANCO S.A.;LF;False;0;-;IPCA;100;8,19;252;18/12/2028;1;3760000;False;PUBLICA;-
LF002100C5Q;-;BANCO SAFRA S/A;LF;False;0;-;IPCA;100;4,87;252;17/08/2026;20;50000;False;PUBLICA;-
LF002400P52;-;ITAU UNIBANCO S.A.;LF;False;0;-;DI;101;-;-;16/09/2026;238;50000;False;PUBLICA;-
LF002400LSX;-;ITAU UNIBANCO S.A.;LF;False;0;-;DI;102;-;-;16/08/2027;1;80000;False;PUBLICA;-
LF0022007T8;-;BANCO SAFRA S/A;LF;False;0;-;IPCA;100;6,1;252;17/08/2026;2;57500;False;PUBLICA;-
LF002500C13;BRCNHCLFI3W7;BANCO CNH INDUSTRIAL CAPITAL S/A;LF;False;0;-;DI;100;0,7;252;07/05/2029;7000;50000;False;PUBLICA;-
LFSN21003NE;BRBITALFIXH8;ITAU UNIBANCO HOLDING S.A;LFSN;False;0;-;DI;100;2;252;22/09/2031;1;400000;False;PUBLICA;-
LF002400JJV;-;ITAU UNIBANCO S.A.;LF;False;0;-;DI;102;-;-;16/08/2027;40;50000;False;PUBLICA;-
LF002400DBL;-;ITAU UNIBANCO S.A.;LF;False;0;-;DI;103;-;-;16/05/2028;250;50000;False;PUBLICA;-
LF002200DCF;-;BANCO SAFRA S/A;LF;False;0;-;IPCA;100;5,87;252;17/08/2026;8;50000;False;PUBLICA;-
LF002200O8Y;-;BANCO SAFRA S/A;LF;False;0;-;DI;105,5;-;-;22/10/2027;1;76000;False;PUBLICA;-
LF002400UH3;-;ITAU UNIBANCO S.A.;LF;False;0;-;DI;102;-;-;16/11/2027;60;50000;False;PUBLICA;-
LF002400GDK;-;ITAU UNIBANCO S.A.;LF;False;0;-;DI;102,5;-;-;21/06/2029;1304;50000;False;PUBLICA;-
LF0024007SN;-;BANCO SAFRA S/A;LF;False;0;-;DI;105,75;-;-;08/09/2026;194;50078,855671;False;PUBLICA;-
LF0023041ZQ;-;ITAU UNIBANCO S.A.;LF;False;0;-;PREFIXADO;-;11,26;252;08/06/2028;1;62000;False;PUBLICA;-
LFSN21003JO;BRBITALFIX80;ITAU UNIBANCO HOLDING S.A;LFSN;False;0;-;DI;100;2;252;22/09/2031;133;400000;False;PUBLICA;-
LF0022007R1;-;BANCO SAFRA S/A;LF;False;0;-;IPCA;100;6,02;252;17/08/2026;8;50000;False;PUBLICA;-
LFSN21003JG;BRBITALFIX80;ITAU UNIBANCO HOLDING S.A;LFSN;False;0;-;DI;100;2;252;22/09/2031;1;400000;False;PUBLICA;-
LF002100GDX;-;BANCO SAFRA S/A;LF;False;0;-;IPCA;100;5,17;252;17/08/2026;8;50000;False;PUBLICA;-
LF002400T84;-;ITAU UNIBANCO S.A.;LF;False;0;-;DI;102;-;-;16/11/2027;77;50000;False;PUBLICA;-
LF0021003V2;-;BANCO SAFRA S/A;LF;False;0;-;IPCA;100;4,33;252;29/03/2027;1;50000;False;PUBLICA;-
LF002100NQE;BRBSAFLFEVQ0;BANCO SAFRA S/A;LF;False;0;-;DI;108;-;-;01/12/2026;1;86400;False;PUBLICA;-
LF0025004FF;-;ITAU UNIBANCO S.A.;LF;False;0;-;PREFIXADO;-;15,08;252;10/02/2027;1;50000;False;PUBLICA;-
LFSN21001QA;BRBSAFLFNNU0;BANCO SAFRA S/A;LFSN;False;0;-;IPCA;-;6;252;17/05/2028;1;1000000;False;PUBLICA;-
LF0022009LO;-;BANCO SAFRA S/A;LF;False;0;-;IPCA;100;5,81;252;24/03/2032;1;62000;False;PUBLICA;-
LF0021004HI;-;BANCO SAFRA S/A;LF;False;0;-;IPCA;100;4,05;252;17/08/2026;4;50000;False;PUBLICA;-
LF002400EBU;-;BANCO SAFRA S/A;LF;False;0;-;DI;101,75;-;-;28/05/2030;3;50000;False;PUBLICA;-
LF002305TVL;-;BANCO BRADESCO S/A;LF;False;0;-;IPCA;100;4,84;252;15/05/2035;16;50000;False;PUBLICA;-
LF002100H9M;-;BANCO SAFRA S/A;LF;False;0;-;IPCA;100;5,22;252;17/08/2026;1;66000;False;PUBLICA;-
LF0024005KD;-;BANCO SAFRA S/A;LF;False;0;-;PREFIXADO;-;10,45;252;16/02/2027;5;52600;False;PUBLICA;-
LF002200F62;-;BANCO SAFRA S/A;LF;False;0;-;IPCA;100;5,88;252;17/08/2026;1;50000;False;PUBLICA;-
LF002303A7R;-;ITAU UNIBANCO S.A.;LF;False;0;-;IPCA;100;5,39;252;15/05/2028;1;100000;False;PUBLICA;-
LF002100D7M;-;BANCO SAFRA S/A;LF;False;0;-;IPCA;100;4,8;252;17/08/2026;40;50000;False;PUBLICA;-
LF002200JGH;-;BANCO SAFRA S/A;LF;False;0;-;IPCA;100;6,47;252;17/08/2026;6;56666,666667;False;PUBLICA;-
LF002400LCQ;-;ITAU UNIBANCO S.A.;LF;False;0;-;DI;102;-;-;16/08/2027;30;60000;False;PUBLICA;-
LF002100CM9;-;BANCO SAFRA S/A;LF;False;0;-;IPCA;100;5,02;252;17/08/2026;1;86000;False;PUBLICA;-
LF002308D8J;-;BANCO SAFRA S/A;LF;False;0;-;IPCA;100;5,92;252;01/12/2027;8;50000;False;PUBLICA;-
LF0021005D2;-;BANCO SAFRA S/A;LF;False;0;-;IPCA;100;3,82;252;17/08/2026;10;50000;False;PUBLICA;-
LF002400OTK;-;ITAU UNIBANCO S.A.;LF;False;0;-;DI;102;-;-;15/09/2027;200;50000;False;PUBLICA;-
LFSC220028V;BRITUBLFI1H4;ITAU UNIBANCO HOLDING S.A;LFSC;False;0;-;DI;100;2,4;252;22/09/9999;14;300000;False;PUBLICA;-
LF002400M5Y;-;ITAU UNIBANCO S.A.;LF;False;0;-;DI;102;-;-;15/09/2027;29;50000;False;PUBLICA;-
LF002400ORX;BRBSAFLNNE15;BANCO SAFRA S/A;LF;False;0;-;DI;100;0,35;252;12/03/2027;140;50000;False;PUBLICA;-
LF002600MCI;-;ITAU UNIBANCO S.A.;LF;False;0;-;DI;101,5;-;-;15/08/2029;500;50000;False;PUBLICA;-
LF002307QEE;-;BANCO SAFRA S/A;LF;False;0;-;PREFIXADO;-;11,86;252;06/10/2026;10;50000;False;PUBLICA;-
LF002400G3A;BRBSAFLNNDE9;BANCO SAFRA S/A;LF;False;0;-;DI;100;0,45;252;20/08/2026;2401;50000;False;PUBLICA;-
LF002400CZJ;-;BANCO SAFRA S/A;LF;False;0;-;DI;101,25;-;-;16/05/2028;1;50000;False;PUBLICA;-
LF0021007YI;-;BANCO SAFRA S/A;LF;False;0;-;IPCA;100;4,77;252;23/06/2031;1;50000;False;PUBLICA;-
LF002400YS7;BRBITALFN3O3;ITAU UNIBANCO S.A.;LF;False;0;-;IPCA;100;7,41;252;02/12/2027;1;2000000;False;PUBLICA;-
LF002200JZB;-;BANCO SAFRA S/A;LF;False;0;-;IPCA;100;6,52;252;21/07/2027;3;50000;False;PUBLICA;-
LF002100AR1;-;BANCO SAFRA S/A;LF;False;0;-;IPCA;100;4,39;252;17/08/2026;3;56666,666667;False;PUBLICA;-
LF0024005QS;-;BANCO SAFRA S/A;LF;False;0;-;DI;102;-;-;18/02/2028;1;50000;False;PUBLICA;-
LF0021002I1;-;BANCO SAFRA S/A;LF;False;0;-;IPCA;100;4,14;252;10/03/2031;1;75000;False;PUBLICA;-
LF002200O8Z;-;BANCO SAFRA S/A;LF;False;0;-;PREFIXADO;-;12,2;252;21/10/2027;10;51600;False;PUBLICA;-
LF002400NXH;-;ITAU UNIBANCO S.A.;LF;False;0;-;DI;102;-;-;15/09/2027;160;50000;False;PUBLICA;-
LF0021004DC;-;BANCO SAFRA S/A;LF;False;0;-;IPCA;100;4,06;252;17/08/2026;1;50000;False;PUBLICA;-
LF002100AX2;-;BANCO SAFRA S/A;LF;False;0;-;IPCA;100;4,56;252;17/08/2026;1;50000;False;PUBLICA;-
LF002400ML8;-;ITAU UNIBANCO S.A.;LF;False;0;-;DI;102;-;-;15/09/2027;411;50153,21;False;PUBLICA;-
LF002100K6F;BRBSAFLTRAU9;BANCO SAFRA S/A;LF;False;0;-;IPCA;100;5,68;252;17/08/2026;2;61000;False;PUBLICA;-
LF0022007O7;-;BANCO SAFRA S/A;LF;False;0;-;PREFIXADO;-;13,09;252;10/03/2028;1;50000;False;PUBLICA;-
LF002100DYG;BRBSAFLNNHB6;BANCO SAFRA S/A;LF;False;0;-;IPCA;100;4,96;252;17/08/2026;3;50000;False;PUBLICA;-
LF0021007YA;-;BANCO SAFRA S/A;LF;False;0;-;IPCA;100;4,77;252;23/06/2031;2;50000;False;PUBLICA;-
LF002500BVC;-;ITAU UNIBANCO S.A.;LF;False;0;-;IPCA;100;8,2;252;03/05/2027;15;54000;False;PUBLICA;-
LF002600MCH;-;ITAU UNIBANCO S.A.;LF;False;0;-;DI;101;-;-;15/08/2029;200;50000;False;PUBLICA;-
LF002200EEA;-;BANCO SAFRA S/A;LF;False;0;-;IPCA;100;6,55;252;18/05/2032;2;50000;False;PUBLICA;-
LF002400K6B;-;ITAU UNIBANCO S.A.;LF;False;0;-;DI;102;-;-;16/08/2027;30;50000;False;PUBLICA;-
LF00210028L;-;BANCO SAFRA S/A;LF;False;0;-;IPCA;100;3,76;252;17/08/2026;2;77000;False;PUBLICA;-
LF0021007HQ;-;BANCO SAFRA S/A;LF;False;0;-;IPCA;100;3,92;252;17/08/2026;2;50000;False;PUBLICA;-
LF002500A7M;-;ITAU UNIBANCO S.A.;LF;False;0;-;DI;101;-;-;15/05/2028;426;50000;False;PUBLICA;-
LF0022000HJ;-;BANCO SAFRA S/A;LF;False;0;-;IPCA;100;5,78;252;17/08/2026;2;88000;False;PUBLICA;-
LF00210094I;-;BANCO SAFRA S/A;LF;False;0;-;IPCA;100;4,16;252;17/08/2026;6;50000;False;PUBLICA;-
LF002500G4X;-;ITAU UNIBANCO S.A.;LF;False;0;-;PREFIXADO;-;13,45;252;17/07/2028;1;65000;False;PUBLICA;-
LF0021004JK;-;BANCO SAFRA S/A;LF;False;0;-;IPCA;100;4,17;252;17/08/2026;1;50000;False;PUBLICA;-
LF002600M2I;BRBCHDLFI0T2;BANCO HONDA S/A;LF;False;0;-;DI;100;0,38;252;27/07/2029;9500;50000;False;PUBLICA;-
LF00210094Q;-;BANCO SAFRA S/A;LF;False;0;-;IPCA;100;4,16;252;17/08/2026;1;50000;False;PUBLICA;-
LFSC23006TV;BRITUBLFI1R3;ITAU UNIBANCO HOLDING S.A;LFSC;False;0;-;DI;100;1,9;252;09/11/9999;1;350000;False;PUBLICA;-
LF002100IPZ;-;BANCO SAFRA S/A;LF;False;0;-;IPCA;100;5,85;252;17/08/2026;10;50000;False;PUBLICA;-
LF002400U6J;-;ITAU UNIBANCO S.A.;LF;False;0;-;DI;102;-;-;16/11/2027;11;50776,21;False;PUBLICA;-
LFSN21003HT;BRBITALFIX72;ITAU UNIBANCO HOLDING S.A;LFSN;False;0;-;DI;100;2;252;22/09/2031;10;400000;False;PUBLICA;-
LF002600M2H;BRBCHDLFI0U0;BANCO HONDA S/A;LF;False;0;-;DI;100;0,28;252;05/08/2028;8000;50000;False;PUBLICA;-
LF002400H51;-;ITAU UNIBANCO S.A.;LF;False;0;-;DI;102;-;-;15/07/2027;10;50000;False;PUBLICA;-
LF002400P50;-;ITAU UNIBANCO S.A.;LF;False;0;-;DI;101;-;-;17/09/2026;700;50000;False;PUBLICA;-
LF002400T2T;-;BANCO SAFRA S/A;LF;False;0;-;PREFIXADO;-;12,65;252;19/10/2026;2;50000;False;PUBLICA;-
LF002400MQ7;-;ITAU UNIBANCO S.A.;LF;False;0;-;DI;102;-;-;15/09/2027;5;52000;False;PUBLICA;-
LF002400OQR;-;ITAU UNIBANCO S.A.;LF;False;0;-;DI;102;-;-;15/09/2027;30;50000;False;PUBLICA;-
LF0025004MH;-;ITAU UNIBANCO S.A.;LF;False;0;-;IPCA;100;7,65;252;15/02/2030;4;57500;False;PUBLICA;-
LF002400KHG;-;ITAU UNIBANCO S.A.;LF;False;0;-;DI;102;-;-;16/08/2027;770;50000;False;PUBLICA;-
LF0025002ZB;-;ITAU UNIBANCO S.A.;LF;False;0;-;DI;102;-;-;16/08/2027;108;50235,52;False;PUBLICA;-
LF002100GCK;-;BANCO SAFRA S/A;LF;False;0;-;IPCA;100;5,07;252;18/08/2026;6;50166,666667;False;PUBLICA;-
LF002100KZ5;BRBSAFLTREA3;BANCO SAFRA S/A;LF;False;0;-;IPCA;100;5,65;252;17/08/2026;4;50000;False;PUBLICA;-
LF002100BVX;-;BANCO SAFRA S/A;LF;False;0;-;IPCA;100;5,01;252;15/05/2035;1;50000;False;PUBLICA;-
LF002400TJJ;-;ITAU UNIBANCO S.A.;LF;False;0;-;PREFIXADO;-;12,9;252;23/10/2034;6;50000;False;PUBLICA;-
LF0021003GS;-;BANCO SAFRA S/A;LF;False;0;-;IPCA;100;4,5;252;15/05/2035;3;60000;False;PUBLICA;-
LF002200L0A;-;BANCO SAFRA S/A;LF;False;0;-;IPCA;100;5,63;252;08/08/2028;1;50000;False;PUBLICA;-
LF002100EKX;-;BANCO SAFRA S/A;LF;False;0;-;IPCA;100;4,92;252;17/08/2026;1;85000;False;PUBLICA;-
LF002100EO8;-;BANCO SAFRA S/A;LF;False;0;-;IPCA;100;4,91;252;17/08/2026;1;50000;False;PUBLICA;-
LF002400L52;BRBSAFLNNDP5;BANCO SAFRA S/A;LF;False;0;-;DI;100;0,4;252;08/01/2027;150;50000;False;PUBLICA;-
LF002400V16;BRCAMRLFI338;BANCO RCI BRASIL S.A.;LF;False;0;-;DI;100;0,65;252;07/11/2028;2137;50000;False;PUBLICA;-
LF002400JJU;-;ITAU UNIBANCO S.A.;LF;False;0;-;DI;102;-;-;16/08/2027;22;50000;False;PUBLICA;-
LF002600MT7;-;ITAU UNIBANCO S.A.;LF;False;0;-;DI;101,5;-;-;06/08/2029;40;50000;False;PUBLICA;-
LF00220082M;-;BANCO SAFRA S/A;LF;False;0;-;IPCA;100;6,02;252;17/08/2026;2;50000;False;PUBLICA;-
LFSN21003T1;BRBITALFIXI6;ITAU UNIBANCO HOLDING S.A;LFSN;False;0;-;DI;100;2;252;22/09/2031;1;400000;False;PUBLICA;-
LF002100DIS;-;BANCO SAFRA S/A;LF;False;0;-;IPCA;100;4,84;252;17/08/2026;1;50000;False;PUBLICA;-
LF002100MTY;BRBSAFLFEQE6;BANCO SAFRA S/A;LF;False;0;-;IPCA;100;5,51;252;17/08/2026;1;75000;False;PUBLICA;-
LF002600K4Y;-;ITAU UNIBANCO S.A.;LF;False;0;-;IPCA;100;8,75;252;03/07/2028;20;50000;False;PUBLICA;-
LFSN21003I1;BRBITALFIX64;ITAU UNIBANCO HOLDING S.A;LFSN;False;0;-;DI;100;2;252;21/10/2031;5;400000;False;PUBLICA;-
LF0021004AL;-;BANCO SAFRA S/A;LF;False;0;-;IPCA;100;4,11;252;17/08/2026;1;1959000;False;PUBLICA;-
LF002100GDU;-;BANCO SAFRA S/A;LF;False;0;-;IPCA;100;5,06;252;17/08/2026;10;50000;False;PUBLICA;-
LF0022007R5;-;BANCO SAFRA S/A;LF;False;0;-;IPCA;100;6,02;252;17/08/2026;2;50000;False;PUBLICA;-
LF002100ID3;-;BANCO SAFRA S/A;LF;False;0;-;IPCA;100;5,57;252;17/08/2026;3;60000;False;PUBLICA;-
LF002400CH5;-;BANCO SAFRA S/A;LF;False;0;-;IPCA;100;6,18;252;15/05/2035;4;50000;False;PUBLICA;-
LF002400L5W;BRBSAFLNNDP5;BANCO SAFRA S/A;LF;False;0;-;DI;100;0,4;252;08/01/2027;17;50000;False;PUBLICA;-
LF002400HFO;-;BANCO SAFRA S/A;LF;False;0;-;IPCA;100;6,38;252;15/05/2045;1;50000;False;PUBLICA;-
LF002400JYY;-;ITAU UNIBANCO S.A.;LF;False;0;-;DI;102;-;-;16/08/2027;200;50000;False;PUBLICA;-
LF002400T34;BRBITALFN3Z9;ITAU UNIBANCO S.A.;LF;False;0;-;DI;101;-;-;19/10/2026;270;50000;False;PUBLICA;-
LF002200EBG;-;BANCO SAFRA S/A;LF;False;0;-;IPCA;100;5,78;252;17/08/2026;14;50000;False;PUBLICA;-
LF0024004UO;-;BANCO SAFRA S/A;LF;False;0;-;PREFIXADO;-;10,45;252;12/04/2027;300;50000;False;PUBLICA;-
LF002400LZL;-;BANCO SAFRA S/A;LF;False;0;-;PREFIXADO;-;11,57;252;17/08/2026;10;50000;False;PUBLICA;-
LF002100H1W;-;BANCO SAFRA S/A;LF;False;0;-;IPCA;100;5,13;252;17/08/2026;8;50000;False;PUBLICA;-
LF002400IRE;-;ITAU UNIBANCO S.A.;LF;False;0;-;DI;102;-;-;15/07/2027;74;50000;False;PUBLICA;-
LF002400URK;-;ITAU UNIBANCO S.A.;LF;False;0;-;DI;102;-;-;16/11/2027;20;50000;False;PUBLICA;-
LF002100J9I;-;BANCO SAFRA S/A;LF;False;0;-;IPCA;100;6,01;252;17/08/2026;1;50000;False;PUBLICA;-
LF002600L9M;-;ITAU UNIBANCO S.A.;LF;False;0;-;DI;101,5;-;-;15/08/2029;252;50000;False;PUBLICA;-
LF002100JKB;BRBSAFLTR7V3;BANCO SAFRA S/A;LF;False;0;-;IPCA;100;5,95;252;17/08/2026;1;60000;False;PUBLICA;-
LF002500I21;BRPRBCLFIQ49;PARANA BANCO S/A;LF;False;0;-;DI;100;0,55;252;24/08/2027;4315;50000;False;PUBLICA;-
LF002100BW1;-;BANCO SAFRA S/A;LF;False;0;-;IPCA;100;4,8;252;13/08/2026;1;82000;False;PUBLICA;-
LF00210061T;-;BANCO SAFRA S/A;LF;False;0;-;IPCA;100;3,87;252;17/08/2026;2;50000;False;PUBLICA;-
LF002600CKQ;-;ITAU UNIBANCO S.A.;LF;False;0;-;DI;101,5;-;-;04/05/2029;52;50000;False;PUBLICA;-
LF0022004TT;BRBSAFLNN2L5;BANCO SAFRA S/A;LF;False;0;-;DI;100;1,35;252;10/02/2027;14;50000;False;PUBLICA;-
LF002400GDM;-;ITAU UNIBANCO S.A.;LF;False;0;-;DI;102;-;-;15/07/2027;16;50000;False;PUBLICA;-
LF002100G6T;-;BANCO SAFRA S/A;LF;False;0;-;IPCA;100;5,17;252;17/08/2026;3;53000;False;PUBLICA;-
LF002400V17;BRBFIALFI6A8;BANCO STELLANTIS S.A.;LF;False;0;-;DI;100;0,55;252;07/11/2027;6323;50000;False;PUBLICA;-
LF0026002ES;-;ITAU UNIBANCO S.A.;LF;False;0;-;DI;101,5;-;-;22/01/2029;250;55240;False;PUBLICA;-
LF002200EBH;-;BANCO SAFRA S/A;LF;False;0;-;IPCA;100;5,78;252;17/08/2026;4;50000;False;PUBLICA;-
LF002100H1V;-;BANCO SAFRA S/A;LF;False;0;-;IPCA;100;5,13;252;17/08/2026;9;50000;False;PUBLICA;-
LF002400L1M;-;ITAU UNIBANCO S.A.;LF;False;0;-;DI;102;-;-;16/08/2027;240;50000;False;PUBLICA;-
LF0021006K6;-;BANCO SAFRA S/A;LF;False;0;-;IPCA;100;3,87;252;20/08/2026;1;50000;False;PUBLICA;-
LF002200DF8;-;BANCO SAFRA S/A;LF;False;0;-;IPCA;100;6,41;252;04/05/2032;1;50000;False;PUBLICA;-
LF002200K2F;-;ITAU UNIBANCO S.A.;LF;False;0;-;PREFIXADO;-;14,19;252;22/07/2027;1;50000;False;PUBLICA;-
LF002500N23;-;ITAU UNIBANCO S.A.;LF;False;0;-;IPCA;100;8;252;15/10/2029;2;85000;False;PUBLICA;-
LF0021004DF;-;BANCO SAFRA S/A;LF;False;0;-;IPCA;100;4,11;252;17/08/2026;5;50000;False;PUBLICA;-
LF002400K9M;-;BANCO SAFRA S/A;LF;False;0;-;IPCA;100;6,29;252;15/05/2029;1;50000;False;PUBLICA;-
LF002200PST;-;ITAU UNIBANCO S.A.;LF;False;0;-;PREFIXADO;-;12,48;252;08/11/2027;1;250000;False;PUBLICA;-
LF002400JFY;-;ITAU UNIBANCO S.A.;LF;False;0;-;DI;102;-;-;16/08/2027;61;50000;False;PUBLICA;-
LF002200T1F;-;BANCO SAFRA S/A;LF;False;0;-;PREFIXADO;-;13,5;252;13/12/2028;1;50000;False;PUBLICA;-
LF002400EUK;-;BANCO SAFRA S/A;LF;False;0;-;IPCA;100;6,11;252;15/05/2045;2;50000;False;PUBLICA;-
LF002200CJZ;-;BANCO SAFRA S/A;LF;False;0;-;IPCA;100;5,73;252;17/08/2026;1;51000;False;PUBLICA;-
LF002100D12;-;BANCO SAFRA S/A;LF;False;0;-;IPCA;100;4,73;252;17/08/2026;1;50000;False;PUBLICA;-
LF0021006HH;-;BANCO SAFRA S/A;LF;False;0;-;IPCA;100;4,79;252;20/05/2031;1;50000;False;PUBLICA;-
LF0021001XK;BRBSAFLTFIG6;BANCO SAFRA S/A;LF;False;0;-;IPCA;100;3,53;252;17/08/2026;10;50000;False;PUBLICA;-
LF002100HQ3;-;BANCO SAFRA S/A;LF;False;0;-;IPCA;100;6,15;252;21/10/2026;2;50000;False;PUBLICA;-
LF002400JTK;-;ITAU UNIBANCO S.A.;LF;False;0;-;DI;102;-;-;16/08/2027;28;50000;False;PUBLICA;-
LFSC220027U;BRITUBLFI1H4;ITAU UNIBANCO HOLDING S.A;LFSC;False;0;-;DI;100;2,4;252;22/09/9999;5;300000;False;PUBLICA;-
LF002400F74;-;BANCO SAFRA S/A;LF;False;0;-;IPCA;100;6,28;252;15/05/2029;3;61666,666667;False;PUBLICA;-
LF002400FH6;-;BANCO SAFRA S/A;LF;False;0;-;IPCA;100;6,39;252;15/05/2045;1;50000;False;PUBLICA;-
LF002400O3Y;-;BANCO SAFRA S/A;LF;False;0;-;IPCA;100;6,42;252;15/05/2029;1;77255;False;PUBLICA;-
LFSN21003D5;BRBITALFIX07;ITAU UNIBANCO HOLDING S.A;LFSN;False;0;-;DI;100;2;252;21/10/2031;8;400000;False;PUBLICA;-
LF002100LG9;-;BANCO SAFRA S/A;LF;False;0;-;IPCA;100;5,6;252;17/08/2026;2;61000;False;PUBLICA;-
LF002301KSL;-;BANCO SAFRA S/A;LF;False;0;-;PREFIXADO;-;12,83;252;10/03/2028;20;50000;False;PUBLICA;-
LF002400URL;-;ITAU UNIBANCO S.A.;LF;False;0;-;DI;102;-;-;16/11/2027;30;50500;False;PUBLICA;-
LF0022000AB;-;BANCO SAFRA S/A;LF;False;0;-;IPCA;100;5,75;252;17/08/2026;2;62500;False;PUBLICA;-
LF00210021S;-;BANCO SAFRA S/A;LF;False;0;-;IPCA;100;3,78;252;17/08/2026;1;50000;False;PUBLICA;-
LF002100C5F;-;BANCO SAFRA S/A;LF;False;0;-;IPCA;100;4,87;252;17/08/2026;2;50000;False;PUBLICA;-
LFSC22002H2;BRITUBLFI1K8;ITAU UNIBANCO HOLDING S.A;LFSC;False;0;-;DI;100;2,4;252;27/09/9999;15;300000;False;PUBLICA;-
LFSC23006O6;BRITUBLFI1Q5;ITAU UNIBANCO HOLDING S.A;LFSC;False;0;-;DI;100;1,9;252;08/11/9999;1;350000;False;PUBLICA;-
LF002400DB9;-;BANCO SAFRA S/A;LF;False;0;-;IPCA;100;6,08;252;15/05/2045;1;86000;False;PUBLICA;-
LFSN21003MT;-;BANCO SAFRA S/A;LFSN;False;0;-;PREFIXADO;-;12,1;252;13/09/2030;1;300000;False;PUBLICA;-
LF002100L02;BRBSAFLTREG0;BANCO SAFRA S/A;LF;False;0;-;IPCA;100;5,56;252;17/08/2026;1;50000;False;PUBLICA;-
LF00250052O;-;ITAU UNIBANCO S.A.;LF;False;0;-;DI;101,8;-;-;15/03/2028;2;61340,76;False;PUBLICA;-
LF002100E04;-;BANCO SAFRA S/A;LF;False;0;-;IPCA;100;5,01;252;17/08/2026;4;50000;False;PUBLICA;-
LF002600KN7;-;ITAU UNIBANCO S.A.;LF;False;0;-;DI;102;-;-;09/07/2029;20;50000;False;PUBLICA;-
LF002100DQW;-;BANCO SAFRA S/A;LF;False;0;-;IPCA;100;4,87;252;17/08/2026;1;66000;False;PUBLICA;-
LF00210085J;-;BANCO SAFRA S/A;LF;False;0;-;IPCA;100;4,26;252;17/08/2026;20;50000;False;PUBLICA;-
LF0021004MD;-;BANCO SAFRA S/A;LF;False;0;-;IPCA;100;4,23;252;17/08/2026;10;50000;False;PUBLICA;-
LF002100I22;-;BANCO SAFRA S/A;LF;False;0;-;IPCA;100;5,74;252;17/08/2026;1;50000;False;PUBLICA;-
LF002100CTL;-;BANCO SAFRA S/A;LF;False;0;-;IPCA;100;5,52;252;25/08/2026;8;50000;False;PUBLICA;-
LF002400IV5;-;BANCO SAFRA S/A;LF;False;0;-;IPCA;100;6,04;252;15/05/2029;3;58666,666667;False;PUBLICA;-
LFSN21003D6;BRBITALFIX07;ITAU UNIBANCO HOLDING S.A;LFSN;False;0;-;DI;100;2;252;21/10/2031;2;400000;False;PUBLICA;-
LF002600HF3;-;ITAU UNIBANCO S.A.;LF;False;0;-;PREFIXADO;-;14,9;252;11/06/2029;20;50000;False;PUBLICA;-
LF002306HC1;-;BANCO SAFRA S/A;LF;False;0;-;IPCA;100;4,56;252;25/08/2026;14;51714,285715;False;PUBLICA;-
LF002600FIN;-;ITAU UNIBANCO S.A.;LF;False;0;-;DI;101;-;-;15/06/2029;20;50000;False;PUBLICA;-
LFSN210081O;-;BANCO SAFRA S/A;LFSN;False;0;-;IPCA;-;6,25;252;14/11/2028;4;460750;False;PUBLICA;-
LF0025003VJ;-;ITAU UNIBANCO S.A.;LF;False;0;-;DI;102;-;-;15/02/2028;1534;50011,09;False;PUBLICA;-
LF002100CKR;-;BANCO SAFRA S/A;LF;False;0;-;IPCA;100;5,02;252;17/08/2026;1;58000;False;PUBLICA;-
LF0025003MD;-;ITAU UNIBANCO S.A.;LF;False;0;-;DI;102;-;-;15/02/2028;90;50000;False;PUBLICA;-
LF0021008VF;-;BANCO SAFRA S/A;LF;False;0;-;IPCA;100;4,17;252;17/08/2026;3;53000;False;PUBLICA;-
LF0023020J7;-;ITAU UNIBANCO S.A.;LF;False;0;-;IPCA;100;6,35;252;27/03/2028;1;4915230;False;PUBLICA;-
LF002600NLM;-;ITAU UNIBANCO S.A.;LF;False;0;-;DI;101,8;-;-;15/08/2029;1200;50000;False;PUBLICA;-
LF002400NAA;-;ITAU UNIBANCO S.A.;LF;False;0;-;DI;102;-;-;15/09/2027;1741;50024,6;False;PUBLICA;-
LF002200QQK;-;BANCO SAFRA S/A;LF;False;0;-;PREFIXADO;-;13,34;252;20/11/2028;1;60000;False;PUBLICA;-
LFSC22002MV;BRITUBLFI1L6;ITAU UNIBANCO HOLDING S.A;LFSC;False;0;-;DI;100;2,4;252;28/09/9999;5;300000;False;PUBLICA;-
LF002100CI8;-;BANCO SAFRA S/A;LF;False;0;-;IPCA;100;5,17;252;17/08/2026;22;50000;False;PUBLICA;-
LF0021008M6;-;BANCO SAFRA S/A;LF;False;0;-;IPCA;100;4,22;252;17/08/2026;40;50000;False;PUBLICA;-
LF002100G44;-;BANCO SAFRA S/A;LF;False;0;-;IPCA;100;5,06;252;17/08/2026;4;57000;False;PUBLICA;-
LF0021004AJ;-;BANCO SAFRA S/A;LF;False;0;-;IPCA;100;4,11;252;17/08/2026;1;67000;False;PUBLICA;-
LF0025001RZ;-;ITAU UNIBANCO S.A.;LF;False;0;-;DI;102;-;-;18/01/2028;260;50000;False;PUBLICA;-
LF002100CGE;-;BANCO SAFRA S/A;LF;False;0;-;IPCA;100;5,17;252;17/08/2026;2;50000;False;PUBLICA;-
LF002100GUV;-;BANCO SAFRA S/A;LF;False;0;-;IPCA;100;5,07;252;17/08/2026;1;50000;False;PUBLICA;-
LF002400EZP;-;BANCO SAFRA S/A;LF;False;0;-;IPCA;100;6,1;252;15/05/2029;16;50187,5;False;PUBLICA;-
LFSN21003IR;BRBITALFIX72;ITAU UNIBANCO HOLDING S.A;LFSN;False;0;-;DI;100;2;252;22/09/2031;3;400000;False;PUBLICA;-
LF0022003X4;-;BANCO SAFRA S/A;LF;False;0;-;IPCA;100;5,5;252;17/08/2026;1;85000;False;PUBLICA;-
LF00210068N;-;BANCO SAFRA S/A;LF;False;0;-;IPCA;100;3,87;252;17/08/2026;1;50000;False;PUBLICA;-
LF002100JKA;BRBSAFLTR7R1;BANCO SAFRA S/A;LF;False;0;-;IPCA;100;5,95;252;17/08/2026;2;70000;False;PUBLICA;-
LF00220015S;-;BANCO SAFRA S/A;LF;False;0;-;IPCA;100;5,82;252;17/08/2026;54;50913,592593;False;PUBLICA;-
LF002400PD3;-;ITAU UNIBANCO S.A.;LF;False;0;-;DI;102;-;-;15/10/2027;189;50165,41;False;PUBLICA;-
LF002400RZ9;-;ITAU UNIBANCO S.A.;LF;False;0;-;DI;102;-;-;15/10/2027;94;50022,87;False;PUBLICA;-
LFSC22002SF;BRITUBLFI1M4;ITAU UNIBANCO HOLDING S.A;LFSC;False;0;-;DI;100;2,4;252;29/09/9999;1;300000;False;PUBLICA;-
LFSC22002SN;BRITUBLFI1M4;ITAU UNIBANCO HOLDING S.A;LFSC;False;0;-;DI;100;2,4;252;29/09/9999;2;300000;False;PUBLICA;-
LF002500936;-;ITAU UNIBANCO S.A.;LF;False;0;-;DI;101;-;-;17/04/2028;160;50000;False;PUBLICA;-
LF002100I2G;-;BANCO SAFRA S/A;LF;False;0;-;IPCA;100;5,83;252;15/05/2035;8;50000;False;PUBLICA;-
LF002400SMP;-;BANCO SAFRA S/A;LF;False;0;-;DI;101,25;-;-;14/10/2030;1;50000;False;PUBLICA;-
LF002100BF4;-;BANCO SAFRA S/A;LF;False;0;-;IPCA;100;4,63;252;17/08/2026;1;50000;False;PUBLICA;-
LFSN22006CQ;BRABCBLFICS0;BANCO ABC BRASIL S.A.;LFSN;False;0;-;DI;100;2,35;252;19/05/2032;23;400000;False;PUBLICA;-
LF002100MHJ;BRBSAFLFEN49;BANCO SAFRA S/A;LF;False;0;-;IPCA;100;5,57;252;17/08/2026;10;50000;False;PUBLICA;-
LF002400H0X;-;ITAU UNIBANCO S.A.;LF;False;0;-;DI;102;-;-;15/07/2027;20;50000;False;PUBLICA;-
LF002500OS7;-;ITAU UNIBANCO S.A.;LF;False;0;-;DI;101,55;-;-;17/11/2027;100;50000;False;PUBLICA;-
LF0022008G2;-;BANCO SAFRA S/A;LF;False;0;-;IPCA;100;6,57;252;17/03/2032;1;50000;False;PUBLICA;-
LF002400JBY;-;BANCO SAFRA S/A;LF;False;0;-;IPCA;100;6,18;252;15/05/2029;1;57000;False;PUBLICA;-
LFSC220028F;BRITUBLFI1H4;ITAU UNIBANCO HOLDING S.A;LFSC;False;0;-;DI;100;2,4;252;22/09/9999;27;300000;False;PUBLICA;-
LF002307GIQ;-;BANCO SAFRA S/A;LF;False;0;-;IPCA;100;5,86;252;27/09/2029;1;300000;False;PUBLICA;-
LF0021009R8;-;BANCO SAFRA S/A;LF;False;0;-;IPCA;100;4,05;252;17/08/2026;1;50000;False;PUBLICA;-
LF0025009PJ;-;ITAU UNIBANCO S.A.;LF;False;0;-;DI;101;-;-;17/04/2028;50;56816,7;False;PUBLICA;-
LF0023036Z2;-;ITAU UNIBANCO S.A.;LF;False;0;-;IPCA;100;6,06;252;11/05/2033;1;200000;False;PUBLICA;-
LF002400H1A;-;BANCO SAFRA S/A;LF;False;0;-;IPCA;100;6,7;252;26/06/2028;180;50000;False;PUBLICA;-
LF002100QP7;-;BANCO SAFRA S/A;LF;False;0;-;IPCA;100;5,36;252;17/08/2026;18;52222,222223;False;PUBLICA;-
LFSN21003KA;BRBITALFIX80;ITAU UNIBANCO HOLDING S.A;LFSN;False;0;-;DI;100;2;252;22/09/2031;644;400000;False;PUBLICA;-
LF002100MTL;BRBSAFLFEQ79;BANCO SAFRA S/A;LF;False;0;-;IPCA;100;5,51;252;17/08/2026;4;50000;False;PUBLICA;-
LF002400JZ4;-;ITAU UNIBANCO S.A.;LF;False;0;-;DI;102;-;-;16/08/2027;31;50000;False;PUBLICA;-
LF00250085H;-;ITAU UNIBANCO S.A.;LF;False;0;-;IPCA;100;8,11;252;22/03/2027;36;50000;False;PUBLICA;-
LFSC23006O1;BRITUBLFI1Q5;ITAU UNIBANCO HOLDING S.A;LFSC;False;0;-;DI;100;1,9;252;08/11/9999;2;350000;False;PUBLICA;-
LF002100G7R;-;BANCO SAFRA S/A;LF;False;0;-;IPCA;100;5,17;252;17/08/2026;1;67000;False;PUBLICA;-
LF002100NJI;BRBSAFLFEUF5;BANCO SAFRA S/A;LF;False;0;-;IPCA;100;5,47;252;17/08/2026;1;95000;False;PUBLICA;-
LF00250085I;-;ITAU UNIBANCO S.A.;LF;False;0;-;IPCA;100;8,05;252;21/03/2030;80;50000;False;PUBLICA;-
LF0021009U6;-;BANCO SAFRA S/A;LF;False;0;-;IPCA;100;4,03;252;17/08/2026;3;50000;False;PUBLICA;-
LF0021008VK;-;BANCO SAFRA S/A;LF;False;0;-;IPCA;100;4,67;252;30/06/2031;1;50000;False;PUBLICA;-
LF0021003V1;-;BANCO SAFRA S/A;LF;False;0;-;IPCA;100;4;252;17/08/2026;2;50000;False;PUBLICA;-
LF002100EHC;-;BANCO SAFRA S/A;LF;False;0;-;IPCA;100;4,88;252;17/08/2026;2;53000;False;PUBLICA;-
LF002100Q7J;-;BANCO SAFRA S/A;LF;False;0;-;IPCA;100;5,46;252;17/08/2026;1;60000;False;PUBLICA;-
LF0021002CY;-;BANCO SAFRA S/A;LF;False;0;-;IPCA;100;3,58;252;17/08/2026;4;50000;False;PUBLICA;-
LF002400WNI;-;ITAU UNIBANCO S.A.;LF;False;0;-;DI;102;-;-;15/12/2027;524;55750;False;PUBLICA;-
LF0021006N4;-;BANCO SAFRA S/A;LF;False;0;-;IPCA;100;3,99;252;17/08/2026;3;66333,333334;False;PUBLICA;-
LF00220076G;-;BANCO SAFRA S/A;LF;False;0;-;IPCA;100;5,92;252;17/08/2026;3;50000;False;PUBLICA;-
LF00210055I;-;BANCO SAFRA S/A;LF;False;0;-;IPCA;100;3,95;252;17/08/2026;6;50000;False;PUBLICA;-
LF002307DWA;BRYAHALFI1G5;BANCO YAMAHA MOTOR DO BRASIL S/A;LF;False;0;-;DI;100;1,3;252;26/09/2026;2084;100000;False;PUBLICA;-
LF0025001RX;-;ITAU UNIBANCO S.A.;LF;False;0;-;DI;102;-;-;17/01/2028;393;50860;False;PUBLICA;-
LFSN21003NC;BRBITALFIXH8;ITAU UNIBANCO HOLDING S.A;LFSN;False;0;-;DI;100;2;252;22/09/2031;5;400000;False;PUBLICA;-
LF002200470;-;BANCO SAFRA S/A;LF;False;0;-;IPCA;100;5,53;252;17/08/2026;1;78000;False;PUBLICA;-
LF0021007MK;-;BANCO SAFRA S/A;LF;False;0;-;IPCA;100;3,94;252;17/08/2026;4;80000;False;PUBLICA;-
LF0025002JO;-;ITAU UNIBANCO S.A.;LF;False;0;-;DI;102;-;-;17/01/2028;78;50490,86;False;PUBLICA;-
LF002400AEW;-;ITAU UNIBANCO S.A.;LF;False;0;-;DI;103;-;-;15/04/2027;466;50042,92;False;PUBLICA;-
LF0021004U1;-;BANCO SAFRA S/A;LF;False;0;-;IPCA;100;4,49;252;15/05/2035;1;80000;False;PUBLICA;-
LF002100GJU;-;BANCO SAFRA S/A;LF;False;0;-;IPCA;100;5,04;252;17/08/2026;1;60000;False;PUBLICA;-
LF0021003E5;-;BANCO SAFRA S/A;LF;False;0;-;IPCA;100;4,46;252;15/05/2035;1;50000;False;PUBLICA;-
LFSN220080X;-;BANCO SAFRA S/A;LFSN;False;0;-;PREFIXADO;-;14,22;252;07/06/2029;1;300000;False;PUBLICA;-
LF0023080W8;-;ITAU UNIBANCO S.A.;LF;False;0;-;PREFIXADO;-;12,05;252;30/10/2028;1;100000;False;PUBLICA;-
LF002100BH7;-;BANCO SAFRA S/A;LF;False;0;-;IPCA;100;4,64;252;17/08/2026;3;50000;False;PUBLICA;-
LF002400HQH;-;ITAU UNIBANCO S.A.;LF;False;0;-;DI;102;-;-;15/07/2027;600;50000;False;PUBLICA;-
LF0021007YB;-;BANCO SAFRA S/A;LF;False;0;-;IPCA;100;4,22;252;17/08/2026;10;50000;False;PUBLICA;-
LF0021002BC;-;BANCO SAFRA S/A;LF;False;0;-;IPCA;100;3,46;252;17/08/2026;1;185000;False;PUBLICA;-
LF00210048M;-;BANCO SAFRA S/A;LF;False;0;-;IPCA;100;4,08;252;17/08/2026;1;155000;False;PUBLICA;-
LF002100HBM;-;BANCO SAFRA S/A;LF;False;0;-;IPCA;100;5,37;252;17/08/2026;1;60609,59;False;PUBLICA;-
LF002400OQQ;-;ITAU UNIBANCO S.A.;LF;False;0;-;DI;101,8;-;-;15/09/2026;600;50000;False;PUBLICA;-
LFSN2200ADJ;-;BANCO SAFRA S/A;LFSN;False;0;-;IPCA;-;7,32;252;25/08/2032;5;400000;False;PUBLICA;-
LFSC22002SM;BRITUBLFI1M4;ITAU UNIBANCO HOLDING S.A;LFSC;False;0;-;DI;100;2,4;252;29/09/9999;1;300000;False;PUBLICA;-
LFSC22002SE;BRITUBLFI1M4;ITAU UNIBANCO HOLDING S.A;LFSC;False;0;-;DI;100;2,4;252;29/09/9999;8;300000;False;PUBLICA;-
LF002200B5X;-;BANCO SAFRA S/A;LF;False;0;-;IPCA;100;5,68;252;17/08/2026;40;50000;False;PUBLICA;-
LF002100NJB;BRBSAFLFEUN9;BANCO SAFRA S/A;LF;False;0;-;IPCA;100;5,53;252;17/08/2026;1;55000;False;PUBLICA;-
LF002100EO5;-;BANCO SAFRA S/A;LF;False;0;-;IPCA;100;4,91;252;17/08/2026;5;58600;False;PUBLICA;-
LF002100DMU;-;BANCO SAFRA S/A;LF;False;0;-;IPCA;100;5,06;252;15/05/2035;1;50000;False;PUBLICA;-
LF002400TEH;-;ITAU UNIBANCO S.A.;LF;False;0;-;DI;102;-;-;16/11/2027;7448;50005,55;False;PUBLICA;-
LF0024009XW;-;ITAU UNIBANCO S.A.;LF;False;0;-;IPCA;100;6,18;252;10/04/2034;1;1051000;False;PUBLICA;-
LF002500CL8;-;ITAU UNIBANCO S.A.;LF;False;0;-;DI;101;-;-;15/05/2028;32;50000;False;PUBLICA;-
LF002100MN6;BRBSAFLFEP21;BANCO SAFRA S/A;LF;False;0;-;IPCA;100;5,61;252;17/08/2026;6;50000;False;PUBLICA;-
LF002100QN3;-;BANCO SAFRA S/A;LF;False;0;-;IPCA;100;5,41;252;17/08/2026;1;50000;False;PUBLICA;-
LF00210090B;-;BANCO SAFRA S/A;LF;False;0;-;IPCA;100;4,18;252;17/08/2026;4;61250;False;PUBLICA;-
LF002400N7H;-;ITAU UNIBANCO S.A.;LF;False;0;-;DI;102;-;-;15/09/2027;11;50000;False;PUBLICA;-
LF002100BBV;-;BANCO SAFRA S/A;LF;False;0;-;IPCA;100;4,62;252;17/08/2026;3;50000;False;PUBLICA;-
LF002100321;-;BANCO SAFRA S/A;LF;False;0;-;IPCA;100;3,71;252;17/08/2026;1;65000;False;PUBLICA;-
LF002400N9X;-;BANCO SAFRA S/A;LF;False;0;-;IPCA;100;6,74;252;01/09/2026;200;50000;False;PUBLICA;-
LF0022006GA;-;BANCO SAFRA S/A;LF;False;0;-;IPCA;100;5,67;252;18/02/2027;1;50000;False;PUBLICA;-
LF002100F92;-;BANCO SAFRA S/A;LF;False;0;-;IPCA;100;5,01;252;17/08/2026;1;73000;False;PUBLICA;-
LF002400R7I;-;ITAU UNIBANCO S.A.;LF;False;0;-;DI;101;-;-;05/10/2026;34;50000;False;PUBLICA;-
LF002400N0L;BRBSAFLNNDV3;BANCO SAFRA S/A;LF;False;0;-;DI;100;0,35;252;26/02/2027;1600;50000;False;PUBLICA;-
LF002100B7Z;-;BANCO SAFRA S/A;LF;False;0;-;IPCA;100;4,66;252;15/05/2035;7;50000;False;PUBLICA;-
LF002400DRJ;-;BANCO SAFRA S/A;LF;False;0;-;IPCA;100;6,04;252;15/05/2045;10;50700;False;PUBLICA;-
LF0023039X1;-;BANCO BRADESCO S/A;LF;False;0;-;IPCA;100;5,59;252;15/05/2028;60;50000;False;PUBLICA;-
LF00260099N;BRTATOLFI060;BANCO TRATON BRASIL S.A.;LF;False;0;-;DI;100;0,6;252;29/03/2030;1700;50000;False;PUBLICA;-
LF0026004HN;BRBSTDLFI030;BANCO INBURSA S/A;LF;False;0;-;DI;100;0,5;252;20/02/2028;71;50000;False;PUBLICA;-
LF002400M57;-;BANCO SAFRA S/A;LF;False;0;-;IPCA;100;5,81;252;18/08/2026;1;56000;False;PUBLICA;-
LF002200CMI;-;BANCO SAFRA S/A;LF;False;0;-;IPCA;100;6,26;252;26/04/2032;1;65000;False;PUBLICA;-
LF0024007VC;-;BANCO SAFRA S/A;LF;False;0;-;DI;105,75;-;-;14/03/2029;10;50000;False;PUBLICA;-
LF00210063F;-;BANCO SAFRA S/A;LF;False;0;-;IPCA;100;3,87;252;17/08/2026;2;70000;False;PUBLICA;-
LF0024003EB;-;BANCO BMG S/A;LF;False;0;-;DI;100;1,5;252;13/11/2028;107;102027,054019;False;PUBLICA;-
LF002500RPE;-;ITAU UNIBANCO S.A.;LF;False;0;-;PREFIXADO;-;13,09;252;19/12/2028;70;50000;False;PUBLICA;-
LF0026009RT;-;ITAU UNIBANCO S.A.;LF;False;0;-;DI;101,5;-;-;16/04/2029;264;50000;False;PUBLICA;-
LFSN21003NL;BRBITALFIXG0;ITAU UNIBANCO HOLDING S.A;LFSN;False;0;-;DI;100;2;252;21/10/2031;6;400000;False;PUBLICA;-
LF002400LNA;-;ITAU UNIBANCO S.A.;LF;False;0;-;DI;102;-;-;15/06/2027;1284;50000;False;PUBLICA;-
LFSN21003E7;BRBITALFIX23;ITAU UNIBANCO HOLDING S.A;LFSN;False;0;-;DI;100;2;252;21/10/2031;11;400000;False;PUBLICA;-
LFSC220028O;BRITUBLFI1H4;ITAU UNIBANCO HOLDING S.A;LFSC;False;0;-;DI;100;2,4;252;22/09/9999;8;300000;False;PUBLICA;-
LF002100DJK;-;BANCO SAFRA S/A;LF;False;0;-;IPCA;100;4,86;252;01/09/2026;6;50000;False;PUBLICA;-
LF0021004JD;-;BANCO SAFRA S/A;LF;False;0;-;IPCA;100;4,11;252;17/08/2026;16;99937,5;False;PUBLICA;-
LF0021001MP;BRBSAFLTFDZ7;BANCO SAFRA S/A;LF;False;0;-;IPCA;100;4,24;252;26/02/2031;1;75000;False;PUBLICA;-
LF0021006CN;-;BANCO SAFRA S/A;LF;False;0;-;IPCA;100;3,92;252;17/08/2026;5;50000;False;PUBLICA;-
LF002100MMR;BRBSAFLFEOI2;BANCO SAFRA S/A;LF;False;0;-;IPCA;100;5,66;252;17/08/2026;8;50000;False;PUBLICA;-
LF002100BF2;-;BANCO SAFRA S/A;LF;False;0;-;IPCA;100;4,63;252;17/08/2026;1;50000;False;PUBLICA;-
LF002100HIP;-;BANCO SAFRA S/A;LF;False;0;-;IPCA;100;5,46;252;17/08/2026;6;50000;False;PUBLICA;-
LF002400TV4;-;ITAU UNIBANCO S.A.;LF;False;0;-;DI;102;-;-;16/11/2027;7;54285,72;False;PUBLICA;-
LF00210090H;-;BANCO SAFRA S/A;LF;False;0;-;IPCA;100;4,18;252;17/08/2026;1;50000;False;PUBLICA;-
LF002100H26;-;BANCO SAFRA S/A;LF;False;0;-;IPCA;100;5,15;252;17/08/2026;2;50000;False;PUBLICA;-
LF002200FM3;-;BANCO SAFRA S/A;LF;False;0;-;IPCA;100;6,02;252;17/08/2026;1;50000;False;PUBLICA;-
LF0026004DU;-;ITAU UNIBANCO S.A.;LF;False;0;-;DI;101,5;-;-;15/02/2029;100;50000;False;PUBLICA;-
LF002100CBZ;-;BANCO SAFRA S/A;LF;False;0;-;IPCA;100;4,93;252;17/08/2026;1;75000;False;PUBLICA;-
LF0021008SS;-;BANCO SAFRA S/A;LF;False;0;-;IPCA;100;4,1;252;17/08/2026;5;50000;False;PUBLICA;-
LF002100LVR;BRBSAFLFE1F0;BANCO SAFRA S/A;LF;False;0;-;IPCA;100;5,67;252;17/08/2026;20;50000;False;PUBLICA;-
LF00210058L;-;BANCO SAFRA S/A;LF;False;0;-;IPCA;100;3,91;252;17/08/2026;20;50000;False;PUBLICA;-
LF002400M0J;-;ITAU UNIBANCO S.A.;LF;False;0;-;DI;102;-;-;16/08/2027;1166;50000;False;PUBLICA;-
LF0025001L9;-;ITAU UNIBANCO S.A.;LF;False;0;-;IPCA;100;8,09;252;10/01/2030;1;7179000;False;PUBLICA;-
LF002400GV8;-;BANCO SAFRA S/A;LF;False;0;-;IPCA;100;6,24;252;15/05/2045;1;50000;False;PUBLICA;-
LF002100A68;-;BANCO SAFRA S/A;LF;False;0;-;IPCA;100;4,24;252;17/08/2026;1;50000;False;PUBLICA;-
LF002100AX1;-;BANCO SAFRA S/A;LF;False;0;-;IPCA;100;4,56;252;17/08/2026;1;50000;False;PUBLICA;-
LF002400DRP;-;BANCO SAFRA S/A;LF;False;0;-;IPCA;100;6,14;252;24/05/2027;2;69000;False;PUBLICA;-
LF00210048S;-;BANCO SAFRA S/A;LF;False;0;-;IPCA;100;4,08;252;17/08/2026;1;50000;False;PUBLICA;-
LF002200EP0;-;BANCO SAFRA S/A;LF;False;0;-;IPCA;100;6,46;252;24/05/2032;2;69000;False;PUBLICA;-
LF0024003LS;-;BANCO SAFRA S/A;LF;False;0;-;PREFIXADO;-;10,6;252;29/01/2029;10;50400;False;PUBLICA;-
LF002100IJO;-;BANCO SAFRA S/A;LF;False;0;-;IPCA;100;5,88;252;15/05/2035;2;50000;False;PUBLICA;-
LF0025004O9;-;ITAU UNIBANCO S.A.;LF;False;0;-;DI;102;-;-;15/02/2028;1297;50014,68;False;PUBLICA;-
LF002100PGD;-;BANCO SAFRA S/A;LF;False;0;-;IPCA;100;5,25;252;17/08/2026;1;50000;False;PUBLICA;-
LF002400QWH;-;BANCO SAFRA S/A;LF;False;0;-;IPCA;100;6,23;252;15/05/2035;3;50000;False;PUBLICA;-
LF002200FSX;-;BANCO SAFRA S/A;LF;False;0;-;IPCA;100;6,15;252;15/05/2035;1;50000;False;PUBLICA;-
LF002100FFW;-;BANCO SAFRA S/A;LF;False;0;-;IPCA;100;5,06;252;17/08/2026;4;50000;False;PUBLICA;-
LF0021007W7;-;BANCO SAFRA S/A;LF;False;0;-;IPCA;100;4,22;252;17/08/2026;2;66000;False;PUBLICA;-
LF002200KV5;-;ITAU UNIBANCO S.A.;LF;False;0;-;PREFIXADO;-;12,54;252;09/08/2027;1;450000;False;PUBLICA;-
LF002400ZUQ;-;ITAU UNIBANCO S.A.;LF;False;0;-;DI;102;-;-;15/12/2027;100;50000;False;PUBLICA;-
LF00210096E;-;BANCO SAFRA S/A;LF;False;0;-;IPCA;100;4,15;252;17/08/2026;4;50000;False;PUBLICA;-
LF002100Q1R;-;BANCO SAFRA S/A;LF;False;0;-;IPCA;100;5,54;252;17/08/2026;1;60000;False;PUBLICA;-
LF002100HPA;-;BANCO SAFRA S/A;LF;False;0;-;IPCA;100;5,55;252;17/08/2026;1;50000;False;PUBLICA;-
LF0021005T4;-;BANCO SAFRA S/A;LF;False;0;-;IPCA;100;3,89;252;17/08/2026;3;50000;False;PUBLICA;-
LFSN21003N6;BRBITALFIXH8;ITAU UNIBANCO HOLDING S.A;LFSN;False;0;-;DI;100;2;252;22/09/2031;1;400000;False;PUBLICA;-
LF0022007OD;BRBSAFLNN4B2;BANCO SAFRA S/A;LF;False;0;-;IPCA;100;7,05;252;12/03/2029;5;400000;False;PUBLICA;-
LF002600JO4;-;ITAU UNIBANCO S.A.;LF;False;0;-;DI;102;-;-;29/06/2029;390;50000;False;PUBLICA;-
LF002100CM2;-;BANCO SAFRA S/A;LF;False;0;-;IPCA;100;5,02;252;17/08/2026;1;59000;False;PUBLICA;-
LF0025005ET;-;ITAU UNIBANCO S.A.;LF;False;0;-;DI;101,8;-;-;15/03/2028;80;50000;False;PUBLICA;-
LFSC22002H8;BRITUBLFI1K8;ITAU UNIBANCO HOLDING S.A;LFSC;False;0;-;DI;100;2,4;252;27/09/9999;1;300000;False;PUBLICA;-
LF002100E8M;-;BANCO SAFRA S/A;LF;False;0;-;IPCA;100;4,98;252;17/08/2026;10;54000;False;PUBLICA;-
LF002100QSR;-;BANCO SAFRA S/A;LF;False;0;-;IPCA;100;5,43;252;17/08/2026;1;50000;False;PUBLICA;-
LF002400PCJ;-;BANCO SAFRA S/A;LF;False;0;-;IPCA;100;6,35;252;18/09/2045;7;50000;False;PUBLICA;-
LF0022001B1;-;BANCO SAFRA S/A;LF;False;0;-;IPCA;100;5,77;252;17/08/2026;1;50000;False;PUBLICA;-
LF002600L9I;-;ITAU UNIBANCO S.A.;LF;False;0;-;DI;101;-;-;15/08/2029;176;50000;False;PUBLICA;-
LF002306RU0;-;BANCO BRADESCO S/A;LF;False;0;-;DI;103,5;-;-;05/09/2028;4;50000;False;PUBLICA;-
LF002200CMH;-;BANCO SAFRA S/A;LF;False;0;-;IPCA;100;6,26;252;26/04/2032;2;50000;False;PUBLICA;-
LF0021002NH;-;BANCO SAFRA S/A;LF;False;0;-;IPCA;100;3,52;252;17/08/2026;3;50000;False;PUBLICA;-
LF00250082W;-;BANCO SAFRA S/A;LF;False;0;-;IPCA;100;7,44;252;20/09/2045;2;50000;False;PUBLICA;-
LF002600K4W;-;ITAU UNIBANCO S.A.;LF;False;0;-;DI;101,5;-;-;03/07/2028;200;51053;False;PUBLICA;-
LF002400H0R;-;ITAU UNIBANCO S.A.;LF;False;0;-;DI;102;-;-;15/07/2027;120;50000;False;PUBLICA;-
LF002100HCL;-;BANCO SAFRA S/A;LF;False;0;-;IPCA;100;5,24;252;17/08/2026;18;50000;False;PUBLICA;-
LF002400BGC;-;ITAU UNIBANCO S.A.;LF;False;0;-;IPCA;100;6,05;252;24/04/2028;1;200000;False;PUBLICA;-
LF002200J62;-;BANCO SAFRA S/A;LF;False;0;-;IPCA;100;6,3;252;06/07/2028;10;50000;False;PUBLICA;-
LF002500DV7;-;ITAU UNIBANCO S.A.;LF;False;0;-;PREFIXADO;-;14,2;252;07/06/2027;70;50000;False;PUBLICA;-
LF0022008KL;-;BANCO SAFRA S/A;LF;False;0;-;IPCA;100;6,02;252;17/08/2026;2;52500;False;PUBLICA;-
LF00210071V;-;BANCO SAFRA S/A;LF;False;0;-;IPCA;100;4,52;252;09/06/2031;14;50000;False;PUBLICA;-
LF002308DWS;BRAGBKLFI1Y4;BANCO AGIBANK S/A;LF;False;0;-;DI;100;2,1;252;07/12/2026;841;50000;False;PUBLICA;-
LF002400I7P;-;ITAU UNIBANCO S.A.;LF;False;0;-;DI;102;-;-;15/07/2027;80;54125;False;PUBLICA;-
LF0021002L6;-;BANCO SAFRA S/A;LF;False;0;-;IPCA;100;3,51;252;17/08/2026;2;50000;False;PUBLICA;-
LF002100FZJ;-;BANCO SAFRA S/A;LF;False;0;-;IPCA;100;5;252;17/08/2026;1;50000;False;PUBLICA;-
LF0021003DV;-;BANCO SAFRA S/A;LF;False;0;-;IPCA;100;3,96;252;17/08/2026;4;50000;False;PUBLICA;-
LF002400NTG;-;BANCO SAFRA S/A;LF;False;0;-;IPCA;100;6,5;252;15/05/2029;1;50000;False;PUBLICA;-
LF002500BGZ;-;ITAU UNIBANCO S.A.;LF;False;0;-;DI;101;-;-;15/05/2028;40;50000;False;PUBLICA;-
LF002100F5P;-;BANCO SAFRA S/A;LF;False;0;-;IPCA;100;5,03;252;17/08/2026;1;50000;False;PUBLICA;-
LF0021004JL;-;BANCO SAFRA S/A;LF;False;0;-;IPCA;100;4,17;252;17/08/2026;1;50000;False;PUBLICA;-
LF002400B5B;-;ITAU UNIBANCO S.A.;LF;False;0;-;IPCA;100;6,1;252;24/04/2034;1;1000000;False;PUBLICA;-
LF002100AX4;-;BANCO SAFRA S/A;LF;False;0;-;IPCA;100;4,56;252;17/08/2026;1;50000;False;PUBLICA;-
LF002400HCY;-;ITAU UNIBANCO S.A.;LF;False;0;-;DI;102;-;-;15/07/2027;300;66423,33;False;PUBLICA;-
LF0025003VO;-;ITAU UNIBANCO S.A.;LF;False;0;-;DI;102;-;-;15/02/2028;480;50000;False;PUBLICA;-
LF002600FIM;-;ITAU UNIBANCO S.A.;LF;False;0;-;DI;101,5;-;-;22/05/2028;1;1000000;False;PUBLICA;-
LF002400G3E;BRBSAFLNNDE9;BANCO SAFRA S/A;LF;False;0;-;DI;100;0,45;252;20/08/2026;75;50000;False;PUBLICA;-
LF002100DMP;-;BANCO SAFRA S/A;LF;False;0;-;IPCA;100;4,86;252;17/08/2026;3;50000;False;PUBLICA;-
LF002100953;-;BANCO SAFRA S/A;LF;False;0;-;IPCA;100;4,16;252;17/08/2026;1;50000;False;PUBLICA;-
LF0022008ZU;-;BANCO SAFRA S/A;LF;False;0;-;DI;107,5;-;-;22/03/2027;2;50000;False;PUBLICA;-
LF002400TEK;-;ITAU UNIBANCO S.A.;LF;False;0;-;DI;102;-;-;21/10/2027;2000;50000;False;PUBLICA;-
LF0025004UB;-;ITAU UNIBANCO S.A.;LF;False;0;-;DI;101,8;-;-;15/02/2028;122;50081,97;False;PUBLICA;-
LFSN21001P9;BRBSAFLFNNR6;BANCO SAFRA S/A;LFSN;False;0;-;DI;100;2;252;15/05/2028;8;300000;False;PUBLICA;-
LFSN2200AJ1;-;BANCO SAFRA S/A;LFSN;False;0;-;IPCA;-;7,82;252;08/09/2032;100;300000;False;PUBLICA;-
LF002100BA8;-;BANCO SAFRA S/A;LF;False;0;-;IPCA;100;4,66;252;17/08/2026;1;50000;False;PUBLICA;-
LF00220002P;-;BANCO SAFRA S/A;LF;False;0;-;IPCA;100;5,51;252;17/08/2026;2;51121,5;False;PUBLICA;-
LF002400OHP;-;ITAU UNIBANCO S.A.;LF;False;0;-;DI;102;-;-;15/09/2027;330;50000;False;PUBLICA;-
LF002100BA7;-;BANCO SAFRA S/A;LF;False;0;-;IPCA;100;4,66;252;17/08/2026;2;50000;False;PUBLICA;-
LF0021001IY;BRBSAFLTFD02;BANCO SAFRA S/A;LF;False;0;-;IPCA;100;4,16;252;26/02/2031;1;50000;False;PUBLICA;-
LF002400PIX;-;ITAU UNIBANCO S.A.;LF;False;0;-;DI;102;-;-;15/10/2027;800;50000;False;PUBLICA;-
LF002400A8Y;-;ITAU UNIBANCO S.A.;LF;False;0;-;DI;103;-;-;15/04/2027;29;50172,5;False;PUBLICA;-
LF002200JBO;-;BANCO SAFRA S/A;LF;False;0;-;IPCA;100;6,44;252;17/08/2026;11;52727,272728;False;PUBLICA;-
LFSN21003L4;BRBITALFIXA3;ITAU UNIBANCO HOLDING S.A;LFSN;False;0;-;DI;100;2;252;21/10/2031;1;400000;False;PUBLICA;-
LF00220086P;-;BANCO SAFRA S/A;LF;False;0;-;IPCA;100;5,95;252;17/08/2026;1;50000;False;PUBLICA;-
LF002400PFT;-;BANCO SAFRA S/A;LF;False;0;-;IPCA;100;6,33;252;18/09/2045;8;50000;False;PUBLICA;-
LF0023000H5;BRBSAFLNN9I6;BANCO SAFRA S/A;LF;False;0;-;IPCA;100;7,13;252;07/01/2030;25;100000;False;PUBLICA;-
LF002100F1P;-;BANCO SAFRA S/A;LF;False;0;-;IPCA;100;4,96;252;17/08/2026;4;50000;False;PUBLICA;-
LF00210096A;-;BANCO SAFRA S/A;LF;False;0;-;IPCA;100;4,15;252;17/08/2026;1;50000;False;PUBLICA;-
LF0021007FM;-;BANCO SAFRA S/A;LF;False;0;-;IPCA;100;4,56;252;10/06/2031;1;56000;False;PUBLICA;-
LFSN21001PG;BRBSAFLFNNR6;BANCO SAFRA S/A;LFSN;False;0;-;DI;100;2;252;15/05/2028;20;300000;False;PUBLICA;-
LF002400TJI;-;ITAU UNIBANCO S.A.;LF;False;0;-;PREFIXADO;-;12,9;252;23/10/2034;58;50000;False;PUBLICA;-
LF002400O4Q;-;ITAU UNIBANCO S.A.;LF;False;0;-;DI;102;-;-;15/09/2027;358;50000;False;PUBLICA;-
LFSC2200285;BRITUBLFI1H4;ITAU UNIBANCO HOLDING S.A;LFSC;False;0;-;DI;100;2,4;252;22/09/9999;1;300000;False;PUBLICA;-
LF002400J5F;-;ITAU UNIBANCO S.A.;LF;False;0;-;DI;102;-;-;16/08/2027;60;50000;False;PUBLICA;-
LF002400UGY;-;ITAU UNIBANCO S.A.;LF;False;0;-;DI;102;-;-;16/11/2027;39;50368,12;False;PUBLICA;-
LF002500RPD;-;ITAU UNIBANCO S.A.;LF;False;0;-;PREFIXADO;-;13,3;252;18/12/2029;70;50000;False;PUBLICA;-
LF0023000CG;BRBSAFLNN9H8;BANCO SAFRA S/A;LF;False;0;-;IPCA;100;7,03;252;04/01/2030;10;100000;False;PUBLICA;-
LFSN21003IZ;BRBITALFIX64;ITAU UNIBANCO HOLDING S.A;LFSN;False;0;-;DI;100;2;252;21/10/2031;3;400000;False;PUBLICA;-
LF002400B5A;-;ITAU UNIBANCO S.A.;LF;False;0;-;DI;103;-;-;17/05/2027;178;52000;False;PUBLICA;-
LF0021006UZ;-;BANCO SAFRA S/A;LF;False;0;-;IPCA;100;3,86;252;17/08/2026;50;50000;False;PUBLICA;-
LF0021003IL;-;BANCO SAFRA S/A;LF;False;0;-;IPCA;100;4,66;252;15/05/2035;20;50000;False;PUBLICA;-
LF0021003RI;-;BANCO SAFRA S/A;LF;False;0;-;IPCA;100;3,88;252;17/08/2026;4;65000;False;PUBLICA;-
LFSN21003DP;BRBITALFIX23;ITAU UNIBANCO HOLDING S.A;LFSN;False;0;-;DI;100;2;252;21/10/2031;1;400000;False;PUBLICA;-
LF002100H96;-;BANCO SAFRA S/A;LF;False;0;-;IPCA;100;5,26;252;17/08/2026;5;50000;False;PUBLICA;-
LF002400WNL;-;ITAU UNIBANCO S.A.;LF;False;0;-;DI;102;-;-;15/12/2027;64;50000;False;PUBLICA;-
LF002100MM4;BRBSAFLFEO89;BANCO SAFRA S/A;LF;False;0;-;IPCA;100;5,61;252;17/08/2026;4;50000;False;PUBLICA;-
LF002300PRT;-;BANCO SAFRA S/A;LF;False;0;-;IPCA;100;6,12;252;05/02/2029;2;64000;False;PUBLICA;-
LF002308I0P;-;BANCO SAFRA S/A;LF;False;0;-;DI;106;-;-;16/12/2026;832;50024,038462;False;PUBLICA;-
LF002100GXO;-;BANCO SAFRA S/A;LF;False;0;-;IPCA;100;5,05;252;17/08/2026;16;50000;False;PUBLICA;-
LF002100HCK;-;BANCO SAFRA S/A;LF;False;0;-;IPCA;100;5,37;252;17/08/2026;2;50000;False;PUBLICA;-
LF002100F4L;-;BANCO SAFRA S/A;LF;False;0;-;IPCA;100;5,03;252;17/08/2026;1;50000;False;PUBLICA;-
LF002400SFX;-;ITAU UNIBANCO S.A.;LF;False;0;-;IPCA;100;6,98;252;11/10/2028;1;800000;False;PUBLICA;-
LF0025002JN;-;ITAU UNIBANCO S.A.;LF;False;0;-;DI;102;-;-;18/01/2027;24;50000;False;PUBLICA;-
LF002400MYP;-;ITAU UNIBANCO S.A.;LF;False;0;-;DI;102;-;-;15/09/2027;36;50000;False;PUBLICA;-
LF002400SX6;-;ITAU UNIBANCO S.A.;LF;False;0;-;DI;102;-;-;16/11/2027;14;52857,15;False;PUBLICA;-
LF002400EGH;-;BANCO SAFRA S/A;LF;False;0;-;PREFIXADO;-;11,7;252;01/06/2027;100;50000;False;PUBLICA;-
LF002301UIH;-;BANCO SAFRA S/A;LF;False;0;-;IPCA;100;5,46;252;23/03/2027;1;60000;False;PUBLICA;-
LF002400N2Z;-;BANCO SAFRA S/A;LF;False;0;-;IPCA;100;6,35;252;28/08/2028;51;50000;False;PUBLICA;-
LF0022008KE;-;BANCO SAFRA S/A;LF;False;0;-;IPCA;100;6,02;252;17/08/2026;8;51250;False;PUBLICA;-
LF0023055Z0;-;BANCO BRADESCO S/A;LF;False;0;-;PREFIXADO;-;10,65;252;17/07/2028;2;50000;False;PUBLICA;-
LF002100FEN;-;BANCO SAFRA S/A;LF;False;0;-;IPCA;100;5,06;252;17/08/2026;2;50000;False;PUBLICA;-
LFSN21003HR;BRBITALFIX64;ITAU UNIBANCO HOLDING S.A;LFSN;False;0;-;DI;100;2;252;21/10/2031;2;400000;False;PUBLICA;-
LF002400M64;-;ITAU UNIBANCO S.A.;LF;False;0;-;DI;102;-;-;15/09/2027;24;50000;False;PUBLICA;-
LF002302X97;-;ITAU UNIBANCO S.A.;LF;False;0;-;IPCA;100;6,02;252;03/05/2027;2;78500;False;PUBLICA;-
LF002200CQ4;-;BANCO SAFRA S/A;LF;False;0;-;IPCA;100;5,75;252;17/08/2026;2;50000;False;PUBLICA;-
LF0021006TB;-;BANCO SAFRA S/A;LF;False;0;-;IPCA;100;3,9;252;17/08/2026;20;50000;False;PUBLICA;-
LF002100EFF;-;BANCO SAFRA S/A;LF;False;0;-;IPCA;100;4,82;252;14/09/2026;1;50000;False;PUBLICA;-
LF002200EE4;-;BANCO SAFRA S/A;LF;False;0;-;IPCA;100;6,55;252;18/05/2032;1;50000;False;PUBLICA;-
LF002100JLX;BRBSAFLTR7S9;BANCO SAFRA S/A;LF;False;0;-;IPCA;100;5,95;252;17/08/2026;3;50000;False;PUBLICA;-
LF0025005P6;-;BANCO SAFRA S/A;LF;False;0;-;IPCA;100;7,43;252;28/08/2045;1;120000;False;PUBLICA;-
LF002200H2Q;-;BANCO SAFRA S/A;LF;False;0;-;IPCA;100;6;252;17/06/2027;10;67800;False;PUBLICA;-
LF002100HCO;-;BANCO SAFRA S/A;LF;False;0;-;IPCA;100;6,04;252;19/10/2026;7;50857,142858;False;PUBLICA;-
LFSN21003JH;BRBITALFIX80;ITAU UNIBANCO HOLDING S.A;LFSN;False;0;-;DI;100;2;252;22/09/2031;226;400000;False;PUBLICA;-
LF00250035T;-;ITAU UNIBANCO S.A.;LF;False;0;-;DI;102;-;-;15/02/2028;11;50000;False;PUBLICA;-
LF002301IY1;-;BANCO SAFRA S/A;LF;False;0;-;IPCA;100;6,52;252;09/03/2027;60;50000;False;PUBLICA;-
LFSN21003MN;BRBITALFIXD7;ITAU UNIBANCO HOLDING S.A;LFSN;False;0;-;DI;100;2;252;21/10/2031;2;400000;False;PUBLICA;-
LF002400HGS;-;ITAU UNIBANCO S.A.;LF;False;0;-;DI;102;-;-;15/07/2027;24;50000;False;PUBLICA;-
LF002307N5S;-;BANCO SAFRA S/A;LF;False;0;-;PREFIXADO;-;11,75;252;05/10/2026;6;50000;False;PUBLICA;-
LF002600LTH;BRDAYCLTFCK2;BANCO DAYCOVAL S/A;LF;False;0;-;DI;100;0,58;252;23/07/2030;9310;50000;False;PUBLICA;-
LF002400O89;-;ITAU UNIBANCO S.A.;LF;False;0;-;DI;102;-;-;15/09/2027;13;51538,47;False;PUBLICA;-
LF0022008ZV;-;BANCO SAFRA S/A;LF;False;0;-;IPCA;100;6,43;252;24/03/2032;2;50000;False;PUBLICA;-
LF002100HCG;-;BANCO SAFRA S/A;LF;False;0;-;IPCA;100;5,37;252;17/08/2026;1;50000;False;PUBLICA;-
LF0021009FN;-;BANCO SAFRA S/A;LF;False;0;-;IPCA;100;4,6;252;15/05/2035;1;50000;False;PUBLICA;-
LF002400G3C;BRBSAFLNNDE9;BANCO SAFRA S/A;LF;False;0;-;DI;100;0,45;252;20/08/2026;26;50000;False;PUBLICA;-
LF0021003IQ;-;BANCO SAFRA S/A;LF;False;0;-;IPCA;100;4,01;252;17/08/2026;5;75000;False;PUBLICA;-
LF0021006HQ;-;BANCO SAFRA S/A;LF;False;0;-;IPCA;100;3,95;252;17/08/2026;2;60000;False;PUBLICA;-
LF002200A86;-;BANCO SAFRA S/A;LF;False;0;-;IPCA;100;5,84;252;15/05/2035;20;50000;False;PUBLICA;-
LF0022007AN;-;BANCO SAFRA S/A;LF;False;0;-;IPCA;100;5,97;252;17/08/2026;7;54000;False;PUBLICA;-
LF002100G6X;-;BANCO SAFRA S/A;LF;False;0;-;IPCA;100;5,17;252;17/08/2026;1;50000;False;PUBLICA;-
LF002100G6U;-;BANCO SAFRA S/A;LF;False;0;-;IPCA;100;5,17;252;17/08/2026;1;50000;False;PUBLICA;-
LFSN21003CZ;BRBITALFIX15;ITAU UNIBANCO HOLDING S.A;LFSN;False;0;-;DI;100;2;252;22/09/2031;13;400000;False;PUBLICA;-
LF002100F4G;-;BANCO SAFRA S/A;LF;False;0;-;IPCA;100;5,03;252;17/08/2026;1;50000;False;PUBLICA;-
LFSC23006OE;BRITUBLFI1Q5;ITAU UNIBANCO HOLDING S.A;LFSC;False;0;-;DI;100;1,9;252;08/11/9999;6;350000;False;PUBLICA;-
LF0022004TE;BRBSAFLNN2L5;BANCO SAFRA S/A;LF;False;0;-;DI;100;1,35;252;10/02/2027;59;50000;False;PUBLICA;-
LF002100E8V;-;BANCO SAFRA S/A;LF;False;0;-;IPCA;100;4,98;252;17/08/2026;2;50000;False;PUBLICA;-
LF002400PO5;-;ITAU UNIBANCO S.A.;LF;False;0;-;IPCA;100;6,38;252;20/09/2027;12;50000;False;PUBLICA;-
LFSN21003J3;BRBITALFIX64;ITAU UNIBANCO HOLDING S.A;LFSN;False;0;-;DI;100;2;252;21/10/2031;4;400000;False;PUBLICA;-
LF002600ENX;BRBPSALFI0I0;STELLANTIS FINANCIAMENTOS SOCIEDADE DE CREDITO FINANCIAMENTO E INVESTIMENTO S.A.;LF;False;0;-;PREFIXADO;-;14,72;252;25/05/2028;10000;50000;False;PUBLICA;-
LFSN21003N2;BRBITALFIXH8;ITAU UNIBANCO HOLDING S.A;LFSN;False;0;-;DI;100;2;252;22/09/2031;1;400000;False;PUBLICA;-
LF0021009FL;-;BANCO SAFRA S/A;LF;False;0;-;IPCA;100;4,15;252;17/08/2026;1;77000;False;PUBLICA;-
LF002400F5W;BRBSAFLNNDB5;BANCO SAFRA S/A;LF;False;0;-;IPCA;100;6,74;252;10/06/2027;40;50000;False;PUBLICA;-
LF002400OHY;-;ITAU UNIBANCO S.A.;LF;False;0;-;DI;102;-;-;15/09/2027;63;50000;False;PUBLICA;-
LF002100HBY;-;BANCO SAFRA S/A;LF;False;0;-;IPCA;100;5,37;252;17/08/2026;2;59500;False;PUBLICA;-
LF002400IK3;-;ITAU UNIBANCO S.A.;LF;False;0;-;DI;102;-;-;15/07/2027;30;50000;False;PUBLICA;-
LF0021004OT;-;BANCO SAFRA S/A;LF;False;0;-;IPCA;100;4,17;252;17/08/2026;4;77500;False;PUBLICA;-
LF002400QW9;-;BANCO SAFRA S/A;LF;False;0;-;IPCA;100;6,23;252;15/05/2035;1;50000;False;PUBLICA;-
LFSC22002BL;BRITUBLFI1I2;ITAU UNIBANCO HOLDING S.A;LFSC;False;0;-;DI;100;2,4;252;23/09/9999;21;300000;False;PUBLICA;-
LF002100NEG;BRBSAFLFETH3;BANCO SAFRA S/A;LF;False;0;-;IPCA;100;6,21;252;30/11/2026;6;50000;False;PUBLICA;-
LF0024013YP;-;ITAU UNIBANCO S.A.;LF;False;0;-;DI;102;-;-;27/12/2029;600;50000;False;PUBLICA;-
LFSN21003SX;BRBITALFIXI6;ITAU UNIBANCO HOLDING S.A;LFSN;False;0;-;DI;100;2;252;22/09/2031;454;400000;False;PUBLICA;-
LFSN21003I0;BRBITALFIX64;ITAU UNIBANCO HOLDING S.A;LFSN;False;0;-;DI;100;2;252;21/10/2031;2;400000;False;PUBLICA;-
LF002100BBZ;-;BANCO SAFRA S/A;LF;False;0;-;IPCA;100;4,62;252;17/08/2026;1;50000;False;PUBLICA;-
LF002400G4E;BRBSAFLNNDE9;BANCO SAFRA S/A;LF;False;0;-;DI;100;0,45;252;20/08/2026;10;50000;False;PUBLICA;-
LF002500ICI;-;BANCO SAFRA S/A;LF;False;0;-;IPCA;100;7,2;252;15/08/2030;175;50000;False;PUBLICA;-
LF00210048A;-;BANCO SAFRA S/A;LF;False;0;-;IPCA;100;4,01;252;17/08/2026;1;70000;False;PUBLICA;-
LF002100J9B;-;BANCO SAFRA S/A;LF;False;0;-;IPCA;100;6,01;252;17/08/2026;2;50000;False;PUBLICA;-
LF0021003UZ;-;BANCO SAFRA S/A;LF;False;0;-;IPCA;100;4,02;252;17/08/2026;6;50000;False;PUBLICA;-
LF0021005LJ;-;BANCO SAFRA S/A;LF;False;0;-;IPCA;100;3,86;252;17/08/2026;1;70000;False;PUBLICA;-
LF002400L53;BRBSAFLNNDP5;BANCO SAFRA S/A;LF;False;0;-;DI;100;0,4;252;08/01/2027;13826;50000;False;PUBLICA;-
LF002400PJ0;-;ITAU UNIBANCO S.A.;LF;False;0;-;DI;102;-;-;15/10/2027;28;50000;False;PUBLICA;-
LF0021004U2;-;BANCO SAFRA S/A;LF;False;0;-;IPCA;100;4,13;252;17/08/2026;40;50000;False;PUBLICA;-
LFSN21003I8;BRBITALFIX72;ITAU UNIBANCO HOLDING S.A;LFSN;False;0;-;DI;100;2;252;22/09/2031;3;400000;False;PUBLICA;-
LF002100JXX;BRBSAFLTR9D7;BANCO SAFRA S/A;LF;False;0;-;IPCA;100;5,61;252;17/08/2026;1;52000;False;PUBLICA;-
LF002200DMJ;-;BANCO SAFRA S/A;LF;False;0;-;IPCA;100;6,18;252;15/05/2035;1;50000;False;PUBLICA;-
LF002400G4F;BRBSAFLNNDE9;BANCO SAFRA S/A;LF;False;0;-;DI;100;0,45;252;20/08/2026;1;50000;False;PUBLICA;-
LF002200LJK;-;ITAU UNIBANCO S.A.;LF;False;0;-;PREFIXADO;-;12,53;252;19/08/2027;1;300000;False;PUBLICA;-
LF002100A43;-;BANCO SAFRA S/A;LF;False;0;-;IPCA;100;4,15;252;17/08/2026;1;50000;False;PUBLICA;-
LF002400PIP;-;ITAU UNIBANCO S.A.;LF;False;0;-;DI;102;-;-;15/10/2027;40;50000;False;PUBLICA;-
LF002400IK4;-;ITAU UNIBANCO S.A.;LF;False;0;-;DI;102;-;-;15/07/2027;61;50000;False;PUBLICA;-
LF002100BFM;-;BANCO SAFRA S/A;LF;False;0;-;IPCA;100;4,64;252;17/08/2026;2;50000;False;PUBLICA;-
LF0023016G6;-;ITAU UNIBANCO S.A.;LF;False;0;-;DI;102;-;-;29/03/2028;6;50000;False;PUBLICA;-
LF002200ALA;-;BANCO SAFRA S/A;LF;False;0;-;IPCA;100;5,68;252;05/04/2028;1;50000;False;PUBLICA;-
LF002100CQR;-;BANCO SAFRA S/A;LF;False;0;-;PREFIXADO;-;11,17;252;24/08/2026;6;50000;False;PUBLICA;-
LF002100HQY;-;BANCO SAFRA S/A;LF;False;0;-;IPCA;100;5,55;252;17/08/2026;3;50000;False;PUBLICA;-
LF002100AF8;-;BANCO SAFRA S/A;LF;False;0;-;IPCA;100;4,34;252;17/08/2026;4;50000;False;PUBLICA;-
LF002100CIZ;-;BANCO SAFRA S/A;LF;False;0;-;IPCA;100;5,11;252;17/08/2026;3;50000;False;PUBLICA;-
LF002400JW6;BRBSAFLNNDL4;BANCO SAFRA S/A;LF;False;0;-;DI;100;0,4;252;28/09/2026;16958;50000;False;PUBLICA;-
LF002200QVJ;-;ITAU UNIBANCO S.A.;LF;False;0;-;DI;108,15;-;-;16/11/2026;160;50000;False;PUBLICA;-
LF002200FGT;-;BANCO SAFRA S/A;LF;False;0;-;IPCA;100;6,09;252;15/05/2035;1;99250;False;PUBLICA;-
LF002100ENX;-;BANCO SAFRA S/A;LF;False;0;-;IPCA;100;4,91;252;17/08/2026;2;50000;False;PUBLICA;-
LF0022000MW;-;BANCO SAFRA S/A;LF;False;0;-;IPCA;100;5,76;252;17/08/2026;4;50000;False;PUBLICA;-
LF002100KDO;BRBSAFLTRBN2;BANCO SAFRA S/A;LF;False;0;-;IPCA;100;5,67;252;17/08/2026;5;50000;False;PUBLICA;-
LF002600640;-;ITAU UNIBANCO S.A.;LF;False;0;-;DI;101,5;-;-;15/03/2029;800;50000;False;PUBLICA;-
LF0022006SG;-;BANCO SAFRA S/A;LF;False;0;-;IPCA;100;5,87;252;17/08/2026;3;59666,666667;False;PUBLICA;-
LF002600MT6;-;ITAU UNIBANCO S.A.;LF;False;0;-;DI;101,5;-;-;15/08/2029;150;50000;False;PUBLICA;-
LF002400VKJ;-;ITAU UNIBANCO S.A.;LF;False;0;-;DI;102;-;-;16/11/2027;110;50000;False;PUBLICA;-
LF0022000A7;-;BANCO SAFRA S/A;LF;False;0;-;IPCA;100;5,74;252;17/08/2026;1;50000;False;PUBLICA;-
LF002100GVG;-;BANCO SAFRA S/A;LF;False;0;-;IPCA;100;5,07;252;17/08/2026;1;50000;False;PUBLICA;-
LF002100G3K;-;BANCO SAFRA S/A;LF;False;0;-;IPCA;100;5,06;252;17/08/2026;1;50000;False;PUBLICA;-
LF002400IVR;-;ITAU UNIBANCO S.A.;LF;False;0;-;DI;102;-;-;16/08/2027;196;50000;False;PUBLICA;-
LF002100HPG;-;BANCO SAFRA S/A;LF;False;0;-;IPCA;100;5,55;252;17/08/2026;1;50000;False;PUBLICA;-
LF0021004FM;-;BANCO SAFRA S/A;LF;False;0;-;IPCA;100;4,49;252;15/05/2035;10;50000;False;PUBLICA;-
LFSN22006N9;-;BANCO SAFRA S/A;LFSN;False;0;-;IPCA;-;5,81;252;22/09/2031;1;300000;False;PUBLICA;-
LF002307RXU;-;BANCO SAFRA S/A;LF;False;0;-;DI;107,5;-;-;07/10/2026;120;50000;False;PUBLICA;-
LFSC22002DR;BRITUBLFI1J0;ITAU UNIBANCO HOLDING S.A;LFSC;False;0;-;DI;100;2,4;252;26/09/9999;156;300000;False;PUBLICA;-
LFSN21003T9;BRBITALFIXI6;ITAU UNIBANCO HOLDING S.A;LFSN;False;0;-;DI;100;2;252;22/09/2031;8;400000;False;PUBLICA;-
LF002400PZ1;-;BANCO SAFRA S/A;LF;False;0;-;IPCA;100;6,4;252;25/09/2045;1;70000;False;PUBLICA;-
LF002100B80;-;BANCO SAFRA S/A;LF;False;0;-;IPCA;100;4,71;252;05/08/2031;1;62500;False;PUBLICA;-
LF002200HAX;-;BANCO SAFRA S/A;LF;False;0;-;IPCA;100;5,73;252;17/08/2026;2;50000;False;PUBLICA;-
LFSN21001PW;BRBSAFLFNNT2;BANCO SAFRA S/A;LFSN;False;0;-;DI;100;2;252;17/05/2028;1;1000000;False;PUBLICA;-
LF002400P1W;-;ITAU UNIBANCO S.A.;LF;False;0;-;DI;102;-;-;15/09/2027;26;50000;False;PUBLICA;-
LF002100DQM;-;BANCO SAFRA S/A;LF;False;0;-;IPCA;100;4,88;252;03/09/2026;2;50000;False;PUBLICA;-
LF002100CTC;-;BANCO SAFRA S/A;LF;False;0;-;IPCA;100;4,93;252;17/08/2026;2;50000;False;PUBLICA;-
LF002600L9A;-;ITAU UNIBANCO S.A.;LF;False;0;-;DI;101,5;-;-;15/08/2029;20;50000;False;PUBLICA;-
LF002600CPO;-;ITAU UNIBANCO S.A.;LF;False;0;-;DI;101,5;-;-;05/05/2031;13;50000;False;PUBLICA;-
LFSC23006SU;BRITUBLFI1R3;ITAU UNIBANCO HOLDING S.A;LFSC;False;0;-;DI;100;1,9;252;09/11/9999;2;350000;False;PUBLICA;-
LF002100CBR;-;BANCO SAFRA S/A;LF;False;0;-;IPCA;100;4,93;252;17/08/2026;2;50000;False;PUBLICA;-
LF002200IRW;-;BANCO SAFRA S/A;LF;False;0;-;IPCA;100;6,01;252;17/08/2026;10;50000;False;PUBLICA;-
LF0021007HS;-;BANCO SAFRA S/A;LF;False;0;-;IPCA;100;3,92;252;17/08/2026;1;50000;False;PUBLICA;-
LF00210043U;-;BANCO SAFRA S/A;LF;False;0;-;IPCA;100;3,98;252;17/08/2026;7;50000;False;PUBLICA;-
LF002100E2U;-;BANCO SAFRA S/A;LF;False;0;-;IPCA;100;5,12;252;17/08/2026;2;69500;False;PUBLICA;-
LF0025007NL;-;ITAU UNIBANCO S.A.;LF;False;0;-;PREFIXADO;-;14,69;252;19/03/2035;1;200000;False;PUBLICA;-
LF0025007J1;-;ITAU UNIBANCO S.A.;LF;False;0;-;DI;102;-;-;18/03/2030;5;50000;False;PUBLICA;-
LF002400R7T;BRYAHALFI1U6;BANCO YAMAHA MOTOR DO BRASIL S/A;LF;False;0;-;DI;100;0,55;252;03/10/2027;2869;100000;False;PUBLICA;-
LF002100CFF;-;BANCO SAFRA S/A;LF;False;0;-;IPCA;100;5,17;252;17/08/2026;2;66500;False;PUBLICA;-
LF002400OI1;-;ITAU UNIBANCO S.A.;LF;False;0;-;DI;102;-;-;15/09/2027;97;50000;False;PUBLICA;-
LF0021007W6;-;BANCO SAFRA S/A;LF;False;0;-;IPCA;100;4,57;252;15/05/2035;4;50000;False;PUBLICA;-
LF0023032NJ;-;BANCO BRADESCO S/A;LF;False;0;-;DI;106;-;-;08/05/2028;2;50000;False;PUBLICA;-
LF002100MNR;BRBSAFLFEOQ5;BANCO SAFRA S/A;LF;False;0;-;IPCA;100;5,46;252;24/11/2031;1;54000;False;PUBLICA;-
LF002400I7M;-;ITAU UNIBANCO S.A.;LF;False;0;-;DI;102;-;-;15/07/2027;456;50000;False;PUBLICA;-
LF002100FKA;-;BANCO SAFRA S/A;LF;False;0;-;IPCA;100;5,01;252;17/08/2026;1;50000;False;PUBLICA;-
LF002200CQG;-;BANCO SAFRA S/A;LF;False;0;-;IPCA;100;5,75;252;17/08/2026;3;50000;False;PUBLICA;-
LF002100DQZ;-;BANCO SAFRA S/A;LF;False;0;-;IPCA;100;4,87;252;17/08/2026;1;50000;False;PUBLICA;-
LF002400P56;-;ITAU UNIBANCO S.A.;LF;False;0;-;DI;102;-;-;15/10/2027;218;50045,88;False;PUBLICA;-
LF0022004TW;BRBSAFLNN2L5;BANCO SAFRA S/A;LF;False;0;-;DI;100;1,35;252;10/02/2027;3;50000;False;PUBLICA;-
LF002400N38;-;ITAU UNIBANCO S.A.;LF;False;0;-;DI;102;-;-;15/09/2027;80;50000;False;PUBLICA;-
LF0021003RW;-;BANCO SAFRA S/A;LF;False;0;-;IPCA;100;4;252;17/08/2026;1;50000;False;PUBLICA;-
LF002200EP5;-;BANCO SAFRA S/A;LF;False;0;-;IPCA;100;5,89;252;17/08/2026;5;50000;False;PUBLICA;-
LF0021006L4;-;BANCO SAFRA S/A;LF;False;0;-;IPCA;100;3,88;252;17/08/2026;1;50000;False;PUBLICA;-
LF002500KWF;-;ITAU UNIBANCO S.A.;LF;False;0;-;DI;100,5;-;-;17/01/2028;114;50008,98;False;PUBLICA;-
LF002400QWZ;-;ITAU UNIBANCO S.A.;LF;False;0;-;DI;102;-;-;15/10/2027;1967;50000;False;PUBLICA;-
LF0021006LF;-;BANCO SAFRA S/A;LF;False;0;-;IPCA;100;3,95;252;17/08/2026;8;50000;False;PUBLICA;-
LF002400JK2;-;ITAU UNIBANCO S.A.;LF;False;0;-;DI;102;-;-;16/08/2027;95;50000;False;PUBLICA;-
LF002100F4Q;-;BANCO SAFRA S/A;LF;False;0;-;IPCA;100;5,03;252;17/08/2026;6;50000;False;PUBLICA;-
LF002302RP9;-;ITAU UNIBANCO S.A.;LF;False;0;-;PREFIXADO;-;12,38;252;26/04/2027;1;65000;False;PUBLICA;-
LF002100L06;BRBSAFLTREY3;BANCO SAFRA S/A;LF;False;0;-;IPCA;100;5,65;252;17/08/2026;2;50000;False;PUBLICA;-
LF002100F9O;-;BANCO SAFRA S/A;LF;False;0;-;IPCA;100;5,05;252;17/08/2026;1;50000;False;PUBLICA;-
LF002400N37;-;ITAU UNIBANCO S.A.;LF;False;0;-;DI;102;-;-;27/08/2026;157;100000;False;PUBLICA;-
LF002100LWS;BRBSAFLFE1B9;BANCO SAFRA S/A;LF;False;0;-;IPCA;100;5,67;252;17/08/2026;1;50000;False;PUBLICA;-
LF0021003BP;-;BANCO SAFRA S/A;LF;False;0;-;IPCA;100;4,43;252;15/05/2035;2;50000;False;PUBLICA;-
LF002400L43;-;ITAU UNIBANCO S.A.;LF;False;0;-;DI;102;-;-;16/08/2027;10;61000;False;PUBLICA;-
LFSN21003D3;BRBITALFIX15;ITAU UNIBANCO HOLDING S.A;LFSN;False;0;-;DI;100;2;252;22/09/2031;150;400000;False;PUBLICA;-
LF002400HZ6;-;ITAU UNIBANCO S.A.;LF;False;0;-;DI;102;-;-;15/07/2027;66;50000;False;PUBLICA;-
LF002400O4X;-;ITAU UNIBANCO S.A.;LF;False;0;-;DI;101;-;-;08/09/2026;215;50000;False;PUBLICA;-
LF002100CKY;-;BANCO SAFRA S/A;LF;False;0;-;IPCA;100;5,02;252;17/08/2026;1;60000;False;PUBLICA;-
LF0024013CT;-;ITAU UNIBANCO S.A.;LF;False;0;-;DI;102;-;-;16/08/2027;190;52314,85;False;PUBLICA;-
LF002500533;-;ITAU UNIBANCO S.A.;LF;False;0;-;DI;101,8;-;-;15/02/2028;50;50000;False;PUBLICA;-
LF002100EEK;-;BANCO SAFRA S/A;LF;False;0;-;IPCA;100;5,3;252;14/09/2026;2;50000;False;PUBLICA;-
LF002306HCA;-;ITAU UNIBANCO S.A.;LF;False;0;-;DI;104;-;-;24/08/2026;20;50000;False;PUBLICA;-
LF002400E5D;-;BANCO SAFRA S/A;LF;False;0;-;IPCA;100;6,05;252;15/05/2045;1;70000;False;PUBLICA;-
LF0021008Y5;-;BANCO SAFRA S/A;LF;False;0;-;IPCA;100;4,17;252;17/08/2026;1;65000;False;PUBLICA;-
LF002400VV6;-;ITAU UNIBANCO S.A.;LF;False;0;-;DI;102;-;-;16/11/2027;60;50250;False;PUBLICA;-
LF002500478;-;ITAU UNIBANCO S.A.;LF;False;0;-;PREFIXADO;-;14,89;252;03/02/2027;1;245000;False;PUBLICA;-
LF00210052P;-;BANCO SAFRA S/A;LF;False;0;-;IPCA;100;4,11;252;17/08/2026;2;93500;False;PUBLICA;-
LF002200EB7;-;BANCO SAFRA S/A;LF;False;0;-;IPCA;100;5,78;252;17/08/2026;1;50000;False;PUBLICA;-
LF0025009XX;-;ITAU UNIBANCO S.A.;LF;False;0;-;DI;102;-;-;10/04/2030;50;50000;False;PUBLICA;-
LF002100891;-;BANCO SAFRA S/A;LF;False;0;-;IPCA;100;4,28;252;17/08/2026;1;50000;False;PUBLICA;-
LF002100MCJ;-;BANCO SAFRA S/A;LF;False;0;-;IPCA;100;5,57;252;17/08/2026;5;51201;False;PUBLICA;-
LF002400MBU;-;BANCO SAFRA S/A;LF;False;0;-;IPCA;100;6,24;252;15/05/2029;1;60000;False;PUBLICA;-
LF002100GUW;-;BANCO SAFRA S/A;LF;False;0;-;IPCA;100;5,59;252;13/10/2027;3;50000;False;PUBLICA;-
LF002600M07;-;ITAU UNIBANCO S.A.;LF;False;0;-;DI;101;-;-;15/08/2029;260;50000;False;PUBLICA;-
LFSN21003J2;BRBITALFIX72;ITAU UNIBANCO HOLDING S.A;LFSN;False;0;-;DI;100;2;252;22/09/2031;1;400000;False;PUBLICA;-
LF00250056W;-;ITAU UNIBANCO S.A.;LF;False;0;-;DI;101,8;-;-;15/03/2028;118;50000;False;PUBLICA;-
LF002600F5F;-;ITAU UNIBANCO S.A.;LF;False;0;-;DI;101,5;-;-;16/06/2028;100;50000;False;PUBLICA;-
LF002400IF3;-;ITAU UNIBANCO S.A.;LF;False;0;-;DI;102;-;-;15/07/2027;200;50000;False;PUBLICA;-
LF002400O8B;-;ITAU UNIBANCO S.A.;LF;False;0;-;DI;102;-;-;15/09/2027;258;50000;False;PUBLICA;-
LF002400OTN;-;ITAU UNIBANCO S.A.;LF;False;0;-;DI;102;-;-;15/09/2027;540;50000;False;PUBLICA;-
LF002100EGR;-;BANCO SAFRA S/A;LF;False;0;-;IPCA;100;4,84;252;14/09/2027;2;57257,335;False;PUBLICA;-
LF002100EOT;-;BANCO SAFRA S/A;LF;False;0;-;IPCA;100;4,91;252;17/08/2026;4;50000;False;PUBLICA;-
LF002400L63;BRBSAFLNNDP5;BANCO SAFRA S/A;LF;False;0;-;DI;100;0,4;252;08/01/2027;17;50000;False;PUBLICA;-
LF002100E3K;-;BANCO SAFRA S/A;LF;False;0;-;IPCA;100;5,12;252;17/08/2026;1;60000;False;PUBLICA;-
LFSC22002DL;BRITUBLFI1J0;ITAU UNIBANCO HOLDING S.A;LFSC;False;0;-;DI;100;2,4;252;26/09/9999;60;300000;False;PUBLICA;-
LF002100EHQ;-;BANCO SAFRA S/A;LF;False;0;-;IPCA;100;4,88;252;17/08/2026;1;50000;False;PUBLICA;-
LF002100ENR;-;BANCO SAFRA S/A;LF;False;0;-;IPCA;100;4,91;252;17/08/2026;1;50000;False;PUBLICA;-
LF002200O8A;-;BANCO SAFRA S/A;LF;False;0;-;IPCA;100;5,92;252;21/10/2030;1;500000;False;PUBLICA;-
LF0021005WF;-;BANCO SAFRA S/A;LF;False;0;-;IPCA;100;3,89;252;17/08/2026;1;541000;False;PUBLICA;-
LF002100M6V;BRBSAFLFE380;BANCO SAFRA S/A;LF;False;0;-;IPCA;100;5,67;252;17/08/2026;2;80000;False;PUBLICA;-
LFSC24000B6;BRBCXPLFI9Y9;BANCO XP S/A;LFSC;False;0;-;DI;100;2,6;252;23/02/9999;15;300000;False;PUBLICA;-
LF002100MUK;BRBSAFLFEQE6;BANCO SAFRA S/A;LF;False;0;-;IPCA;100;5,51;252;17/08/2026;1;50000;False;PUBLICA;-
LF002200G3W;-;BANCO SAFRA S/A;LF;False;0;-;IPCA;100;5,94;252;17/08/2026;4;59850;False;PUBLICA;-
LF002100CBH;-;BANCO SAFRA S/A;LF;False;0;-;IPCA;100;5,04;252;17/08/2027;1;50000;False;PUBLICA;-
LF002200OOX;-;BANCO SAFRA S/A;LF;False;0;-;PREFIXADO;-;11,52;252;25/10/2027;24;50000;False;PUBLICA;-
LF002400A0H;-;ITAU UNIBANCO S.A.;LF;False;0;-;DI;103;-;-;15/04/2027;86;50523,26;False;PUBLICA;-
LFSN21003M1;BRBITALFIXB1;ITAU UNIBANCO HOLDING S.A;LFSN;False;0;-;DI;100;2;252;22/09/2031;9;400000;False;PUBLICA;-
LF002100B9P;-;BANCO SAFRA S/A;LF;False;0;-;IPCA;100;4,66;252;17/08/2026;1;60000;False;PUBLICA;-
LF002400O83;-;ITAU UNIBANCO S.A.;LF;False;0;-;DI;102;-;-;15/09/2027;388;50077,32;False;PUBLICA;-
LF002200B00;-;BANCO SAFRA S/A;LF;False;0;-;IPCA;100;6,24;252;12/04/2032;1;50000;False;PUBLICA;-
LF0022004TI;BRBSAFLNN2L5;BANCO SAFRA S/A;LF;False;0;-;DI;100;1,35;252;10/02/2027;79;50000;False;PUBLICA;-
LF002400WEL;-;ITAU UNIBANCO S.A.;LF;False;0;-;DI;102;-;-;15/12/2027;200;50000;False;PUBLICA;-
LF002600L90;-;ITAU UNIBANCO S.A.;LF;False;0;-;DI;101;-;-;15/08/2029;220;50000;False;PUBLICA;-
LF0022000D3;-;BANCO SAFRA S/A;LF;False;0;-;IPCA;100;5,75;252;17/08/2026;2;50000;False;PUBLICA;-
LF002400GLL;-;ITAU UNIBANCO S.A.;LF;False;0;-;DI;102;-;-;15/07/2027;119;50000;False;PUBLICA;-
LF0021008Y6;-;BANCO SAFRA S/A;LF;False;0;-;IPCA;100;4,17;252;17/08/2026;1;50000;False;PUBLICA;-
LF0023021RP;-;BANCO SAFRA S/A;LF;False;0;-;DI;106,25;-;-;26/03/2029;5;58200;False;PUBLICA;-
LF002400KEO;-;ITAU UNIBANCO S.A.;LF;False;0;-;DI;102;-;-;16/08/2027;50;50000;False;PUBLICA;-
LF00250052S;-;ITAU UNIBANCO S.A.;LF;False;0;-;DI;101,8;-;-;15/03/2028;24;50000;False;PUBLICA;-
LF002100CBI;-;BANCO SAFRA S/A;LF;False;0;-;IPCA;100;4,93;252;17/08/2026;1;85000;False;PUBLICA;-
LF0021006SY;-;BANCO SAFRA S/A;LF;False;0;-;IPCA;100;4,71;252;28/05/2031;2;50000;False;PUBLICA;-
LFSC22002DS;BRITUBLFI1J0;ITAU UNIBANCO HOLDING S.A;LFSC;False;0;-;DI;100;2,4;252;26/09/9999;2;300000;False;PUBLICA;-
LF00210064W;-;BANCO SAFRA S/A;LF;False;0;-;IPCA;100;3,88;252;17/08/2026;1;205000;False;PUBLICA;-
LF00210050W;-;BANCO SAFRA S/A;LF;False;0;-;IPCA;100;4,14;252;17/08/2026;2;70000;False;PUBLICA;-
LF002500BH2;-;ITAU UNIBANCO S.A.;LF;False;0;-;DI;101,8;-;-;28/04/2027;20;50000;False;PUBLICA;-
LF002500A7L;-;ITAU UNIBANCO S.A.;LF;False;0;-;DI;101;-;-;15/05/2028;230;51000;False;PUBLICA;-
LF0022007NX;-;BANCO SAFRA S/A;LF;False;0;-;IPCA;100;6,07;252;17/08/2026;8;50000;False;PUBLICA;-
LF002200DZ4;-;BANCO SAFRA S/A;LF;False;0;-;IPCA;100;5,96;252;17/08/2026;2;50000;False;PUBLICA;-
LF0024010AT;-;ITAU UNIBANCO S.A.;LF;False;0;-;IPCA;100;7,4;252;06/12/2027;1;50000;False;PUBLICA;-
LFSN21003J1;BRBITALFIX72;ITAU UNIBANCO HOLDING S.A;LFSN;False;0;-;DI;100;2;252;22/09/2031;1;400000;False;PUBLICA;-
LF002100ABI;-;BANCO SAFRA S/A;LF;False;0;-;IPCA;100;4,32;252;17/08/2026;2;50000;False;PUBLICA;-
LF002100ELH;-;BANCO SAFRA S/A;LF;False;0;-;IPCA;100;3,79;252;18/09/2026;2;52000;False;PUBLICA;-
LF002100MD0;-;BANCO SAFRA S/A;LF;False;0;-;IPCA;100;5,56;252;17/08/2026;1;50000;False;PUBLICA;-
LF002400A8X;-;ITAU UNIBANCO S.A.;LF;False;0;-;DI;103;-;-;15/04/2027;240;50000;False;PUBLICA;-
LF002400QLU;-;BANCO SAFRA S/A;LF;False;0;-;IPCA;100;6,22;252;12/05/2045;4;55750;False;PUBLICA;-
LFSC23006OF;BRITUBLFI1Q5;ITAU UNIBANCO HOLDING S.A;LFSC;False;0;-;DI;100;1,9;252;08/11/9999;2;350000;False;PUBLICA;-
LF002100CIO;-;BANCO SAFRA S/A;LF;False;0;-;IPCA;100;5,1;252;17/08/2026;1;50000;False;PUBLICA;-
LFSN21001ZN;-;BANCO SAFRA S/A;LFSN;False;0;-;PREFIXADO;-;10,96;252;16/06/2031;1;300000;False;PUBLICA;-
LF002500GFU;-;ITAU UNIBANCO S.A.;LF;False;0;-;IPCA;100;8,93;252;21/07/2027;4;61250;False;PUBLICA;-
LF002100KYL;BRBSAFLTRE23;BANCO SAFRA S/A;LF;False;0;-;IPCA;100;5,65;252;17/08/2026;1;50000;False;PUBLICA;-
LF0021005FB;-;BANCO SAFRA S/A;LF;False;0;-;IPCA;100;4,66;252;28/04/2031;5;50000;False;PUBLICA;-
LF0021008VH;-;BANCO SAFRA S/A;LF;False;0;-;IPCA;100;4,17;252;17/08/2026;3;50000;False;PUBLICA;-
LF002200F6H;-;BANCO SAFRA S/A;LF;False;0;-;PREFIXADO;-;12,53;252;28/05/2027;1;65000;False;PUBLICA;-
LF002400SXC;BRAGBKLFI1P2;BANCO AGIBANK S/A;LF;False;0;-;DI;100;1,15;252;17/10/2027;3700;50000;False;PUBLICA;-
LF002400P5F;-;ITAU UNIBANCO S.A.;LF;False;0;-;DI;102;-;-;15/10/2027;46;50217,4;False;PUBLICA;-
LF002600N8Z;-;ITAU UNIBANCO S.A.;LF;False;0;-;DI;101,5;-;-;15/08/2029;330;50000;False;PUBLICA;-
LF002400SMN;-;BANCO SAFRA S/A;LF;False;0;-;DI;103,25;-;-;16/10/2026;153;50000;False;PUBLICA;-
LF002600MCN;-;ITAU UNIBANCO S.A.;LF;False;0;-;PREFIXADO;-;14,35;252;29/07/2031;300;50000;False;PUBLICA;-
LF0021001ZH;BRBSAFLTFIZ6;BANCO SAFRA S/A;LF;False;0;-;IPCA;100;3,68;252;17/08/2026;2;50000;False;PUBLICA;-
LF002600LCY;-;ITAU UNIBANCO S.A.;LF;False;0;-;DI;101,5;-;-;15/08/2029;48;50000;False;PUBLICA;-
LF002100G3X;-;BANCO SAFRA S/A;LF;False;0;-;IPCA;100;5,06;252;17/08/2026;1;50000;False;PUBLICA;-
LFSC22002S4;BRITUBLFI1M4;ITAU UNIBANCO HOLDING S.A;LFSC;False;0;-;DI;100;2,4;252;29/09/9999;1;300000;False;PUBLICA;-
LF002400XLB;-;ITAU UNIBANCO S.A.;LF;False;0;-;IPCA;100;7,16;252;26/11/2029;1;3000000;False;PUBLICA;-
LF0021004FJ;-;BANCO SAFRA S/A;LF;False;0;-;IPCA;100;4,04;252;17/08/2026;2;70000;False;PUBLICA;-
LF002600GXO;-;ITAU UNIBANCO S.A.;LF;False;0;-;IPCA;100;8,21;252;05/06/2028;13;50000;False;PUBLICA;-
LF002100F2B;-;BANCO SAFRA S/A;LF;False;0;-;IPCA;100;4,89;252;23/09/2026;2;52500;False;PUBLICA;-
LF002400QWY;-;ITAU UNIBANCO S.A.;LF;False;0;-;PREFIXADO;-;12,46;252;30/09/2026;260;50000;False;PUBLICA;-
LF002100CU3;-;BANCO SAFRA S/A;LF;False;0;-;IPCA;100;4,94;252;17/08/2026;1;761000;False;PUBLICA;-
LF0022008UB;-;BANCO SAFRA S/A;LF;False;0;-;IPCA;100;5,97;252;17/08/2026;1;65000;False;PUBLICA;-
LF002100CJ1;-;BANCO SAFRA S/A;LF;False;0;-;IPCA;100;5,11;252;17/08/2026;1;125000;False;PUBLICA;-
LF002400SWR;-;BANCO SAFRA S/A;LF;False;0;-;IPCA;100;6,47;252;15/05/2045;1;56000;False;PUBLICA;-
LF002400MVK;-;ITAU UNIBANCO S.A.;LF;False;0;-;IPCA;100;6,67;252;24/08/2026;33;141000;False;PUBLICA;-
LF002400PVY;-;ITAU UNIBANCO S.A.;LF;False;0;-;DI;102;-;-;15/10/2027;50;50000;False;PUBLICA;-
LF002400J1F;-;ITAU UNIBANCO S.A.;LF;False;0;-;DI;102;-;-;16/08/2027;800;50000;False;PUBLICA;-
LF002400NX7;-;BANCO SAFRA S/A;LF;False;0;-;IPCA;100;6,6;252;05/09/2029;40;50000;False;PUBLICA;-
LF002300AT3;BRDAYCLFRAZ8;BANCO DAYCOVAL S/A;LF;False;0;-;IPCA;100;7,96;252;17/01/2033;446;50000;False;PUBLICA;-
LF002500BH3;-;ITAU UNIBANCO S.A.;LF;False;0;-;DI;102;-;-;15/05/2028;2000;50000;False;PUBLICA;-
LF002600493;-;ITAU UNIBANCO S.A.;LF;False;0;-;IPCA;100;7,56;252;06/02/2031;10;50000;False;PUBLICA;-
LF002400RCI;-;ITAU UNIBANCO S.A.;LF;False;0;-;IPCA;100;6,86;252;03/10/2028;1;500000;False;PUBLICA;-
LF002400DX2;-;BANCO SAFRA S/A;LF;False;0;-;IPCA;100;6,05;252;15/05/2045;2;50000;False;PUBLICA;-
LF0021002QC;-;BANCO SAFRA S/A;LF;False;0;-;IPCA;100;3,46;252;17/08/2026;2;50000;False;PUBLICA;-
LF002100HIO;-;BANCO SAFRA S/A;LF;False;0;-;IPCA;100;5,46;252;17/08/2026;100;50000;False;PUBLICA;-
LF002200O4G;-;BANCO SAFRA S/A;LF;False;0;-;PREFIXADO;-;11,88;252;17/10/2028;1;54000;False;PUBLICA;-
LF0021003IX;-;BANCO SAFRA S/A;LF;False;0;-;IPCA;100;4,12;252;17/08/2026;5;50000;False;PUBLICA;-
LFSN21003IM;BRBITALFIX72;ITAU UNIBANCO HOLDING S.A;LFSN;False;0;-;DI;100;2;252;22/09/2031;1;400000;False;PUBLICA;-
LF002400MQD;-;ITAU UNIBANCO S.A.;LF;False;0;-;DI;102;-;-;15/09/2027;41;50867,08;False;PUBLICA;-
LF002400T2Z;-;ITAU UNIBANCO S.A.;LF;False;0;-;DI;102;-;-;16/11/2027;600;50000;False;PUBLICA;-
LF0021002L7;-;BANCO SAFRA S/A;LF;False;0;-;IPCA;100;3,51;252;17/08/2026;2;50000;False;PUBLICA;-
LF0021002NN;-;BANCO SAFRA S/A;LF;False;0;-;IPCA;100;4,25;252;15/05/2035;1;60000;False;PUBLICA;-
LF002100JLZ;BRBSAFLTR7R1;BANCO SAFRA S/A;LF;False;0;-;IPCA;100;5,95;252;17/08/2026;2;50000;False;PUBLICA;-
LF0025005M3;-;ITAU UNIBANCO S.A.;LF;False;0;-;DI;101,8;-;-;15/03/2028;106;50109,42;False;PUBLICA;-
LF002100IKC;-;BANCO SAFRA S/A;LF;False;0;-;IPCA;100;5,82;252;17/08/2026;1;55000;False;PUBLICA;-
LFSN21003M9;BRBITALFIXD7;ITAU UNIBANCO HOLDING S.A;LFSN;False;0;-;DI;100;2;252;21/10/2031;6;400000;False;PUBLICA;-
LF0024010AO;-;ITAU UNIBANCO S.A.;LF;False;0;-;DI;102;-;-;15/12/2027;69;50149,88;False;PUBLICA;-
LFSN2100249;-;BANCO SAFRA S/A;LFSN;False;0;-;IPCA;-;5,8;252;18/06/2031;27;500000;False;PUBLICA;-
LF002600NFH;-;ITAU UNIBANCO S.A.;LF;False;0;-;DI;101,5;-;-;15/08/2029;40;50000;False;PUBLICA;-
LF0021003RX;-;BANCO SAFRA S/A;LF;False;0;-;PREFIXADO;-;9,75;252;29/03/2027;1;139000;False;PUBLICA;-
LFSN21003TT;BRBITALFIXI6;ITAU UNIBANCO HOLDING S.A;LFSN;False;0;-;DI;100;2;252;22/09/2031;6;400000;False;PUBLICA;-
LF002600JC9;BRBCXPLFIQA0;BANCO XP S/A;LF;False;0;-;DI;100;0,51;252;25/06/2029;5224;50000;False;PUBLICA;-
LF002400CTQ;-;BANCO SAFRA S/A;LF;False;0;-;IPCA;100;5,61;252;14/05/2029;2;52000;False;PUBLICA;-
LF00210064I;-;BANCO SAFRA S/A;LF;False;0;-;IPCA;100;3,88;252;17/08/2026;2;60000;False;PUBLICA;-
LF002100N39;BRBSAFLFERM7;BANCO SAFRA S/A;LF;False;0;-;IPCA;100;5,45;252;17/08/2026;20;50000;False;PUBLICA;-
LF0022007JR;-;BANCO SAFRA S/A;LF;False;0;-;IPCA;100;6,11;252;17/08/2026;1;70000;False;PUBLICA;-
LF002600LK7;-;ITAU UNIBANCO S.A.;LF;False;0;-;DI;101,5;-;-;15/08/2029;2000;50000;False;PUBLICA;-
LF002400JO7;-;ITAU UNIBANCO S.A.;LF;False;0;-;PREFIXADO;-;12,03;252;24/07/2028;1;200000;False;PUBLICA;-
LFSC22002C8;BRITUBLFI1I2;ITAU UNIBANCO HOLDING S.A;LFSC;False;0;-;DI;100;2,4;252;23/09/9999;16;300000;False;PUBLICA;-
LF0022008GS;-;BANCO SAFRA S/A;LF;False;0;-;IPCA;100;6,09;252;17/08/2026;3;51000;False;PUBLICA;-
LF0026008LK;-;ITAU UNIBANCO S.A.;LF;False;0;-;DI;101,5;-;-;16/04/2029;142;50113,86;False;PUBLICA;-
LFSN21003JS;BRBITALFIX80;ITAU UNIBANCO HOLDING S.A;LFSN;False;0;-;DI;100;2;252;22/09/2031;1;400000;False;PUBLICA;-
LF002400O4L;-;ITAU UNIBANCO S.A.;LF;False;0;-;DI;102;-;-;08/09/2026;300;100000;False;PUBLICA;-
LF002400WND;-;ITAU UNIBANCO S.A.;LF;False;0;-;DI;102;-;-;15/12/2027;146;50322,5;False;PUBLICA;-
LF002100H1P;-;BANCO SAFRA S/A;LF;False;0;-;IPCA;100;5,15;252;17/08/2026;2;59000;False;PUBLICA;-
LF002400E3C;-;BANCO SAFRA S/A;LF;False;0;-;IPCA;100;6,08;252;15/05/2045;1;50000;False;PUBLICA;-
LF00260099M;BRTATOLFI052;BANCO TRATON BRASIL S.A.;LF;False;0;-;DI;100;0,5;252;29/03/2029;800;50000;False;PUBLICA;-
LF0021003J6;-;BANCO SAFRA S/A;LF;False;0;-;IPCA;100;4,01;252;17/08/2026;1;54000;False;PUBLICA;-
LF002400PCR;-;ITAU UNIBANCO S.A.;LF;False;0;-;DI;102;-;-;15/10/2027;11;51457,55;False;PUBLICA;-
LF002100K6X;BRBSAFLTRA27;BANCO SAFRA S/A;LF;False;0;-;IPCA;100;5,68;252;17/08/2026;1;50000;False;PUBLICA;-
LF002200906;-;BANCO SAFRA S/A;LF;False;0;-;IPCA;100;5,92;252;17/08/2026;8;50000;False;PUBLICA;-
LF002400S4N;-;ITAU UNIBANCO S.A.;LF;False;0;-;DI;102;-;-;15/10/2027;36;50000;False;PUBLICA;-
LF0022001B8;-;BANCO SAFRA S/A;LF;False;0;-;IPCA;100;5,77;252;17/08/2026;10;50000;False;PUBLICA;-
LF0021006N0;-;BANCO SAFRA S/A;LF;False;0;-;IPCA;100;3,97;252;17/08/2026;2;50000;False;PUBLICA;-
LF002500BN2;-;ITAU UNIBANCO S.A.;LF;False;0;-;DI;101,5;-;-;15/05/2028;608;50000;False;PUBLICA;-
LF002400UD4;-;ITAU UNIBANCO S.A.;LF;False;0;-;DI;102;-;-;16/11/2027;1157;50000;False;PUBLICA;-
LF002100FK4;-;BANCO SAFRA S/A;LF;False;0;-;IPCA;100;5,01;252;17/08/2026;1;50000;False;PUBLICA;-
LF002400KX5;-;BANCO SAFRA S/A;LF;False;0;-;PREFIXADO;-;11,08;252;09/08/2027;8;54375;False;PUBLICA;-
LF002100MCW;-;BANCO SAFRA S/A;LF;False;0;-;IPCA;100;5,56;252;17/08/2026;1;50000;False;PUBLICA;-
LF002400K67;-;ITAU UNIBANCO S.A.;LF;False;0;-;DI;102;-;-;16/08/2027;54;50000;False;PUBLICA;-
LF002400S4L;-;ITAU UNIBANCO S.A.;LF;False;0;-;DI;102;-;-;15/10/2027;16;51875;False;PUBLICA;-
LF002100JFA;BRBSAFLTR7L4;BANCO SAFRA S/A;LF;False;0;-;IPCA;100;6,38;252;01/11/2028;20;50000;False;PUBLICA;-
LF002500BVA;-;ITAU UNIBANCO S.A.;LF;False;0;-;DI;101;-;-;15/05/2028;57;50050,44;False;PUBLICA;-
LF002100OHC;-;BANCO SAFRA S/A;LF;False;0;-;IPCA;100;5,33;252;17/08/2026;5;50000;False;PUBLICA;-
LF002300J4Y;-;BANCO SAFRA S/A;LF;False;0;-;PREFIXADO;-;12,8;252;31/01/2028;1;50000;False;PUBLICA;-
LFSN250093T;BRBRSRLFI414;BANCO DO ESTADO DO RIO GRANDE DO SUL S/A;LFSN;False;0;-;DI;100;1,65;252;11/08/2035;2000;350000;False;PUBLICA;-
LF002100HD7;-;BANCO SAFRA S/A;LF;False;0;-;IPCA;100;5,37;252;17/08/2026;1;50000;False;PUBLICA;-
LFSC22002H1;BRITUBLFI1K8;ITAU UNIBANCO HOLDING S.A;LFSC;False;0;-;DI;100;2,4;252;27/09/9999;25;300000;False;PUBLICA;-
LFSC22002MK;BRITUBLFI1L6;ITAU UNIBANCO HOLDING S.A;LFSC;False;0;-;DI;100;2,4;252;28/09/9999;3;300000;False;PUBLICA;-
LF0026008PP;-;ITAU UNIBANCO S.A.;LF;False;0;-;DI;101;-;-;26/03/2029;6;50000;False;PUBLICA;-
LF002200KHG;-;ITAU UNIBANCO S.A.;LF;False;0;-;PREFIXADO;-;13,62;252;29/07/2027;1;500000;False;PUBLICA;-
LFSC2200292;BRITUBLFI1H4;ITAU UNIBANCO HOLDING S.A;LFSC;False;0;-;DI;100;2,4;252;22/09/9999;2;300000;False;PUBLICA;-
LF0022004UE;BRBSAFLNN2L5;BANCO SAFRA S/A;LF;False;0;-;DI;100;1,35;252;10/02/2027;635;50000;False;PUBLICA;-
LF0021007O8;-;BANCO SAFRA S/A;LF;False;0;-;IPCA;100;3,99;252;17/08/2026;5;50000;False;PUBLICA;-
LF002400L55;BRBSAFLNNDP5;BANCO SAFRA S/A;LF;False;0;-;DI;100;0,4;252;08/01/2027;1531;50000;False;PUBLICA;-
LF002500BGW;-;ITAU UNIBANCO S.A.;LF;False;0;-;DI;101;-;-;05/05/2028;8;53750;False;PUBLICA;-
LF0021006NA;-;BANCO SAFRA S/A;LF;False;0;-;IPCA;100;3,97;252;17/08/2026;1;90000;False;PUBLICA;-
LF002400M0I;-;ITAU UNIBANCO S.A.;LF;False;0;-;DI;101;-;-;17/08/2026;400;50000;False;PUBLICA;-
LF002303A7M;-;BANCO BRADESCO S/A;LF;False;0;-;DI;106,5;-;-;16/05/2028;16;50000;False;PUBLICA;-
LF002600H3V;BRCAMRLFI411;BANCO RCI BRASIL S.A.;LF;False;0;-;DI;100;0,32;252;09/08/2028;10820;50000;False;PUBLICA;-
LF002100G34;-;BANCO SAFRA S/A;LF;False;0;-;IPCA;100;5,06;252;17/08/2026;2;50000;False;PUBLICA;-
LFSN21001PH;BRBSAFLFNNR6;BANCO SAFRA S/A;LFSN;False;0;-;DI;100;2;252;15/05/2028;10;300000;False;PUBLICA;-
LF002500935;-;ITAU UNIBANCO S.A.;LF;False;0;-;DI;102;-;-;17/04/2028;36;50000;False;PUBLICA;-
LF002200CJQ;-;BANCO SAFRA S/A;LF;False;0;-;IPCA;100;5,79;252;17/08/2026;26;50000;False;PUBLICA;-
LF0021008DL;-;BANCO SAFRA S/A;LF;False;0;-;IPCA;100;4,28;252;17/08/2026;3;60000;False;PUBLICA;-
LF0023065AT;-;ITAU UNIBANCO S.A.;LF;False;0;-;PREFIXADO;-;10,39;252;17/08/2026;1;275000;False;PUBLICA;-
LF002100A5P;-;BANCO SAFRA S/A;LF;False;0;-;IPCA;100;4,23;252;17/08/2026;10;50200;False;PUBLICA;-
LF002100CQK;-;BANCO SAFRA S/A;LF;False;0;-;IPCA;100;4,97;252;17/08/2026;6;50000;False;PUBLICA;-
LF002400WNF;-;ITAU UNIBANCO S.A.;LF;False;0;-;PREFIXADO;-;13,55;252;19/11/2026;28;50000;False;PUBLICA;-
LF002400U6K;-;ITAU UNIBANCO S.A.;LF;False;0;-;DI;102;-;-;16/11/2027;98;50220,44;False;PUBLICA;-
LF002600I7B;-;ITAU UNIBANCO S.A.;LF;False;0;-;PREFIXADO;-;14,18;252;16/06/2028;40;54500;False;PUBLICA;-
LF002100LB6;BRBSAFLTRFQ6;BANCO SAFRA S/A;LF;False;0;-;IPCA;100;5,57;252;17/08/2026;5;50000;False;PUBLICA;-
LF0022002NH;-;BANCO SAFRA S/A;LF;False;0;-;IPCA;100;5,73;252;17/08/2026;4;60000;False;PUBLICA;-
LF002600NLO;-;ITAU UNIBANCO S.A.;LF;False;0;-;DI;101,5;-;-;15/08/2029;15;50746,54;False;PUBLICA;-
LF0021008W1;-;BANCO SAFRA S/A;LF;False;0;-;IPCA;100;4,17;252;17/08/2026;1;50000;False;PUBLICA;-
LF002200F65;-;BANCO SAFRA S/A;LF;False;0;-;IPCA;100;6,57;252;28/05/2032;3;50000;False;PUBLICA;-
LF002400JYW;-;ITAU UNIBANCO S.A.;LF;False;0;-;DI;102;-;-;16/08/2027;20;62750;False;PUBLICA;-
LF002600L96;-;ITAU UNIBANCO S.A.;LF;False;0;-;DI;101;-;-;15/08/2029;25;50000;False;PUBLICA;-
LF002100HOV;-;BANCO SAFRA S/A;LF;False;0;-;IPCA;100;5,69;252;17/08/2026;4;50000;False;PUBLICA;-
LF002400SR8;-;ITAU UNIBANCO S.A.;LF;False;0;-;IPCA;100;6,89;252;16/10/2028;1;1242000;False;PUBLICA;-
LF002400Q45;-;BANCO SAFRA S/A;LF;False;0;-;IPCA;100;6,16;252;25/09/2028;1;50000;False;PUBLICA;-
LF002100FR0;-;BANCO SAFRA S/A;LF;False;0;-;IPCA;100;5,05;252;17/08/2026;2;50000;False;PUBLICA;-
LF0021003BZ;-;BANCO SAFRA S/A;LF;False;0;-;IPCA;100;3,95;252;17/08/2026;8;518000;False;PUBLICA;-
LF0025004RS;-;ITAU UNIBANCO S.A.;LF;False;0;-;DI;101,8;-;-;15/02/2028;260;50000;False;PUBLICA;-
LF002100CR0;-;BANCO SAFRA S/A;LF;False;0;-;IPCA;100;4,96;252;17/08/2026;4;50000;False;PUBLICA;-
LF0021002HX;-;BANCO SAFRA S/A;LF;False;0;-;PREFIXADO;-;9,3;252;08/03/2027;16;125625;False;PUBLICA;-
LF002400TZN;-;ITAU UNIBANCO S.A.;LF;False;0;-;DI;102;-;-;16/11/2027;196;50000;False;PUBLICA;-
LF0023015DB;-;ITAU UNIBANCO S.A.;LF;False;0;-;PREFIXADO;-;14,34;252;25/02/2033;1;55000;False;PUBLICA;-
LF00210055V;-;BANCO SAFRA S/A;LF;False;0;-;IPCA;100;4,15;252;17/08/2026;4;50000;False;PUBLICA;-
LFSC220028S;BRITUBLFI1H4;ITAU UNIBANCO HOLDING S.A;LFSC;False;0;-;DI;100;2,4;252;22/09/9999;3;300000;False;PUBLICA;-
LF002303VTM;-;ITAU UNIBANCO S.A.;LF;False;0;-;PREFIXADO;-;12,1;252;06/06/2033;1;250000;False;PUBLICA;-
LF002600MDM;-;ITAU UNIBANCO S.A.;LF;False;0;-;IPCA;100;8,31;252;28/07/2031;60;50000;False;PUBLICA;-
LF002400NCO;-;ITAU UNIBANCO S.A.;LF;False;0;-;DI;102;-;-;15/09/2027;1400;50000;False;PUBLICA;-
LF002100FFQ;-;BANCO SAFRA S/A;LF;False;0;-;IPCA;100;5,06;252;17/08/2026;1;52000;False;PUBLICA;-
LF002200L4K;-;BANCO SAFRA S/A;LF;False;0;-;IPCA;100;5,86;252;10/08/2028;1;50000;False;PUBLICA;-
LF002100KP7;BRBSAFLTRDY5;BANCO SAFRA S/A;LF;False;0;-;PREFIXADO;-;12,37;252;09/11/2026;10;50000;False;PUBLICA;-
LF002400E38;-;BANCO SAFRA S/A;LF;False;0;-;PREFIXADO;-;11,16;252;25/05/2027;12;53250;False;PUBLICA;-
LF0024008ZN;-;ITAU UNIBANCO S.A.;LF;False;0;-;DI;103;-;-;29/03/2027;144;50000;False;PUBLICA;-
LF002301KSO;-;ITAU UNIBANCO S.A.;LF;False;0;-;PREFIXADO;-;14,26;252;14/03/2033;1;51000;False;PUBLICA;-
LF0025005SF;-;ITAU UNIBANCO S.A.;LF;False;0;-;IPCA;100;7,82;252;26/02/2029;1;259000;False;PUBLICA;-
LF002200IXU;-;BANCO SAFRA S/A;LF;False;0;-;IPCA;100;6,04;252;17/08/2026;3;61000;False;PUBLICA;-
LF002400LRH;-;BANCO SAFRA S/A;LF;False;0;-;IPCA;100;6,15;252;15/05/2029;2;50000;False;PUBLICA;-
LF002600H2U;-;ITAU UNIBANCO S.A.;LF;False;0;-;PREFIXADO;-;14,22;252;08/06/2029;1;100000;False;PUBLICA;-
LF002400AB7;-;BANCO BRADESCO S/A;LF;False;0;-;IPCA;100;5,68;252;15/05/2035;11;50000;False;PUBLICA;-
LF002400JC6;-;ITAU UNIBANCO S.A.;LF;False;0;-;IPCA;100;6,44;252;19/07/2029;1;4500000;False;PUBLICA;-
LF0025005EK;-;ITAU UNIBANCO S.A.;LF;False;0;-;DI;101,8;-;-;15/03/2028;41;51170,74;False;PUBLICA;-
LF002100QBU;-;BANCO SAFRA S/A;LF;False;0;-;IPCA;100;5,39;252;17/08/2026;3;62000;False;PUBLICA;-
LF002100CC4;-;BANCO SAFRA S/A;LF;False;0;-;IPCA;100;4,96;252;18/08/2026;3;50000;False;PUBLICA;-
LF002400NX1;-;BANCO SAFRA S/A;LF;False;0;-;IPCA;100;6,31;252;04/09/2045;10;50200;False;PUBLICA;-
LF002400PO7;-;ITAU UNIBANCO S.A.;LF;False;0;-;DI;101;-;-;21/09/2026;190;50000;False;PUBLICA;-
LF002100CR8;-;BANCO SAFRA S/A;LF;False;0;-;IPCA;100;4,92;252;17/08/2026;10;50000;False;PUBLICA;-
LF002100HJC;-;BANCO SAFRA S/A;LF;False;0;-;IPCA;100;5,46;252;17/08/2026;2;50000;False;PUBLICA;-
LFSC2200280;BRITUBLFI1H4;ITAU UNIBANCO HOLDING S.A;LFSC;False;0;-;DI;100;2,4;252;22/09/9999;23;300000;False;PUBLICA;-
LFSC23006TX;BRITUBLFI1R3;ITAU UNIBANCO HOLDING S.A;LFSC;False;0;-;DI;100;1,9;252;09/11/9999;36;350000;False;PUBLICA;-
LF002200H2S;-;BANCO SAFRA S/A;LF;False;0;-;PREFIXADO;-;13,41;252;17/06/2027;20;50000;False;PUBLICA;-
LF002400K6A;-;ITAU UNIBANCO S.A.;LF;False;0;-;DI;102;-;-;16/08/2027;25;65200;False;PUBLICA;-
LFSN21003JC;BRBITALFIX64;ITAU UNIBANCO HOLDING S.A;LFSN;False;0;-;DI;100;2;252;21/10/2031;1;400000;False;PUBLICA;-
LF002400UGX;-;ITAU UNIBANCO S.A.;LF;False;0;-;DI;102;-;-;16/11/2027;130;50000;False;PUBLICA;-
LF00220096Y;-;BANCO SAFRA S/A;LF;False;0;-;IPCA;100;6,32;252;25/03/2032;10;50000;False;PUBLICA;-
LFSN21003TU;BRBITALFIXI6;ITAU UNIBANCO HOLDING S.A;LFSN;False;0;-;DI;100;2;252;22/09/2031;14;400000;False;PUBLICA;-
LF002200MHN;-;BANCO SAFRA S/A;LF;False;0;-;PREFIXADO;-;11,8;252;06/09/2028;1;70000;False;PUBLICA;-
LF002200E8V;-;BANCO SAFRA S/A;LF;False;0;-;IPCA;100;6,42;252;17/05/2032;50;50000;False;PUBLICA;-
LF002600NFP;-;ITAU UNIBANCO S.A.;LF;False;0;-;DI;101,2;-;-;15/08/2029;36;50853,41;False;PUBLICA;-
LF002600K4U;-;ITAU UNIBANCO S.A.;LF;False;0;-;DI;101,5;-;-;02/07/2029;2;50000;False;PUBLICA;-
LF002100EW2;-;BANCO SAFRA S/A;LF;False;0;-;IPCA;100;5,05;252;22/09/2031;2;50000;False;PUBLICA;-
LF002500570;-;ITAU UNIBANCO S.A.;LF;False;0;-;DI;101,8;-;-;15/03/2028;5;58000;False;PUBLICA;-
LF0025009AO;-;ITAU UNIBANCO S.A.;LF;False;0;-;DI;101,5;-;-;17/04/2028;350;50000;False;PUBLICA;-
LF002400L54;BRBSAFLNNDP5;BANCO SAFRA S/A;LF;False;0;-;DI;100;0,4;252;08/01/2027;8;50000;False;PUBLICA;-
LF002400IRZ;-;ITAU UNIBANCO S.A.;LF;False;0;-;DI;102;-;-;15/07/2027;1;65000;False;PUBLICA;-
LF002200DZ9;-;BANCO SAFRA S/A;LF;False;0;-;IPCA;100;5,96;252;17/08/2026;1;50000;False;PUBLICA;-
LFSC23006OL;BRITUBLFI1Q5;ITAU UNIBANCO HOLDING S.A;LFSC;False;0;-;DI;100;1,9;252;08/11/9999;3;350000;False;PUBLICA;-
LFSN21003N3;BRBITALFIXH8;ITAU UNIBANCO HOLDING S.A;LFSN;False;0;-;DI;100;2;252;22/09/2031;1;400000;False;PUBLICA;-
LF0024006F6;-;BANCO SAFRA S/A;LF;False;0;-;DI;102,75;-;-;22/02/2030;1;69000;False;PUBLICA;-
LF0021003VG;-;BANCO SAFRA S/A;LF;False;0;-;IPCA;100;4,02;252;17/08/2026;4;50000;False;PUBLICA;-
LF002100HI7;-;BANCO SAFRA S/A;LF;False;0;-;IPCA;100;5,46;252;17/08/2026;13;53307,692308;False;PUBLICA;-
LF002100FJI;-;BANCO SAFRA S/A;LF;False;0;-;IPCA;100;5,01;252;17/08/2026;1;77000;False;PUBLICA;-
LF002400MVO;-;ITAU UNIBANCO S.A.;LF;False;0;-;IPCA;100;6,31;252;22/08/2028;10;59500;False;PUBLICA;-
LF002600MGR;-;ITAU UNIBANCO S.A.;LF;False;0;-;PREFIXADO;-;14,22;252;30/07/2030;5;50000;False;PUBLICA;-
LF002100FN3;-;BANCO SAFRA S/A;LF;False;0;-;IPCA;100;5,02;252;17/08/2026;10;50000;False;PUBLICA;-
LF002100J9Q;-;BANCO SAFRA S/A;LF;False;0;-;IPCA;100;6,01;252;17/08/2026;4;50000;False;PUBLICA;-
LF00210031X;-;BANCO SAFRA S/A;LF;False;0;-;IPCA;100;3,66;252;17/08/2026;5;69000;False;PUBLICA;-
LF002307OP5;-;ITAU UNIBANCO S.A.;LF;False;0;-;IPCA;100;6,06;252;04/10/2033;1;100000;False;PUBLICA;-
LF002100FJK;-;BANCO SAFRA S/A;LF;False;0;-;IPCA;100;5,01;252;17/08/2026;1;85000;False;PUBLICA;-
LF0021007YQ;-;BANCO SAFRA S/A;LF;False;0;-;IPCA;100;4,22;252;17/08/2026;2;58883,059999;False;PUBLICA;-
LF002100MH6;BRBSAFLFEMZ0;BANCO SAFRA S/A;LF;False;0;-;IPCA;100;5,58;252;17/08/2026;2;50000;False;PUBLICA;-
LF002400M56;-;BANCO SAFRA S/A;LF;False;0;-;IPCA;100;6,35;252;15/05/2029;1;50000;False;PUBLICA;-
LF002400S4P;-;ITAU UNIBANCO S.A.;LF;False;0;-;DI;102;-;-;15/10/2027;18;52691,96;False;PUBLICA;-
LF002100EBS;-;BANCO SAFRA S/A;LF;False;0;-;IPCA;100;4,93;252;17/08/2026;1;50000;False;PUBLICA;-
LF002100GQT;-;BANCO SAFRA S/A;LF;False;0;-;IPCA;100;5,08;252;17/08/2026;4;50000;False;PUBLICA;-
LF002100ERG;-;BANCO SAFRA S/A;LF;False;0;-;IPCA;100;4,99;252;17/08/2026;1;50000;False;PUBLICA;-
LF002400TEL;-;ITAU UNIBANCO S.A.;LF;False;0;-;PREFIXADO;-;13;252;22/10/2026;2000;50000;False;PUBLICA;-
LF002400G47;BRBSAFLNNDE9;BANCO SAFRA S/A;LF;False;0;-;DI;100;0,45;252;20/08/2026;17;50000;False;PUBLICA;-
LF002100AEV;-;BANCO SAFRA S/A;LF;False;0;-;IPCA;100;4,34;252;17/08/2026;1;50000;False;PUBLICA;-
LF002400LOW;BRBSAFLNNDR1;BANCO SAFRA S/A;LF;False;0;-;DI;100;0,35;252;15/02/2027;90;50000;False;PUBLICA;-
LF002100F1T;-;BANCO SAFRA S/A;LF;False;0;-;IPCA;100;4,96;252;17/08/2026;1;50000;False;PUBLICA;-
LF002400G90;-;BANCO SAFRA S/A;LF;False;0;-;IPCA;100;6,31;252;15/05/2045;1;50000;False;PUBLICA;-
LF002100G7G;-;BANCO SAFRA S/A;LF;False;0;-;IPCA;100;5,17;252;17/08/2026;6;50000;False;PUBLICA;-
LF0021004JM;-;BANCO SAFRA S/A;LF;False;0;-;IPCA;100;4,17;252;17/08/2026;1;147000;False;PUBLICA;-
LF0025005X5;-;ITAU UNIBANCO S.A.;LF;False;0;-;IPCA;100;7,8;252;26/02/2027;1;3500000;False;PUBLICA;-
LF002500FI9;BRBBDCLFCCE7;BANCO BRADESCO S/A;LF;False;0;-;IPCA;100;7,28;252;15/05/2035;19054;50000;False;PUBLICA;-
LF0022008UE;-;BANCO SAFRA S/A;LF;False;0;-;IPCA;100;6,18;252;15/05/2035;9;50000;False;PUBLICA;-
LF002500DV8;-;ITAU UNIBANCO S.A.;LF;False;0;-;DI;101,8;-;-;05/06/2028;440;50000;False;PUBLICA;-
LF002100HI0;-;BANCO SAFRA S/A;LF;False;0;-;IPCA;100;5,46;252;17/08/2026;2;70000;False;PUBLICA;-
LF0023080W9;-;ITAU UNIBANCO S.A.;LF;False;0;-;PREFIXADO;-;11,46;252;03/11/2026;1;400000;False;PUBLICA;-
LFSC22002SU;BRITUBLFI1M4;ITAU UNIBANCO HOLDING S.A;LFSC;False;0;-;DI;100;2,4;252;29/09/9999;1;300000;False;PUBLICA;-
LF0021009CY;-;BANCO SAFRA S/A;LF;False;0;-;IPCA;100;4,13;252;17/08/2026;1;50000;False;PUBLICA;-
LF002100FEU;-;BANCO SAFRA S/A;LF;False;0;-;IPCA;100;5,06;252;17/08/2026;2;50000;False;PUBLICA;-
LF002400G0V;-;BANCO SAFRA S/A;LF;False;0;-;IPCA;100;6,29;252;15/05/2045;1;50000;False;PUBLICA;-
LF002100H94;-;BANCO SAFRA S/A;LF;False;0;-;PREFIXADO;-;11,17;252;19/10/2026;6;50000;False;PUBLICA;-
LF0021004FB;-;BANCO SAFRA S/A;LF;False;0;-;IPCA;100;4;252;17/08/2026;10;50000;False;PUBLICA;-
LF002400FDC;-;BANCO SAFRA S/A;LF;False;0;-;IPCA;100;6,27;252;26/06/2035;2;50000;False;PUBLICA;-
LF002200JZ4;-;BANCO SAFRA S/A;LF;False;0;-;IPCA;100;6,52;252;21/07/2027;1;60000;False;PUBLICA;-
LF002400GDS;-;ITAU UNIBANCO S.A.;LF;False;0;-;DI;102;-;-;15/07/2027;400;50000;False;PUBLICA;-
LF00210076R;-;BANCO SAFRA S/A;LF;False;0;-;IPCA;100;4,05;252;08/06/2027;1;58000;False;PUBLICA;-
LF002500J5S;BRDCLSLFI1P3;BANCO MERCEDES BENZ DO BRASIL S/A;LF;False;0;-;PREFIXADO;-;13,88;252;22/08/2028;1310;50000;False;PUBLICA;-
LFSN21003EH;BRBITALFIX56;ITAU UNIBANCO HOLDING S.A;LFSN;False;0;-;DI;100;2;252;22/09/2031;21;400000;False;PUBLICA;-
LF002100EZ5;-;BANCO SAFRA S/A;LF;False;0;-;IPCA;100;4,88;252;17/08/2026;3;50000;False;PUBLICA;-
LF0021002B6;-;BANCO SAFRA S/A;LF;False;0;-;IPCA;100;3,61;252;17/08/2026;3;141000;False;PUBLICA;-
LF002400UK4;BRBCGMLFI9P1;BANCO GM S.A;LF;False;0;-;DI;100;0,7;252;06/11/2028;4000;50000;False;PUBLICA;-
LF002100DJO;-;BANCO SAFRA S/A;LF;False;0;-;IPCA;100;4,84;252;17/08/2026;1;50000;False;PUBLICA;-
LF0023015D2;-;ITAU UNIBANCO S.A.;LF;False;0;-;PREFIXADO;-;14,34;252;25/02/2033;1;74000;False;PUBLICA;-
LF00210021N;-;BANCO SAFRA S/A;LF;False;0;-;IPCA;100;3,78;252;17/08/2026;1;50000;False;PUBLICA;-
LF002200DJQ;-;BANCO SAFRA S/A;LF;False;0;-;IPCA;100;5,9;252;17/08/2026;1;52000;False;PUBLICA;-
LF002100B87;-;BANCO SAFRA S/A;LF;False;0;-;IPCA;100;4,45;252;17/08/2026;6;50000;False;PUBLICA;-
LF002400L5K;BRBSAFLNNDP5;BANCO SAFRA S/A;LF;False;0;-;DI;100;0,4;252;08/01/2027;65;50000;False;PUBLICA;-
LF002100EGZ;-;BANCO SAFRA S/A;LF;False;0;-;IPCA;100;4,88;252;17/08/2026;2;50550;False;PUBLICA;-
LF0021007QX;-;BANCO SAFRA S/A;LF;False;0;-;IPCA;100;3,94;252;17/08/2026;1;50000;False;PUBLICA;-
LF002500B6M;-;ITAU UNIBANCO S.A.;LF;False;0;-;DI;101,8;-;-;15/05/2028;3600;50000;False;PUBLICA;-
LF002200H0U;-;BANCO SAFRA S/A;LF;False;0;-;IPCA;100;5,93;252;17/08/2026;1;60000;False;PUBLICA;-
LF002600KER;-;ITAU UNIBANCO S.A.;LF;False;0;-;DI;101;-;-;06/07/2028;30;50000;False;PUBLICA;-
LF0021002YX;-;BANCO SAFRA S/A;LF;False;0;-;IPCA;100;3,69;252;17/08/2026;6;50000;False;PUBLICA;-
LF002500AZV;-;ITAU UNIBANCO S.A.;LF;False;0;-;DI;101,8;-;-;23/04/2027;30;50000;False;PUBLICA;-
LF002200EJV;-;BANCO SAFRA S/A;LF;False;0;-;IPCA;100;5,8;252;17/08/2026;3;64666,666667;False;PUBLICA;-
LF00210058P;-;BANCO SAFRA S/A;LF;False;0;-;IPCA;100;3,85;252;17/08/2026;1;50000;False;PUBLICA;-
LF0021009LW;-;BANCO SAFRA S/A;LF;False;0;-;IPCA;100;4,18;252;17/08/2026;2;50000;False;PUBLICA;-
LF002100ERD;-;BANCO SAFRA S/A;LF;False;0;-;IPCA;100;4,99;252;17/08/2026;1;65000;False;PUBLICA;-
LF002100BOX;-;BANCO SAFRA S/A;LF;False;0;-;IPCA;100;4,69;252;17/08/2026;2;73000;False;PUBLICA;-
LFSN22005PO;-;BANCO SAFRA S/A;LFSN;False;0;-;PREFIXADO;-;14,09;252;03/05/2032;10;565000;False;PUBLICA;-
LF002400NIJ;-;ITAU UNIBANCO S.A.;LF;False;0;-;IPCA;100;6,62;252;31/08/2026;1;200000;False;PUBLICA;-
LF002100LGW;-;BANCO SAFRA S/A;LF;False;0;-;IPCA;100;5,6;252;17/08/2026;7;50000;False;PUBLICA;-
LF002400M4R;-;BANCO SAFRA S/A;LF;False;0;-;IPCA;100;6,35;252;15/05/2029;3;50208,67;False;PUBLICA;-
LF002200EUB;-;BANCO SAFRA S/A;LF;False;0;-;IPCA;100;6,2;252;25/05/2027;1;50000;False;PUBLICA;-
LF002100LH0;-;BANCO SAFRA S/A;LF;False;0;-;IPCA;100;5,6;252;17/08/2026;2;50000;False;PUBLICA;-
LF0024009KU;-;ITAU UNIBANCO S.A.;LF;False;0;-;DI;103;-;-;15/04/2027;200;50000;False;PUBLICA;-
LF002400NII;-;ITAU UNIBANCO S.A.;LF;False;0;-;DI;102;-;-;15/09/2027;17;50000;False;PUBLICA;-
LF002400PO8;-;ITAU UNIBANCO S.A.;LF;False;0;-;DI;101;-;-;21/09/2026;563;50000;False;PUBLICA;-
LF002400JYX;-;ITAU UNIBANCO S.A.;LF;False;0;-;IPCA;100;6,42;252;26/07/2027;10;50000;False;PUBLICA;-
LF002400FIU;BRBSAFLNNDD1;BANCO SAFRA S/A;LF;False;0;-;IPCA;100;6,9;252;14/06/2027;400;50000;False;PUBLICA;-
LF002400N77;-;BANCO SAFRA S/A;LF;False;0;-;IPCA;100;6,27;252;15/05/2029;3;53333,333334;False;PUBLICA;-
LF002400P54;-;ITAU UNIBANCO S.A.;LF;False;0;-;DI;102;-;-;15/10/2027;27;50740,75;False;PUBLICA;-
LF002400Q6R;-;ITAU UNIBANCO S.A.;LF;False;0;-;DI;102;-;-;15/10/2027;50;50960;False;PUBLICA;-
LF0023028PV;-;BANCO SAFRA S/A;LF;False;0;-;PREFIXADO;-;13,53;252;02/04/2029;60;50000;False;PUBLICA;-
LF0022001OA;-;BANCO SAFRA S/A;LF;False;0;-;IPCA;100;5,75;252;17/08/2026;4;50000;False;PUBLICA;-
LF0021006WA;-;BANCO SAFRA S/A;LF;False;0;-;IPCA;100;4,77;252;02/06/2031;1;50000;False;PUBLICA;-
LF0024000C1;-;BANCO SAFRA S/A;LF;False;0;-;IPCA;100;5,53;252;03/01/2028;14;52857,142858;False;PUBLICA;-
LF00230584B;-;BANCO SAFRA S/A;LF;False;0;-;PREFIXADO;-;10,78;252;16/07/2029;33;50000;False;PUBLICA;-
LF0026004GE;-;ITAU UNIBANCO S.A.;LF;False;0;-;DI;101,5;-;-;13/03/2028;39;50000;False;PUBLICA;-
LF0021001T8;BRBSAFLTFGX5;BANCO SAFRA S/A;LF;False;0;-;IPCA;100;3,36;252;17/08/2026;2;50000;False;PUBLICA;-
LF002100D1S;-;BANCO SAFRA S/A;LF;False;0;-;IPCA;100;4,73;252;15/08/2026;38;65000;False;PUBLICA;-
LF002100DMR;-;BANCO SAFRA S/A;LF;False;0;-;IPCA;100;4,89;252;02/09/2027;1;50000;False;PUBLICA;-
LF002400T80;-;ITAU UNIBANCO S.A.;LF;False;0;-;DI;102;-;-;16/11/2027;24;50000;False;PUBLICA;-
LF002600NBL;-;ITAU UNIBANCO S.A.;LF;False;0;-;DI;101,5;-;-;15/08/2029;360;50000;False;PUBLICA;-
LF0022007AO;-;BANCO SAFRA S/A;LF;False;0;-;IPCA;100;5,97;252;17/08/2026;4;50000;False;PUBLICA;-
LF002100J9F;-;BANCO SAFRA S/A;LF;False;0;-;IPCA;100;6,01;252;17/08/2026;1;50000;False;PUBLICA;-
LF00210094M;-;BANCO SAFRA S/A;LF;False;0;-;IPCA;100;4,16;252;17/08/2026;2;50000;False;PUBLICA;-
LF0021009L2;-;BANCO SAFRA S/A;LF;False;0;-;IPCA;100;4,18;252;17/08/2026;2;66500;False;PUBLICA;-
LF002100LHD;-;BANCO SAFRA S/A;LF;False;0;-;IPCA;100;5,6;252;17/08/2026;1;85000;False;PUBLICA;-
LF002100BC3;-;BANCO SAFRA S/A;LF;False;0;-;IPCA;100;4,62;252;17/08/2026;1;76000;False;PUBLICA;-
LF002600NJB;-;ITAU UNIBANCO S.A.;LF;False;0;-;DI;101,5;-;-;15/08/2029;97;50425,28;False;PUBLICA;-
LFSN210024F;-;BANCO SAFRA S/A;LFSN;False;0;-;IPCA;-;6;252;26/06/2031;1;300000;False;PUBLICA;-
LF00250097X;BRNUFNLFI5F4;NU FINANCEIRA SA SOCIEDADE DE CREDITO FINANCIAMENTO E INVESTIMENTO;LF;False;0;-;DI;100;0,65;252;11/04/2028;7295;50000;False;PUBLICA;-
LF002305AL7;-;BANCO BRADESCO S/A;LF;False;0;-;PREFIXADO;-;10,7;252;20/07/2028;2;50000;False;PUBLICA;-
LF002100G2T;-;BANCO SAFRA S/A;LF;False;0;-;IPCA;100;5,06;252;17/08/2026;4;50000;False;PUBLICA;-
LF002400M04;-;BANCO SAFRA S/A;LF;False;0;-;IPCA;100;6,38;252;17/08/2026;4;56750;False;PUBLICA;-
LF0021005TD;-;BANCO SAFRA S/A;LF;False;0;-;IPCA;100;3,89;252;17/08/2026;4;50000;False;PUBLICA;-
LF002100KE6;BRBSAFLTRCB5;BANCO SAFRA S/A;LF;False;0;-;IPCA;100;5,67;252;17/08/2026;20;50000;False;PUBLICA;-
LF002100JFP;BRBSAFLTR7H2;BANCO SAFRA S/A;LF;False;0;-;IPCA;100;5,88;252;17/08/2026;1;50000;False;PUBLICA;-
LF0022000AD;-;BANCO SAFRA S/A;LF;False;0;-;IPCA;100;5,75;252;17/08/2026;4;50000;False;PUBLICA;-
LF002100H0A;-;BANCO SAFRA S/A;LF;False;0;-;IPCA;100;5,15;252;17/08/2026;4;50000;False;PUBLICA;-
LF002100CG8;-;BANCO SAFRA S/A;LF;False;0;-;IPCA;100;5,17;252;17/08/2026;4;50000;False;PUBLICA;-
LF00210045Y;-;BANCO SAFRA S/A;LF;False;0;-;IPCA;100;4;252;17/08/2026;1;50000;False;PUBLICA;-
LF002500F0C;BROMNILFI004;OMNI S/A CREDITO FINANCIAMENTO E INVESTIMENTO;LF;False;0;-;DI;100;2,5;252;10/07/2027;6000;50000;False;PUBLICA;-
LF0022000K1;-;BANCO SAFRA S/A;LF;False;0;-;IPCA;100;5,8;252;17/08/2026;2;57000;False;PUBLICA;-
LF002200EEB;-;BANCO SAFRA S/A;LF;False;0;-;IPCA;100;6,55;252;18/05/2032;4;55000;False;PUBLICA;-
LF002100F5C;-;BANCO SAFRA S/A;LF;False;0;-;IPCA;100;5,03;252;17/08/2026;1;50000;False;PUBLICA;-
LF002200HLO;-;BANCO SAFRA S/A;LF;False;0;-;IPCA;100;6,06;252;15/05/2035;6;50000;False;PUBLICA;-
LF002400G1F;-;BANCO SAFRA S/A;LF;False;0;-;IPCA;100;6,32;252;15/05/2029;5;50000;False;PUBLICA;-
LF002100HDD;-;BANCO SAFRA S/A;LF;False;0;-;IPCA;100;5,37;252;17/08/2026;2;50000;False;PUBLICA;-
LF002600MML;-;ITAU UNIBANCO S.A.;LF;False;0;-;DI;101,5;-;-;15/08/2029;120;50000;False;PUBLICA;-
LF002400S47;-;BANCO SAFRA S/A;LF;False;0;-;DI;102,5;-;-;13/10/2026;1;50000;False;PUBLICA;-
LF002200AJC;-;BANCO SAFRA S/A;LF;False;0;-;IPCA;100;5,8;252;05/04/2032;1;50000;False;PUBLICA;-
LF002400JW8;BRBSAFLNNDL4;BANCO SAFRA S/A;LF;False;0;-;DI;100;0,4;252;28/09/2026;133;50000;False;PUBLICA;-
LF00250069O;-;BANCO SAFRA S/A;LF;False;0;-;IPCA;100;7,3;252;28/08/2029;1;50000;False;PUBLICA;-
LF002100223;-;BANCO SAFRA S/A;LF;False;0;-;IPCA;100;3,78;252;17/08/2026;2;115000;False;PUBLICA;-
LF002100BW9;-;BANCO SAFRA S/A;LF;False;0;-;IPCA;100;4,81;252;17/08/2026;13;51538,461539;False;PUBLICA;-
LF0022005AV;-;BANCO SAFRA S/A;LF;False;0;-;IPCA;100;5,68;252;17/08/2026;1;50000;False;PUBLICA;-
LF0022007TA;-;BANCO SAFRA S/A;LF;False;0;-;IPCA;100;6,6;252;17/03/2032;1;60000;False;PUBLICA;-
LFSN21003E4;BRBITALFIX23;ITAU UNIBANCO HOLDING S.A;LFSN;False;0;-;DI;100;2;252;21/10/2031;275;400000;False;PUBLICA;-
LF002100ONU;-;BANCO SAFRA S/A;LF;False;0;-;IPCA;100;5,32;252;17/08/2026;1;50000;False;PUBLICA;-
LF002400O41;-;BANCO SAFRA S/A;LF;False;0;-;IPCA;100;6,42;252;15/05/2029;4;53250;False;PUBLICA;-
LF002400DRK;-;BANCO SAFRA S/A;LF;False;0;-;IPCA;100;6,3;252;15/05/2035;9;50000;False;PUBLICA;-
LF0021002VM;-;BANCO SAFRA S/A;LF;False;0;-;IPCA;100;3,49;252;17/08/2026;1;50000;False;PUBLICA;-
LF002400G1G;-;BANCO SAFRA S/A;LF;False;0;-;IPCA;100;6,29;252;15/05/2035;8;50000;False;PUBLICA;-
LF002100E7W;-;BANCO SAFRA S/A;LF;False;0;-;PREFIXADO;-;11,1;252;10/09/2026;220;50000;False;PUBLICA;-
LF002400UH8;-;ITAU UNIBANCO S.A.;LF;False;0;-;DI;102;-;-;16/11/2027;60;50000;False;PUBLICA;-
LF002100ORN;-;BANCO SAFRA S/A;LF;False;0;-;IPCA;100;5,29;252;17/08/2026;1;50000;False;PUBLICA;-
LF002100F27;-;BANCO SAFRA S/A;LF;False;0;-;IPCA;100;5,06;252;23/09/2031;1;70000;False;PUBLICA;-
LF002100EF6;-;BANCO SAFRA S/A;LF;False;0;-;IPCA;100;4,91;252;17/08/2026;1;75000;False;PUBLICA;-
LF0025004FE;-;ITAU UNIBANCO S.A.;LF;False;0;-;PREFIXADO;-;15,08;252;10/02/2027;12;50000;False;PUBLICA;-
LF002303MEH;-;BANCO BRADESCO S/A;LF;False;0;-;PREFIXADO;-;11,61;252;25/05/2028;4;50000;False;PUBLICA;-
LF002500CKX;-;ITAU UNIBANCO S.A.;LF;False;0;-;DI;101;-;-;15/05/2028;68;50000;False;PUBLICA;-
LF002400NX8;-;BANCO SAFRA S/A;LF;False;0;-;IPCA;100;6,49;252;15/05/2029;3;50000;False;PUBLICA;-
LF002400KUR;BRBSAFLNNDM2;BANCO SAFRA S/A;LF;False;0;-;DI;100;0,4;252;05/10/2026;83;50000;False;PUBLICA;-
LF002100NTJ;BRBSAFLFEWZ9;BANCO SAFRA S/A;LF;False;0;-;IPCA;100;5,47;252;17/08/2026;1;50000;False;PUBLICA;-
LF002200BLZ;-;BANCO SAFRA S/A;LF;False;0;-;IPCA;100;5,83;252;17/08/2026;6;53333,333334;False;PUBLICA;-
LF002200K21;-;BANCO SAFRA S/A;LF;False;0;-;IPCA;100;6,62;252;16/05/2035;1;51000;False;PUBLICA;-
LF002400K60;-;ITAU UNIBANCO S.A.;LF;False;0;-;DI;102;-;-;16/08/2027;116;50000;False;PUBLICA;-
LF002500BSY;-;ITAU UNIBANCO S.A.;LF;False;0;-;DI;102;-;-;15/05/2028;130;53729,6;False;PUBLICA;-
LF002400K68;-;ITAU UNIBANCO S.A.;LF;False;0;-;DI;102;-;-;16/08/2027;80;50000;False;PUBLICA;-
LF002100F5K;-;BANCO SAFRA S/A;LF;False;0;-;IPCA;100;5,03;252;17/08/2026;1;81000;False;PUBLICA;-
LF002600ERT;-;ITAU UNIBANCO S.A.;LF;False;0;-;DI;101;-;-;15/05/2029;560;50000;False;PUBLICA;-
LFSN21003MX;BRBITALFIXE5;ITAU UNIBANCO HOLDING S.A;LFSN;False;0;-;DI;100;2;252;21/10/2031;3;400000;False;PUBLICA;-
LF0022002ER;-;BANCO SAFRA S/A;LF;False;0;-;IPCA;100;5,65;252;17/08/2026;4;50000;False;PUBLICA;-
LF002200JBM;-;BANCO SAFRA S/A;LF;False;0;-;IPCA;100;6,44;252;17/08/2026;1;98000;False;PUBLICA;-
LFSN21003L5;BRBITALFIXA3;ITAU UNIBANCO HOLDING S.A;LFSN;False;0;-;DI;100;2;252;21/10/2031;14;400000;False;PUBLICA;-
LF002400EG5;-;BANCO SAFRA S/A;LF;False;0;-;IPCA;100;6,14;252;15/05/2029;358;50078,212291;False;PUBLICA;-
LF002100IYW;-;BANCO SAFRA S/A;LF;False;0;-;IPCA;100;5,89;252;17/08/2026;6;50000;False;PUBLICA;-
LF002400LQ9;-;ITAU UNIBANCO S.A.;LF;False;0;-;DI;102;-;-;30/11/2027;20;50000;False;PUBLICA;-
LF002400SR7;-;ITAU UNIBANCO S.A.;LF;False;0;-;DI;102;-;-;15/10/2026;120;50000;False;PUBLICA;-
LF002400L5Z;BRBSAFLNNDP5;BANCO SAFRA S/A;LF;False;0;-;DI;100;0,4;252;08/01/2027;13;50000;False;PUBLICA;-
LF002600HRH;-;ITAU UNIBANCO S.A.;LF;False;0;-;DI;101,5;-;-;11/06/2031;25;58907;False;PUBLICA;-
LF002400DHW;-;BANCO SAFRA S/A;LF;False;0;-;IPCA;100;6,02;252;15/05/2045;8;50000;False;PUBLICA;-
LF002100NTD;BRBSAFLFEWE4;BANCO SAFRA S/A;LF;False;0;-;IPCA;100;5,52;252;17/08/2026;1;50000;False;PUBLICA;-
LF002400PZG;-;ITAU UNIBANCO S.A.;LF;False;0;-;DI;102;-;-;15/10/2027;48;50000;False;PUBLICA;-
LF0025003M9;-;ITAU UNIBANCO S.A.;LF;False;0;-;DI;102;-;-;24/01/2030;1;72000;False;PUBLICA;-
LF002400P22;-;ITAU UNIBANCO S.A.;LF;False;0;-;DI;102;-;-;15/09/2027;22;51590,91;False;PUBLICA;-
LFSC23006HN;BRITUBLFI1P7;ITAU UNIBANCO HOLDING S.A;LFSC;False;0;-;DI;100;1,9;252;07/11/9999;1;350000;False;PUBLICA;-
LF002500C62;-;ITAU UNIBANCO S.A.;LF;False;0;-;IPCA;100;7,56;252;09/05/2028;10;50000;False;PUBLICA;-
LF002100DGP;BRBSAFLFEZB3;BANCO SAFRA S/A;LF;False;0;-;IPCA;100;4,76;252;17/08/2026;3;60000;False;PUBLICA;-
LF0022004TY;BRBSAFLNN2L5;BANCO SAFRA S/A;LF;False;0;-;DI;100;1,35;252;10/02/2027;12;50000;False;PUBLICA;-
LF00210070A;-;BANCO SAFRA S/A;LF;False;0;-;IPCA;100;4,53;252;09/06/2031;1;50000;False;PUBLICA;-
LF0021009Q2;-;BANCO SAFRA S/A;LF;False;0;-;IPCA;100;4,14;252;17/08/2026;2;65029,565;False;PUBLICA;-
LF0022008K0;-;BANCO SAFRA S/A;LF;False;0;-;IPCA;100;6,52;252;17/03/2032;1;80000;False;PUBLICA;-
LF002100BAJ;-;BANCO SAFRA S/A;LF;False;0;-;IPCA;100;4,67;252;17/08/2026;2;50000;False;PUBLICA;-
LF002500E5D;-;ITAU UNIBANCO S.A.;LF;False;0;-;DI;101,5;-;-;12/06/2030;1;70000;False;PUBLICA;-
LF002400RPI;-;ITAU UNIBANCO S.A.;LF;False;0;-;PREFIXADO;-;12,39;252;07/10/2026;10;50000;False;PUBLICA;-
LF002200DBG;-;BANCO SAFRA S/A;LF;False;0;-;IPCA;100;5,74;252;17/08/2026;4;50000;False;PUBLICA;-
LF002400G3I;BRBSAFLNNDE9;BANCO SAFRA S/A;LF;False;0;-;DI;100;0,45;252;20/08/2026;73;50000;False;PUBLICA;-
LF002100DY8;-;BANCO SAFRA S/A;LF;False;0;-;IPCA;100;4,96;252;17/08/2026;2;50000;False;PUBLICA;-
LF002400RP6;-;BANCO SAFRA S/A;LF;False;0;-;IPCA;100;6,44;252;15/05/2045;1;50000;False;PUBLICA;-
LF002200DQD;-;BANCO SAFRA S/A;LF;False;0;-;IPCA;100;5,88;252;17/08/2026;2;50000;False;PUBLICA;-
LF002400DB8;-;BANCO SAFRA S/A;LF;False;0;-;IPCA;100;6;252;17/05/2029;2;50000;False;PUBLICA;-
LF002400EUH;-;BANCO SAFRA S/A;LF;False;0;-;IPCA;100;6,11;252;15/05/2029;2;50000;False;PUBLICA;-
LF0021007VJ;-;BANCO SAFRA S/A;LF;False;0;-;IPCA;100;4,22;252;17/08/2026;16;50000;False;PUBLICA;-
LF002400PVC;-;BANCO SAFRA S/A;LF;False;0;-;IPCA;100;6,82;252;28/08/2029;94;50044,19149;False;PUBLICA;-
LF0021003E9;-;BANCO SAFRA S/A;LF;False;0;-;IPCA;100;4,47;252;15/05/2035;8;50000;False;PUBLICA;-
LFSN21003I3;BRBITALFIX64;ITAU UNIBANCO HOLDING S.A;LFSN;False;0;-;DI;100;2;252;21/10/2031;16;400000;False;PUBLICA;-
LFSN21003IH;BRBITALFIX72;ITAU UNIBANCO HOLDING S.A;LFSN;False;0;-;DI;100;2;252;22/09/2031;2;400000;False;PUBLICA;-
LF002600MQ7;-;ITAU UNIBANCO S.A.;LF;False;0;-;DI;101,5;-;-;15/08/2029;21;51103,01;False;PUBLICA;-
LF002600562;-;ITAU UNIBANCO S.A.;LF;False;0;-;DI;101,5;-;-;15/03/2029;1000;50000;False;PUBLICA;-
LF002600I1E;-;ITAU UNIBANCO S.A.;LF;False;0;-;DI;101,5;-;-;16/06/2028;7;51000;False;PUBLICA;-
LF002100C4W;-;BANCO SAFRA S/A;LF;False;0;-;PREFIXADO;-;10,06;252;20/08/2026;7;50000;False;PUBLICA;-
LF002400H0J;-;BANCO SAFRA S/A;LF;False;0;-;IPCA;100;6,67;252;26/06/2028;48;50729,166667;False;PUBLICA;-
LF002200LF5;-;BANCO SAFRA S/A;LF;False;0;-;PREFIXADO;-;12,01;252;17/08/2027;8;50000;False;PUBLICA;-
LF002306YRV;-;BANCO SAFRA S/A;LF;False;0;-;PREFIXADO;-;10,21;252;14/09/2027;1;50000;False;PUBLICA;-
LF0023070H1;-;BANCO BRADESCO S/A;LF;False;0;-;IPCA;100;5,07;252;15/05/2035;1;70000;False;PUBLICA;-
LF002400PCG;-;BANCO SAFRA S/A;LF;False;0;-;IPCA;100;6,35;252;18/09/2045;10;50000;False;PUBLICA;-
LF002400G3O;BRBSAFLNNDE9;BANCO SAFRA S/A;LF;False;0;-;DI;100;0,45;252;20/08/2026;14;50000;False;PUBLICA;-
LF0021004YQ;-;BANCO SAFRA S/A;LF;False;0;-;IPCA;100;4,07;252;17/08/2026;6;50000;False;PUBLICA;-
LF0021002Z8;-;BANCO SAFRA S/A;LF;False;0;-;IPCA;100;4,12;252;15/05/2035;1;50000;False;PUBLICA;-
LF002301L9E;-;BANCO SAFRA S/A;LF;False;0;-;PREFIXADO;-;12,76;252;12/03/2029;1;50000;False;PUBLICA;-
LF002400URJ;-;ITAU UNIBANCO S.A.;LF;False;0;-;IPCA;100;7,15;252;06/11/2028;1;576000;False;PUBLICA;-
LF002400G1I;-;BANCO SAFRA S/A;LF;False;0;-;PREFIXADO;-;11,83;252;18/06/2030;4;50000;False;PUBLICA;-
LF002306A8H;-;BANCO BRADESCO S/A;LF;False;0;-;DI;101,25;-;-;21/08/2026;1;50000;False;PUBLICA;-
LF00260063X;-;ITAU UNIBANCO S.A.;LF;False;0;-;DI;101;-;-;15/03/2029;380;50000;False;PUBLICA;-
LF00210096L;-;BANCO SAFRA S/A;LF;False;0;-;IPCA;100;4,15;252;17/08/2026;2;60000;False;PUBLICA;-
LF0023024JZ;-;ITAU UNIBANCO S.A.;LF;False;0;-;PREFIXADO;-;13,21;252;29/03/2028;1;380000;False;PUBLICA;-
LF0025009PP;-;ITAU UNIBANCO S.A.;LF;False;0;-;DI;101,8;-;-;17/04/2028;30;57666,67;False;PUBLICA;-
LF0023087DK;-;ITAU UNIBANCO S.A.;LF;False;0;-;DI;104;-;-;16/11/2028;1;500000;False;PUBLICA;-
LF002400P5M;-;ITAU UNIBANCO S.A.;LF;False;0;-;PREFIXADO;-;11,96;252;16/09/2026;160;50000;False;PUBLICA;-
LF002200DWS;-;BANCO SAFRA S/A;LF;False;0;-;IPCA;100;6;252;17/08/2026;1;50000;False;PUBLICA;-
LF0025004UD;-;ITAU UNIBANCO S.A.;LF;False;0;-;DI;102;-;-;14/02/2028;38;50000;False;PUBLICA;-
LF002500A7J;-;ITAU UNIBANCO S.A.;LF;False;0;-;DI;101,5;-;-;15/05/2028;100;50000;False;PUBLICA;-
LF002100IDQ;-;BANCO SAFRA S/A;LF;False;0;-;IPCA;100;5,57;252;17/08/2026;1;60000;False;PUBLICA;-
LF00250014B;-;ITAU UNIBANCO S.A.;LF;False;0;-;DI;102;-;-;17/01/2028;80;50000;False;PUBLICA;-
LF002100N8T;BRBSAFLFESH5;BANCO SAFRA S/A;LF;False;0;-;IPCA;100;5,53;252;17/08/2026;2;72500;False;PUBLICA;-
LF002100IYK;-;BANCO SAFRA S/A;LF;False;0;-;IPCA;100;5,89;252;17/08/2026;1;68000;False;PUBLICA;-
LF002100DRD;-;BANCO SAFRA S/A;LF;False;0;-;IPCA;100;4,87;252;17/08/2026;2;50500;False;PUBLICA;-
LF002600LLD;BRMCSFLFI1F1;MERCADO CREDITO SOCIEDADE DE CREDITO FINANCIAMENTO E INVESTIMENTO SA;LF;False;0;-;DI;100;0,47;252;21/07/2029;8678;50000;False;PUBLICA;-
LF002200CTC;-;BANCO SAFRA S/A;LF;False;0;-;IPCA;100;6,28;252;28/04/2032;4;50000;False;PUBLICA;-
LF0026004DW;-;ITAU UNIBANCO S.A.;LF;False;0;-;DI;101,5;-;-;15/02/2029;1000;50000;False;PUBLICA;-
LF002500EC3;-;ITAU UNIBANCO S.A.;LF;False;0;-;PREFIXADO;-;13,96;252;16/06/2027;100;58440;False;PUBLICA;-
LF002600G4R;-;ITAU UNIBANCO S.A.;LF;False;0;-;DI;101,5;-;-;30/05/2028;50;50000;False;PUBLICA;-
LF002400PCH;-;BANCO SAFRA S/A;LF;False;0;-;IPCA;100;6,35;252;18/09/2045;2;55000;False;PUBLICA;-
LF00210047R;-;BANCO SAFRA S/A;LF;False;0;-;IPCA;100;4,01;252;17/08/2026;8;50000;False;PUBLICA;-
LF0024001KA;-;ITAU UNIBANCO S.A.;LF;False;0;-;PREFIXADO;-;10,68;252;10/01/2029;1;100000;False;PUBLICA;-
LF002100H8E;-;BANCO SAFRA S/A;LF;False;0;-;IPCA;100;5,22;252;17/08/2026;6;50000;False;PUBLICA;-
LF002400J5H;-;ITAU UNIBANCO S.A.;LF;False;0;-;DI;102;-;-;16/08/2027;182;50000;False;PUBLICA;-
LF002500QT2;-;ITAU UNIBANCO S.A.;LF;False;0;-;IPCA;100;7,42;252;11/12/2029;1;350000;False;PUBLICA;-
LF0026008LL;-;ITAU UNIBANCO S.A.;LF;False;0;-;DI;102;-;-;16/04/2029;350;50000;False;PUBLICA;-
LF002500DY0;BRBCGMLFI9T3;BANCO GM S.A;LF;False;0;-;DI;100;0,33;252;18/06/2027;2010;50000;False;PUBLICA;-
LF002301W26;-;BANCO SAFRA S/A;LF;False;0;-;PREFIXADO;-;12,89;252;22/03/2028;1;80000;False;PUBLICA;-
LF002400FBU;-;BANCO SAFRA S/A;LF;False;0;-;IPCA;100;6,29;252;15/05/2029;2;50000;False;PUBLICA;-
LF002100FJY;-;BANCO SAFRA S/A;LF;False;0;-;IPCA;100;5,47;252;29/09/2027;1;74000;False;PUBLICA;-
LF002100ARD;-;BANCO SAFRA S/A;LF;False;0;-;IPCA;100;4,7;252;15/05/2035;2;50000;False;PUBLICA;-
LF002200KAN;-;BANCO SAFRA S/A;LF;False;0;-;IPCA;100;6,59;252;15/05/2035;1;86000;False;PUBLICA;-
LF002400PII;-;ITAU UNIBANCO S.A.;LF;False;0;-;DI;102;-;-;15/10/2027;418;50000;False;PUBLICA;-
LF002400P35;BRBSAFLNNE31;BANCO SAFRA S/A;LF;False;0;-;DI;100;0,35;252;16/03/2027;1600;50000;False;PUBLICA;-
LF002301VWK;-;BANCO SAFRA S/A;LF;False;0;-;IPCA;100;5,83;252;20/03/2029;1;50000;False;PUBLICA;-
LFSC2500671;BRITUBLFI225;ITAU UNIBANCO HOLDING S.A;LFSC;False;0;-;DI;100;1,25;252;02/06/9999;5499;300000;False;PUBLICA;-
LF00230773T;-;BANCO SAFRA S/A;LF;False;0;-;PREFIXADO;-;11,13;252;21/09/2026;6;50000;False;PUBLICA;-
LF002200EX6;-;BANCO SAFRA S/A;LF;False;0;-;IPCA;100;6,2;252;15/05/2035;5;58650;False;PUBLICA;-
LF002600H2R;-;ITAU UNIBANCO S.A.;LF;False;0;-;DI;101,5;-;-;08/06/2029;12;50000;False;PUBLICA;-
LF002500C0O;-;ITAU UNIBANCO S.A.;LF;False;0;-;DI;101;-;-;17/05/2027;10;62000;False;PUBLICA;-
LF002400CJB;-;ITAU UNIBANCO S.A.;LF;False;0;-;PREFIXADO;-;11,04;252;17/05/2027;114;50000;False;PUBLICA;-
LF002400PIA;-;BANCO SAFRA S/A;LF;False;0;-;DI;101;-;-;20/09/2029;9;51877,777778;False;PUBLICA;-
LF0021006K5;-;BANCO SAFRA S/A;LF;False;0;-;IPCA;100;3,93;252;17/08/2026;1;60000;False;PUBLICA;-
LF0022000PB;-;BANCO SAFRA S/A;LF;False;0;-;IPCA;100;6;252;15/05/2035;1;50000;False;PUBLICA;-
LF002100J9C;-;BANCO SAFRA S/A;LF;False;0;-;IPCA;100;6,01;252;17/08/2026;2;50000;False;PUBLICA;-
LF002400GLK;-;ITAU UNIBANCO S.A.;LF;False;0;-;DI;102;-;-;15/07/2027;5;64000;False;PUBLICA;-
LF0021001Z8;BRBSAFLTFIQ5;BANCO SAFRA S/A;LF;False;0;-;IPCA;100;3,53;252;17/08/2026;10;56700;False;PUBLICA;-
LF002100HJ3;-;BANCO SAFRA S/A;LF;False;0;-;IPCA;100;5,46;252;17/08/2026;4;50000;False;PUBLICA;-
LF002100CFV;-;BANCO SAFRA S/A;LF;False;0;-;IPCA;100;5,17;252;17/08/2026;1;70000;False;PUBLICA;-
LF002400QLZ;-;BANCO SAFRA S/A;LF;False;0;-;IPCA;100;6,4;252;15/05/2029;1;60000;False;PUBLICA;-
LF002100EFA;-;BANCO SAFRA S/A;LF;False;0;-;IPCA;100;4,91;252;17/08/2026;1;50000;False;PUBLICA;-
LFSN21003EL;BRBITALFIX49;ITAU UNIBANCO HOLDING S.A;LFSN;False;0;-;DI;100;2;252;21/10/2031;13;400000;False;PUBLICA;-
LF002100NPU;BRBSAFLFEW48;BANCO SAFRA S/A;LF;False;0;-;IPCA;100;5,85;252;01/12/2026;3;60000;False;PUBLICA;-
LF002100FNK;-;BANCO SAFRA S/A;LF;False;0;-;IPCA;100;5,02;252;17/08/2026;5;77000;False;PUBLICA;-
LF002400KXD;-;ITAU UNIBANCO S.A.;LF;False;0;-;DI;102;-;-;16/08/2027;540;50000;False;PUBLICA;-
LF002100G3F;-;BANCO SAFRA S/A;LF;False;0;-;IPCA;100;5,06;252;17/08/2026;1;60000;False;PUBLICA;-
LF0025009MM;-;ITAU UNIBANCO S.A.;LF;False;0;-;IPCA;100;8,27;252;07/04/2027;40;50000;False;PUBLICA;-
LF002100J9P;-;BANCO SAFRA S/A;LF;False;0;-;IPCA;100;6,01;252;17/08/2026;1;80000;False;PUBLICA;-
LF002400IKB;-;ITAU UNIBANCO S.A.;LF;False;0;-;DI;102;-;-;15/07/2027;180;50000;False;PUBLICA;-
LF0022000JH;-;BANCO SAFRA S/A;LF;False;0;-;IPCA;100;5,8;252;17/08/2026;4;50000;False;PUBLICA;-
LF002100NTP;BRBSAFLFEWO3;BANCO SAFRA S/A;LF;False;0;-;IPCA;100;5,82;252;02/12/2027;4;55000;False;PUBLICA;-
LF002100CBP;-;BANCO SAFRA S/A;LF;False;0;-;IPCA;100;5,54;252;18/08/2027;5;59600;False;PUBLICA;-
LF0021007OT;-;BANCO SAFRA S/A;LF;False;0;-;IPCA;100;3,99;252;17/08/2026;2;50000;False;PUBLICA;-
LF00210076M;-;BANCO SAFRA S/A;LF;False;0;-;IPCA;100;4,52;252;09/06/2031;1;54000;False;PUBLICA;-
LF002400QWI;-;BANCO SAFRA S/A;LF;False;0;-;IPCA;100;6,23;252;15/05/2045;1;68000;False;PUBLICA;-
LF002100513;-;BANCO SAFRA S/A;LF;False;0;-;IPCA;100;4,14;252;17/08/2026;1;50000;False;PUBLICA;-
LF002100A5M;-;BANCO SAFRA S/A;LF;False;0;-;IPCA;100;4,23;252;17/08/2026;4;56750;False;PUBLICA;-
LF002400KEL;-;ITAU UNIBANCO S.A.;LF;False;0;-;DI;102;-;-;16/08/2027;2;60000;False;PUBLICA;-
LF002100OT1;-;BANCO SAFRA S/A;LF;False;0;-;IPCA;100;5,29;252;17/08/2026;3;50000;False;PUBLICA;-
LF002600LK8;-;ITAU UNIBANCO S.A.;LF;False;0;-;DI;101,5;-;-;15/08/2029;600;50000;False;PUBLICA;-
LF002100JL3;BRBSAFLTR870;BANCO SAFRA S/A;LF;False;0;-;IPCA;100;5,85;252;17/08/2026;1;90000;False;PUBLICA;-
LF0026004DZ;-;ITAU UNIBANCO S.A.;LF;False;0;-;IPCA;100;7,18;252;09/02/2029;1;50000;False;PUBLICA;-
LF0021004FW;-;BANCO SAFRA S/A;LF;False;0;-;IPCA;100;4,49;252;15/05/2035;1;50000;False;PUBLICA;-
LF002100F9P;-;BANCO SAFRA S/A;LF;False;0;-;IPCA;100;5,05;252;17/08/2026;13;50000;False;PUBLICA;-
LF002400NA0;-;BANCO SAFRA S/A;LF;False;0;-;PREFIXADO;-;11,05;252;31/08/2026;1;60000;False;PUBLICA;-
LF0021001WZ;BRBSAFLTFI98;BANCO SAFRA S/A;LF;False;0;-;IPCA;100;3,41;252;17/08/2026;3;50000;False;PUBLICA;-
LF0021006MU;-;BANCO SAFRA S/A;LF;False;0;-;IPCA;100;3,99;252;17/08/2026;1;50000;False;PUBLICA;-
LF002400LZS;-;BANCO SAFRA S/A;LF;False;0;-;IPCA;100;6,27;252;15/05/2029;1;50000;False;PUBLICA;-
LF002500BGU;-;ITAU UNIBANCO S.A.;LF;False;0;-;DI;101;-;-;15/05/2028;200;50000;False;PUBLICA;-
LF0022000PA;-;BANCO SAFRA S/A;LF;False;0;-;IPCA;100;5,74;252;17/08/2026;1;50000;False;PUBLICA;-
LF002400R7E;-;ITAU UNIBANCO S.A.;LF;False;0;-;DI;101,5;-;-;05/10/2026;104;50000;False;PUBLICA;-
LF002100EWG;-;BANCO SAFRA S/A;LF;False;0;-;IPCA;100;5,31;252;21/09/2026;7;50285,714286;False;PUBLICA;-
LF002307GO9;-;ITAU UNIBANCO S.A.;LF;False;0;-;IPCA;100;5,46;252;28/09/2026;1;160000;False;PUBLICA;-
LF0021004JO;-;BANCO SAFRA S/A;LF;False;0;-;IPCA;100;4,17;252;17/08/2026;1;50000;False;PUBLICA;-
LF002400PDB;-;ITAU UNIBANCO S.A.;LF;False;0;-;DI;102;-;-;15/10/2027;16;51712,5;False;PUBLICA;-
LF002100EE7;-;BANCO SAFRA S/A;LF;False;0;-;IPCA;100;4,91;252;17/08/2026;1;60000;False;PUBLICA;-
LF002600F5R;-;ITAU UNIBANCO S.A.;LF;False;0;-;DI;101,5;-;-;21/05/2029;8;50000;False;PUBLICA;-
LF002400HGQ;-;ITAU UNIBANCO S.A.;LF;False;0;-;IPCA;100;6,9;252;03/07/2034;1;4000000;False;PUBLICA;-
LF002100EEB;-;BANCO SAFRA S/A;LF;False;0;-;IPCA;100;4,91;252;17/08/2026;4;62250;False;PUBLICA;-
LF002400QMH;-;ITAU UNIBANCO S.A.;LF;False;0;-;DI;102;-;-;15/10/2027;700;50000;False;PUBLICA;-
LF002100A5Q;-;BANCO SAFRA S/A;LF;False;0;-;IPCA;100;4,27;252;17/08/2026;32;97812,5;False;PUBLICA;-
LF0025000II;-;ITAU UNIBANCO S.A.;LF;False;0;-;DI;102;-;-;17/01/2028;1000;50000;False;PUBLICA;-
LF002100A8Z;-;BANCO SAFRA S/A;LF;False;0;-;IPCA;100;4,27;252;17/08/2026;1;200000;False;PUBLICA;-
LF002100F1U;-;BANCO SAFRA S/A;LF;False;0;-;IPCA;100;4,96;252;17/08/2026;2;74250;False;PUBLICA;-
LF002400M63;-;ITAU UNIBANCO S.A.;LF;False;0;-;DI;102;-;-;16/08/2027;16;61250;False;PUBLICA;-
LF0021004OL;-;BANCO SAFRA S/A;LF;False;0;-;IPCA;100;4,14;252;17/08/2026;1;52000;False;PUBLICA;-
LF002100NWV;BRBSAFLFEY20;BANCO SAFRA S/A;LF;False;0;-;IPCA;100;5,37;252;17/08/2026;2;50000;False;PUBLICA;-
LF002100IQQ;-;BANCO SAFRA S/A;LF;False;0;-;IPCA;100;5,79;252;17/08/2026;4;50000;False;PUBLICA;-
LF002300ASZ;BRDAYCLFRAW5;BANCO DAYCOVAL S/A;LF;False;0;-;DI;100;1,9;252;24/01/2033;1071;50000;False;PUBLICA;-
LF00250056Z;-;ITAU UNIBANCO S.A.;LF;False;0;-;DI;101,5;-;-;15/03/2028;100;50000;False;PUBLICA;-
LF00220005L;-;BANCO SAFRA S/A;LF;False;0;-;IPCA;100;5,59;252;17/08/2026;3;50000;False;PUBLICA;-
LF0021007VI;-;BANCO SAFRA S/A;LF;False;0;-;IPCA;100;4,22;252;17/08/2026;6;50000;False;PUBLICA;-
LFSN2100282;-;BANCO SAFRA S/A;LFSN;False;0;-;IPCA;-;5,34;252;05/07/2028;1;300000;False;PUBLICA;-
LF00210045T;-;BANCO SAFRA S/A;LF;False;0;-;IPCA;100;4;252;17/08/2026;4;50000;False;PUBLICA;-
LF002400AEI;-;ITAU UNIBANCO S.A.;LF;False;0;-;DI;103;-;-;15/04/2027;200;50000;False;PUBLICA;-
LF002100ENS;-;BANCO SAFRA S/A;LF;False;0;-;IPCA;100;4,91;252;17/08/2026;9;52222,222223;False;PUBLICA;-
LF002200JRT;-;BANCO SAFRA S/A;LF;False;0;-;IPCA;100;6,47;252;19/07/2027;1;50000;False;PUBLICA;-
LF002100NF5;BRBSAFLFEU57;BANCO SAFRA S/A;LF;False;0;-;IPCA;100;5,56;252;17/08/2026;20;50000;False;PUBLICA;-
LF002400E94;-;BANCO SAFRA S/A;LF;False;0;-;IPCA;100;6,06;252;15/05/2045;3;50000;False;PUBLICA;-
LF002500PGP;-;OMNI S/A CREDITO FINANCIAMENTO E INVESTIMENTO;LF;False;0;-;DI;100;2,75;252;27/11/2029;4000;50000;False;PUBLICA;-
LF002100OO7;-;BANCO SAFRA S/A;LF;False;0;-;IPCA;100;5,32;252;17/08/2026;4;59500;False;PUBLICA;-
LF002100IJ0;-;BANCO SAFRA S/A;LF;False;0;-;IPCA;100;5,82;252;17/08/2026;1;55000;False;PUBLICA;-
LF0021003DP;-;BANCO SAFRA S/A;LF;False;0;-;IPCA;100;3,92;252;17/08/2026;1;50000;False;PUBLICA;-
LF002500O4R;-;ITAU UNIBANCO S.A.;LF;False;0;-;PREFIXADO;-;13;252;04/11/2030;1;371000;False;PUBLICA;-
LF002400I7J;-;ITAU UNIBANCO S.A.;LF;False;0;-;DI;102;-;-;15/07/2027;138;50000;False;PUBLICA;-
LF002100H87;-;BANCO SAFRA S/A;LF;False;0;-;IPCA;100;5,22;252;17/08/2026;2;50000;False;PUBLICA;-
LF0022004T7;BRBSAFLNN2L5;BANCO SAFRA S/A;LF;False;0;-;DI;100;1,35;252;10/02/2027;6;50000;False;PUBLICA;-
LF002100Q1J;-;BANCO SAFRA S/A;LF;False;0;-;IPCA;100;5,42;252;17/08/2026;1;2326000;False;PUBLICA;-
LF0025001XK;-;ITAU UNIBANCO S.A.;LF;False;0;-;DI;102;-;-;14/01/2028;160;50000;False;PUBLICA;-
LF002400HZ4;-;ITAU UNIBANCO S.A.;LF;False;0;-;DI;102;-;-;15/07/2027;8;50000;False;PUBLICA;-
LF002400HUS;-;BANCO SAFRA S/A;LF;False;0;-;IPCA;100;6,75;252;05/07/2035;3;50000;False;PUBLICA;-
LF0025007Z0;-;ITAU UNIBANCO S.A.;LF;False;0;-;DI;101,8;-;-;19/03/2030;10;50000;False;PUBLICA;-
LF002500EZO;-;ITAU UNIBANCO S.A.;LF;False;0;-;IPCA;100;7,88;252;27/06/2028;1;52000;False;PUBLICA;-
LF002500RPG;-;ITAU UNIBANCO S.A.;LF;False;0;-;PREFIXADO;-;13,3;252;18/12/2029;70;50000;False;PUBLICA;-
LF00230584F;-;BANCO SAFRA S/A;LF;False;0;-;IPCA;100;5,35;252;16/07/2029;22;50000;False;PUBLICA;-
LF002400F9K;-;BANCO SAFRA S/A;LF;False;0;-;IPCA;100;6,25;252;15/05/2045;3;50000;False;PUBLICA;-
LF0021007J8;-;BANCO SAFRA S/A;LF;False;0;-;IPCA;100;3,95;252;17/08/2026;20;50000;False;PUBLICA;-
LFSN21003L3;BRBITALFIXA3;ITAU UNIBANCO HOLDING S.A;LFSN;False;0;-;DI;100;2;252;21/10/2031;1;400000;False;PUBLICA;-
LF002600KB4;-;ITAU UNIBANCO S.A.;LF;False;0;-;IPCA;100;8,17;252;03/07/2031;1;70000;False;PUBLICA;-
LF002100MHB;BRBSAFLFEMX5;BANCO SAFRA S/A;LF;False;0;-;IPCA;100;5,58;252;17/08/2026;1;50000;False;PUBLICA;-
LF002500DY6;BRBCGMLFI9V9;BANCO GM S.A;LF;False;0;-;PREFIXADO;-;14,41;252;09/06/2028;3990;50000;False;PUBLICA;-
LF002500CL0;-;ITAU UNIBANCO S.A.;LF;False;0;-;DI;101;-;-;15/05/2028;26;50000;False;PUBLICA;-
LF002100NFB;BRBSAFLFESZ7;BANCO SAFRA S/A;LF;False;0;-;IPCA;100;5,55;252;17/08/2026;1;74000;False;PUBLICA;-
LFSC22002BF;BRITUBLFI1I2;ITAU UNIBANCO HOLDING S.A;LFSC;False;0;-;DI;100;2,4;252;23/09/9999;16;300000;False;PUBLICA;-
LF002400CR6;-;BANCO SAFRA S/A;LF;False;0;-;IPCA;100;6,35;252;15/05/2035;8;50000;False;PUBLICA;-
LFSN21003ML;BRBITALFIXD7;ITAU UNIBANCO HOLDING S.A;LFSN;False;0;-;DI;100;2;252;21/10/2031;2;400000;False;PUBLICA;-
LF002100EYL;-;BANCO SAFRA S/A;LF;False;0;-;IPCA;100;4,88;252;17/08/2026;6;56666,666667;False;PUBLICA;-
LF0022004U8;BRBSAFLNN2L5;BANCO SAFRA S/A;LF;False;0;-;DI;100;1,35;252;10/02/2027;284;50000;False;PUBLICA;-
LF0021006TC;-;BANCO SAFRA S/A;LF;False;0;-;IPCA;100;4,71;252;28/05/2031;2;50000;False;PUBLICA;-
LF002100MTD;BRBSAFLFEPF5;BANCO SAFRA S/A;LF;False;0;-;IPCA;100;5,51;252;17/08/2026;3;54000;False;PUBLICA;-
LF002400Q4M;-;ITAU UNIBANCO S.A.;LF;False;0;-;DI;102;-;-;28/09/2026;20;50000;False;PUBLICA;-
LF002400KUM;BRBSAFLNNDM2;BANCO SAFRA S/A;LF;False;0;-;DI;100;0,4;252;05/10/2026;100;50000;False;PUBLICA;-
LF0026006JV;-;ITAU UNIBANCO S.A.;LF;False;0;-;DI;101;-;-;06/03/2028;3;50000;False;PUBLICA;-
LF0022007M2;-;BANCO SAFRA S/A;LF;False;0;-;IPCA;100;6,03;252;17/08/2026;6;57166,666667;False;PUBLICA;-
LF002100MCO;-;BANCO SAFRA S/A;LF;False;0;-;IPCA;100;5,56;252;17/08/2026;1;99000;False;PUBLICA;-
LF0023031F7;-;BANCO SAFRA S/A;LF;False;0;-;IPCA;100;6,4;252;03/05/2029;20;50000;False;PUBLICA;-
LF002100IJT;-;BANCO SAFRA S/A;LF;False;0;-;IPCA;100;5,82;252;17/08/2026;2;50000;False;PUBLICA;-
LF002400G0U;-;BANCO SAFRA S/A;LF;False;0;-;IPCA;100;6,29;252;15/05/2045;1;50000;False;PUBLICA;-
LF0024004YW;-;BANCO BRADESCO S/A;LF;False;0;-;IPCA;100;5,92;252;15/05/2035;14;50000;False;PUBLICA;-
LF0022001VA;-;BANCO SAFRA S/A;LF;False;0;-;IPCA;100;5,92;252;26/01/2032;1;50000;False;PUBLICA;-
LF002100H90;-;BANCO SAFRA S/A;LF;False;0;-;IPCA;100;5,22;252;17/08/2026;1;50000;False;PUBLICA;-
LF002400FQ9;-;BANCO SAFRA S/A;LF;False;0;-;IPCA;100;6,32;252;15/05/2045;2;50000;False;PUBLICA;-
LF0024010AQ;-;ITAU UNIBANCO S.A.;LF;False;0;-;DI;102,2;-;-;07/12/2026;2000;50011;False;PUBLICA;-
LF0025003SE;-;ITAU UNIBANCO S.A.;LF;False;0;-;PREFIXADO;-;15,26;252;29/01/2027;1;100000;False;PUBLICA;-
LF0021008M2;-;BANCO SAFRA S/A;LF;False;0;-;IPCA;100;4,53;252;15/05/2035;1;50000;False;PUBLICA;-
LF00220086T;-;BANCO SAFRA S/A;LF;False;0;-;IPCA;100;5,85;252;17/08/2026;1;50000;False;PUBLICA;-
LF0021007MN;-;BANCO SAFRA S/A;LF;False;0;-;IPCA;100;3,94;252;17/08/2026;6;50000;False;PUBLICA;-
LF00220015M;-;BANCO SAFRA S/A;LF;False;0;-;IPCA;100;5,77;252;17/08/2026;2;56911,07;False;PUBLICA;-
LF002100FES;-;BANCO SAFRA S/A;LF;False;0;-;IPCA;100;5,06;252;17/08/2026;4;55000;False;PUBLICA;-
LF0021004AB;-;BANCO SAFRA S/A;LF;False;0;-;IPCA;100;4,11;252;17/08/2026;1;80000;False;PUBLICA;-
LF0021005FR;BRDAYCLFNI63;BANCO DAYCOVAL S/A;LF;False;0;-;PREFIXADO;-;10,75;252;03/01/2028;302;50000;False;PUBLICA;-
LF002100G7N;-;BANCO SAFRA S/A;LF;False;0;-;IPCA;100;5,17;252;17/08/2026;1;53416;False;PUBLICA;-
LF002400N31;-;BANCO SAFRA S/A;LF;False;0;-;DI;103,5;-;-;28/08/2026;142;50098,59155;False;PUBLICA;-
LF002200BM6;-;BANCO SAFRA S/A;LF;False;0;-;IPCA;100;6,56;252;16/04/2031;6;50000;False;PUBLICA;-
LFSN21003LJ;BRBITALFIXA3;ITAU UNIBANCO HOLDING S.A;LFSN;False;0;-;DI;100;2;252;21/10/2031;1;400000;False;PUBLICA;-
LF002100A44;-;BANCO SAFRA S/A;LF;False;0;-;IPCA;100;4,53;252;28/07/2031;2;50000;False;PUBLICA;-
LF002100MUG;BRBSAFLFEQB2;BANCO SAFRA S/A;LF;False;0;-;IPCA;100;5,51;252;17/08/2026;6;50000;False;PUBLICA;-
LF002400FQB;-;BANCO SAFRA S/A;LF;False;0;-;DI;105;-;-;17/06/2030;6;50000;False;PUBLICA;-
LF002600CKR;-;ITAU UNIBANCO S.A.;LF;False;0;-;DI;101,5;-;-;04/05/2028;5;50000;False;PUBLICA;-
LF002300TY4;-;ITAU UNIBANCO S.A.;LF;False;0;-;PREFIXADO;-;14,34;252;11/02/2033;1;240000;False;PUBLICA;-
LF002600MCK;-;ITAU UNIBANCO S.A.;LF;False;0;-;DI;101;-;-;15/08/2029;20;50000;False;PUBLICA;-
LF002400EKM;-;BANCO SAFRA S/A;LF;False;0;-;IPCA;100;6,41;252;15/05/2035;1;50000;False;PUBLICA;-
LF0021006PJ;-;BANCO SAFRA S/A;LF;False;0;-;IPCA;100;4,02;252;17/08/2026;1;50000;False;PUBLICA;-
LF002302BYF;BRBEVELFNNK0;BCO VOTORANTIM S/A;LF;False;0;-;DI;100;1,35;252;12/04/2027;410;50000;False;PUBLICA;-
LF002100O59;-;BANCO SAFRA S/A;LF;False;0;-;IPCA;100;5,28;252;17/08/2026;1;50000;False;PUBLICA;-
LF002100E40;-;BANCO SAFRA S/A;LF;False;0;-;IPCA;100;5,12;252;17/08/2026;1;54000;False;PUBLICA;-
LF002200JDX;-;BANCO SAFRA S/A;LF;False;0;-;IPCA;100;6,5;252;17/08/2026;1;50000;False;PUBLICA;-
LF0023088RJ;-;ITAU UNIBANCO S.A.;LF;False;0;-;DI;103;-;-;23/11/2026;873;50000;False;PUBLICA;-
LFSC22002D2;BRITUBLFI1J0;ITAU UNIBANCO HOLDING S.A;LFSC;False;0;-;DI;100;2,4;252;26/09/9999;24;300000;False;PUBLICA;-
LF002400IFA;-;ITAU UNIBANCO S.A.;LF;False;0;-;PREFIXADO;-;11,73;252;10/07/2028;1;150000;False;PUBLICA;-
LF002600F5S;-;ITAU UNIBANCO S.A.;LF;False;0;-;IPCA;100;7,95;252;22/05/2028;28;50000;False;PUBLICA;-
LF002100JFS;BRBSAFLTR7H2;BANCO SAFRA S/A;LF;False;0;-;IPCA;100;5,88;252;17/08/2026;1;50000;False;PUBLICA;-
LF0021006MV;-;BANCO SAFRA S/A;LF;False;0;-;IPCA;100;3,97;252;17/08/2026;4;50000;False;PUBLICA;-
LF002500QH7;-;ITAU UNIBANCO S.A.;LF;False;0;-;DI;100;-;-;15/01/2030;150;50000;False;PUBLICA;-
LF002100NFK;BRBSAFLFETB6;BANCO SAFRA S/A;LF;False;0;-;IPCA;100;5,56;252;17/08/2026;2;55500;False;PUBLICA;-
LF0022004TD;BRBSAFLNN2L5;BANCO SAFRA S/A;LF;False;0;-;DI;100;1,35;252;10/02/2027;11;50000;False;PUBLICA;-
LF0025002D3;-;ITAU UNIBANCO S.A.;LF;False;0;-;DI;102;-;-;17/01/2028;6;57290,94;False;PUBLICA;-
LF002100OHQ;-;BANCO SAFRA S/A;LF;False;0;-;IPCA;100;5,58;252;15/05/2035;8;61625;False;PUBLICA;-
LF002100BGZ;-;BANCO SAFRA S/A;LF;False;0;-;IPCA;100;4,62;252;17/08/2026;2;64500;False;PUBLICA;-
LF002100ORI;-;BANCO SAFRA S/A;LF;False;0;-;IPCA;100;5,29;252;17/08/2026;1;50000;False;PUBLICA;-
LF002400OI2;-;ITAU UNIBANCO S.A.;LF;False;0;-;DI;102;-;-;15/09/2027;60;50000;False;PUBLICA;-
LF002600KEP;-;ITAU UNIBANCO S.A.;LF;False;0;-;DI;101;-;-;06/07/2028;1;1942670;False;PUBLICA;-
LF0021006UY;-;BANCO SAFRA S/A;LF;False;0;-;IPCA;100;4,82;252;02/06/2031;5;50000;False;PUBLICA;-
LF0021001ZJ;BRBSAFLTFIY9;BANCO SAFRA S/A;LF;False;0;-;IPCA;100;4,28;252;15/05/2035;1;50000;False;PUBLICA;-
LF0025001XN;-;ITAU UNIBANCO S.A.;LF;False;0;-;DI;102;-;-;17/01/2028;1;16000000;False;PUBLICA;-
LF0026007AY;-;ITAU UNIBANCO S.A.;LF;False;0;-;DI;101,5;-;-;13/03/2028;10;50000;False;PUBLICA;-
LF00240094W;-;ITAU UNIBANCO S.A.;LF;False;0;-;PREFIXADO;-;10,53;252;29/03/2027;1;61842;False;PUBLICA;-
LF002100EWC;-;BANCO SAFRA S/A;LF;False;0;-;IPCA;100;4,89;252;17/08/2026;6;50000;False;PUBLICA;-
LF002100CLT;-;BANCO SAFRA S/A;LF;False;0;-;IPCA;100;5,02;252;17/08/2026;10;50000;False;PUBLICA;-
LF002100CLU;-;BANCO SAFRA S/A;LF;False;0;-;IPCA;100;5,02;252;17/08/2026;1;51000;False;PUBLICA;-
LF002400RTJ;-;ITAU UNIBANCO S.A.;LF;False;0;-;DI;102;-;-;15/10/2027;145;50000;False;PUBLICA;-
LF002100Q14;-;BANCO SAFRA S/A;LF;False;0;-;IPCA;100;5,54;252;17/08/2026;1;50000;False;PUBLICA;-
LF002100JF8;BRBSAFLTR7K6;BANCO SAFRA S/A;LF;False;0;-;IPCA;100;5,83;252;17/08/2026;20;50000;False;PUBLICA;-
LF002100JFI;BRBSAFLTR6X1;BANCO SAFRA S/A;LF;False;0;-;IPCA;100;5,83;252;17/08/2026;1;50000;False;PUBLICA;-
LFSN2200FA2;-;BANCO SAFRA S/A;LFSN;False;0;-;PREFIXADO;-;14,89;252;12/12/2029;1;300000;False;PUBLICA;-
LF002100CKX;-;BANCO SAFRA S/A;LF;False;0;-;IPCA;100;5,02;252;17/08/2026;3;56333,333334;False;PUBLICA;-
LF002100NJL;BRBSAFLFEVB2;BANCO SAFRA S/A;LF;False;0;-;IPCA;100;5,47;252;17/08/2026;2;50000;False;PUBLICA;-
LFSC23006U4;BRITUBLFI1R3;ITAU UNIBANCO HOLDING S.A;LFSC;False;0;-;DI;100;1,9;252;09/11/9999;13;350000;False;PUBLICA;-
LF002307UKA;-;BANCO SAFRA S/A;LF;False;0;-;DI;103;-;-;13/10/2026;4;50000;False;PUBLICA;-
LF0021005D5;-;BANCO SAFRA S/A;LF;False;0;-;IPCA;100;3,82;252;17/08/2026;2;50000;False;PUBLICA;-
LF002400JJZ;-;ITAU UNIBANCO S.A.;LF;False;0;-;DI;102;-;-;16/08/2027;355;54400;False;PUBLICA;-
LFSC22002C9;BRITUBLFI1I2;ITAU UNIBANCO HOLDING S.A;LFSC;False;0;-;DI;100;2,4;252;23/09/9999;54;300000;False;PUBLICA;-
LF002400LT1;-;ITAU UNIBANCO S.A.;LF;False;0;-;DI;102;-;-;16/08/2027;80;50000;False;PUBLICA;-
LF002400UGW;-;ITAU UNIBANCO S.A.;LF;False;0;-;DI;102;-;-;16/11/2027;500;50000;False;PUBLICA;-
LF002400MVM;-;ITAU UNIBANCO S.A.;LF;False;0;-;DI;102;-;-;15/09/2027;94;50335,97;False;PUBLICA;-
LF0021006CG;-;BANCO SAFRA S/A;LF;False;0;-;IPCA;100;4,6;252;15/05/2035;1;50000;False;PUBLICA;-
LF0026004DT;-;ITAU UNIBANCO S.A.;LF;False;0;-;DI;101,5;-;-;15/02/2029;80;50000;False;PUBLICA;-
LF002400R21;-;ITAU UNIBANCO S.A.;LF;False;0;-;DI;102;-;-;15/10/2027;4868;50000;False;PUBLICA;-
LF0021005FC;-;BANCO SAFRA S/A;LF;False;0;-;IPCA;100;4,41;252;15/05/2035;1;50000;False;PUBLICA;-
LF002200KCM;-;BANCO SAFRA S/A;LF;False;0;-;PREFIXADO;-;14,78;252;27/07/2029;20;50000;False;PUBLICA;-
LF002100BFE;-;BANCO SAFRA S/A;LF;False;0;-;IPCA;100;4,63;252;17/08/2026;2;50000;False;PUBLICA;-
LF0021002I0;-;BANCO SAFRA S/A;LF;False;0;-;IPCA;100;3,4;252;17/08/2026;1;50000;False;PUBLICA;-
LF002400L64;BRBSAFLNNDP5;BANCO SAFRA S/A;LF;False;0;-;DI;100;0,4;252;08/01/2027;15;50000;False;PUBLICA;-
LF002100MTO;BRBSAFLFEQL1;BANCO SAFRA S/A;LF;False;0;-;IPCA;100;5,51;252;17/08/2026;26;50000;False;PUBLICA;-
LFSN22006NA;-;BANCO SAFRA S/A;LFSN;False;0;-;IPCA;-;6,52;252;09/09/2031;1;500000;False;PUBLICA;-
LF002200FLS;-;BANCO SAFRA S/A;LF;False;0;-;IPCA;100;6,02;252;17/08/2026;5;50000;False;PUBLICA;-
LF00250090I;-;ITAU UNIBANCO S.A.;LF;False;0;-;DI;101;-;-;17/04/2028;126;50000;False;PUBLICA;-
LFSC22002BK;BRITUBLFI1I2;ITAU UNIBANCO HOLDING S.A;LFSC;False;0;-;DI;100;2,4;252;23/09/9999;16;300000;False;PUBLICA;-
LF002100PUF;-;BANCO SAFRA S/A;LF;False;0;-;IPCA;100;5,51;252;15/05/2035;3;50000;False;PUBLICA;-
LF0021007VC;-;BANCO SAFRA S/A;LF;False;0;-;IPCA;100;4,22;252;17/08/2026;3;50000;False;PUBLICA;-
LF002400IHO;-;ITAU UNIBANCO S.A.;LF;False;0;-;DI;102;-;-;15/07/2027;100;50000;False;PUBLICA;-
LF002600KQC;-;ITAU UNIBANCO S.A.;LF;False;0;-;DI;101,5;-;-;10/07/2028;5;50000;False;PUBLICA;-
LF002400IK7;-;ITAU UNIBANCO S.A.;LF;False;0;-;DI;102;-;-;15/07/2027;160;50000;False;PUBLICA;-
LF0021002VO;-;BANCO SAFRA S/A;LF;False;0;-;IPCA;100;4,13;252;15/05/2035;2;50000;False;PUBLICA;-
LF002500AL0;-;ITAU UNIBANCO S.A.;LF;False;0;-;DI;101;-;-;15/05/2028;250;76862,96;False;PUBLICA;-
LF002400SMK;-;BANCO SAFRA S/A;LF;False;0;-;DI;102,75;-;-;16/10/2026;40;51050;False;PUBLICA;-
LF002400R1V;-;ITAU UNIBANCO S.A.;LF;False;0;-;DI;102;-;-;15/10/2027;249;50189,03;False;PUBLICA;-
LF002400IKH;-;ITAU UNIBANCO S.A.;LF;False;0;-;DI;102;-;-;15/07/2027;25;53600;False;PUBLICA;-
LF002100CM4;-;BANCO SAFRA S/A;LF;False;0;-;IPCA;100;5,02;252;17/08/2026;8;55000;False;PUBLICA;-
LF002400NNA;-;ITAU UNIBANCO S.A.;LF;False;0;-;DI;102;-;-;15/09/2027;104;51115,38;False;PUBLICA;-
LF002400IV7;-;BANCO SAFRA S/A;LF;False;0;-;PREFIXADO;-;11,83;252;19/07/2027;60;50000;False;PUBLICA;-
LF002307XHV;-;BANCO SAFRA S/A;LF;False;0;-;PREFIXADO;-;12,47;252;22/10/2029;1;50000;False;PUBLICA;-
LFSC23006TE;BRITUBLFI1R3;ITAU UNIBANCO HOLDING S.A;LFSC;False;0;-;DI;100;1,9;252;09/11/9999;63;350000;False;PUBLICA;-
LF002400QM3;-;BANCO SAFRA S/A;LF;False;0;-;IPCA;100;6,61;252;15/05/2029;2;50000;False;PUBLICA;-
LF002307QJW;BRBVKWLFIAB5;BCO VOLKSWAGEN S/A;LF;False;0;-;DI;100;1;252;06/10/2026;5671;50000;False;PUBLICA;-
LF002200CQ0;-;BANCO SAFRA S/A;LF;False;0;-;IPCA;100;6,23;252;27/04/2032;1;60000;False;PUBLICA;-
LF002100HDB;-;BANCO SAFRA S/A;LF;False;0;-;IPCA;100;5,48;252;20/10/2031;1;50000;False;PUBLICA;-
LF0021005T8;-;BANCO SAFRA S/A;LF;False;0;-;IPCA;100;3,89;252;17/08/2026;2;60000;False;PUBLICA;-
LF0021004UC;-;BANCO SAFRA S/A;LF;False;0;-;IPCA;100;4,13;252;17/08/2026;2;50000;False;PUBLICA;-
LF002400C4I;-;ITAU UNIBANCO S.A.;LF;False;0;-;IPCA;100;6,31;252;02/05/2029;1;753000;False;PUBLICA;-
LF002307T0P;-;ITAU UNIBANCO S.A.;LF;False;0;-;PREFIXADO;-;11,36;252;09/10/2026;1;200000;False;PUBLICA;-
LF0021007VE;-;BANCO SAFRA S/A;LF;False;0;-;IPCA;100;4,57;252;15/05/2035;4;50000;False;PUBLICA;-
LF0022004U7;BRBSAFLNN2L5;BANCO SAFRA S/A;LF;False;0;-;DI;100;1,35;252;10/02/2027;1998;50000;False;PUBLICA;-
LF002100H7Z;-;BANCO SAFRA S/A;LF;False;0;-;IPCA;100;5,22;252;17/08/2026;2;50000;False;PUBLICA;-
LF002400AEV;-;ITAU UNIBANCO S.A.;LF;False;0;-;DI;103;-;-;15/04/2027;400;50000;False;PUBLICA;-
LF002600LGF;-;ITAU UNIBANCO S.A.;LF;False;0;-;DI;101,5;-;-;15/08/2029;520;50000;False;PUBLICA;-
LF002400O40;-;BANCO SAFRA S/A;LF;False;0;-;IPCA;100;6,42;252;15/05/2029;1;50000;False;PUBLICA;-
LFSN21003E5;BRBITALFIX23;ITAU UNIBANCO HOLDING S.A;LFSN;False;0;-;DI;100;2;252;21/10/2031;15;400000;False;PUBLICA;-
LF002100HQS;-;BANCO SAFRA S/A;LF;False;0;-;IPCA;100;5,57;252;21/10/2031;2;50000;False;PUBLICA;-
LF0025002HN;-;ITAU UNIBANCO S.A.;LF;False;0;-;PREFIXADO;-;15,16;252;17/12/2029;1;300000;False;PUBLICA;-
LF002400JZ1;-;ITAU UNIBANCO S.A.;LF;False;0;-;DI;102;-;-;16/08/2027;600;50000;False;PUBLICA;-
LF0021009LD;-;BANCO SAFRA S/A;LF;False;0;-;IPCA;100;4,69;252;14/07/2031;2;50000;False;PUBLICA;-
LF00250059F;-;BANCO SAFRA S/A;LF;False;0;-;IPCA;100;7,34;252;22/08/2045;10;50000;False;PUBLICA;-
LF00260034W;-;ITAU UNIBANCO S.A.;LF;False;0;-;IPCA;100;7,95;252;29/01/2029;80;50000;False;PUBLICA;-
LF002400JTT;-;ITAU UNIBANCO S.A.;LF;False;0;-;DI;102;-;-;16/08/2027;130;71000;False;PUBLICA;-
LF002100CL3;-;BANCO SAFRA S/A;LF;False;0;-;IPCA;100;5,02;252;17/08/2026;3;61333,333334;False;PUBLICA;-
LF002400GDO;-;ITAU UNIBANCO S.A.;LF;False;0;-;DI;102;-;-;15/07/2027;17;75000;False;PUBLICA;-
LFSN21003JX;BRBITALFIX80;ITAU UNIBANCO HOLDING S.A;LFSN;False;0;-;DI;100;2;252;22/09/2031;18;400000;False;PUBLICA;-
LF002100EWR;-;BANCO SAFRA S/A;LF;False;0;-;IPCA;100;4,89;252;17/08/2026;1;75000;False;PUBLICA;-
LF002400GMO;-;BANCO SAFRA S/A;LF;False;0;-;IPCA;100;6,48;252;21/06/2030;30;50000;False;PUBLICA;-
LF002400OQJ;-;ITAU UNIBANCO S.A.;LF;False;0;-;DI;102;-;-;15/09/2027;10018;50009,92;False;PUBLICA;-
LF002500CL7;-;ITAU UNIBANCO S.A.;LF;False;0;-;DI;101,5;-;-;15/05/2028;40;53975;False;PUBLICA;-
LF0024004C5;-;BANCO SAFRA S/A;LF;False;0;-;PREFIXADO;-;9,33;252;03/02/2027;4;50000;False;PUBLICA;-
LF002400FKZ;-;BANCO SAFRA S/A;LF;False;0;-;IPCA;100;6,34;252;15/05/2045;1;50000;False;PUBLICA;-
LF0021004FL;-;BANCO SAFRA S/A;LF;False;0;-;IPCA;100;4,01;252;17/08/2026;2;50000;False;PUBLICA;-
LF002100H8B;-;BANCO SAFRA S/A;LF;False;0;-;IPCA;100;5,22;252;17/08/2026;1;50000;False;PUBLICA;-
LF0022007M3;-;BANCO SAFRA S/A;LF;False;0;-;IPCA;100;6,54;252;09/03/2027;1;78000;False;PUBLICA;-
LFSN22005PL;-;BANCO SAFRA S/A;LFSN;False;0;-;PREFIXADO;-;14,09;252;03/05/2032;60;300000;False;PUBLICA;-
LFSN21002PZ;-;BANCO SAFRA S/A;LFSN;False;0;-;IPCA;-;6,09;252;14/08/2028;1;300000;False;PUBLICA;-
LF002200KCK;-;BANCO SAFRA S/A;LF;False;0;-;IPCA;100;6,54;252;27/07/2027;1;50000;False;PUBLICA;-
LF002100E8P;-;BANCO SAFRA S/A;LF;False;0;-;IPCA;100;4,98;252;17/08/2026;1;50000;False;PUBLICA;-
LF002100HOW;-;BANCO SAFRA S/A;LF;False;0;-;IPCA;100;5,55;252;17/08/2026;1;50000;False;PUBLICA;-
LF002400VZW;-;ITAU UNIBANCO S.A.;LF;False;0;-;IPCA;100;7,21;252;14/11/2028;1;1530000;False;PUBLICA;-
LF002400QLW;-;BANCO SAFRA S/A;LF;False;0;-;IPCA;100;6,22;252;12/05/2045;1;50000;False;PUBLICA;-
LF002100BBY;-;BANCO SAFRA S/A;LF;False;0;-;IPCA;100;4,61;252;17/08/2026;2;50000;False;PUBLICA;-
LF002600IXY;-;ITAU UNIBANCO S.A.;LF;False;0;-;DI;101,5;-;-;24/06/2030;10;50000;False;PUBLICA;-
LF0022004T5;BRBSAFLNN2L5;BANCO SAFRA S/A;LF;False;0;-;DI;100;1,35;252;10/02/2027;13;50000;False;PUBLICA;-
LFSN21003J5;BRBITALFIX64;ITAU UNIBANCO HOLDING S.A;LFSN;False;0;-;DI;100;2;252;21/10/2031;8;400000;False;PUBLICA;-
LF002400MQ9;-;ITAU UNIBANCO S.A.;LF;False;0;-;DI;102;-;-;15/09/2027;14;50000;False;PUBLICA;-
LF002400PD7;-;ITAU UNIBANCO S.A.;LF;False;0;-;DI;102;-;-;15/10/2027;60;50000;False;PUBLICA;-
LF0026001QF;-;ITAU UNIBANCO S.A.;LF;False;0;-;DI;101,5;-;-;16/01/2031;6;50000;False;PUBLICA;-
LF0026004DX;-;ITAU UNIBANCO S.A.;LF;False;0;-;DI;101;-;-;15/02/2029;1180;50000;False;PUBLICA;-
LF0024009XT;-;ITAU UNIBANCO S.A.;LF;False;0;-;PREFIXADO;-;11,68;252;10/04/2034;1;67000;False;PUBLICA;-
LFSN21003MA;BRBITALFIXD7;ITAU UNIBANCO HOLDING S.A;LFSN;False;0;-;DI;100;2;252;21/10/2031;1;400000;False;PUBLICA;-
LF00210048H;-;BANCO SAFRA S/A;LF;False;0;-;IPCA;100;4,08;252;17/08/2026;4;50000;False;PUBLICA;-
LF0024006PD;-;BANCO SAFRA S/A;LF;False;0;-;DI;105,25;-;-;26/02/2027;422;50018,957346;False;PUBLICA;-
LF002100HQ1;-;BANCO SAFRA S/A;LF;False;0;-;PREFIXADO;-;13,08;252;21/10/2026;100;50000;False;PUBLICA;-
LF002100489;-;BANCO SAFRA S/A;LF;False;0;-;PREFIXADO;-;9,72;252;05/04/2027;1;96000;False;PUBLICA;-
LF002600MQ5;-;ITAU UNIBANCO S.A.;LF;False;0;-;DI;101;-;-;15/08/2029;70;50000;False;PUBLICA;-
LF002400N3U;-;BANCO SAFRA S/A;LF;False;0;-;IPCA;100;5,84;252;15/05/2035;4;50000;False;PUBLICA;-
LF0021008VL;-;BANCO SAFRA S/A;LF;False;0;-;IPCA;100;4,17;252;17/08/2026;80;50000;False;PUBLICA;-
LF002200FGM;-;BANCO SAFRA S/A;LF;False;0;-;IPCA;100;5,91;252;17/08/2026;13;52307,692308;False;PUBLICA;-
LF002100EBC;-;BANCO SAFRA S/A;LF;False;0;-;IPCA;100;4,86;252;17/08/2026;10;50000;False;PUBLICA;-
LF0025008VN;-;ITAU UNIBANCO S.A.;LF;False;0;-;DI;101,5;-;-;17/04/2028;320;50000;False;PUBLICA;-
LF002600LGE;-;ITAU UNIBANCO S.A.;LF;False;0;-;DI;101,5;-;-;15/08/2029;17;50000;False;PUBLICA;-
LF002400PIT;-;ITAU UNIBANCO S.A.;LF;False;0;-;DI;102;-;-;15/10/2027;65;50000;False;PUBLICA;-
LF0026004HO;BRBSTDLFI048;BANCO INBURSA S/A;LF;False;0;-;DI;100;0,55;252;10/02/2029;12;50000;False;PUBLICA;-
LF00210050T;-;BANCO SAFRA S/A;LF;False;0;-;IPCA;100;4,14;252;17/08/2026;1;50000;False;PUBLICA;-
LF002400M50;-;BANCO SAFRA S/A;LF;False;0;-;IPCA;100;6,35;252;15/05/2029;1;50000;False;PUBLICA;-
LF002400AK2;-;BANCO SAFRA S/A;LF;False;0;-;IPCA;100;5,42;252;19/04/2027;114;50348,819737;False;PUBLICA;-
LF0021002Z5;-;BANCO SAFRA S/A;LF;False;0;-;IPCA;100;3,62;252;17/08/2026;1;115000;False;PUBLICA;-
LF002200MRA;-;BANCO SAFRA S/A;LF;False;0;-;PREFIXADO;-;12,06;252;13/09/2028;2;50000;False;PUBLICA;-
LF002400HFP;-;BANCO SAFRA S/A;LF;False;0;-;IPCA;100;6,38;252;15/05/2029;6;50000;False;PUBLICA;-
LF0021003BV;-;BANCO SAFRA S/A;LF;False;0;-;IPCA;100;4,47;252;15/05/2035;10;50000;False;PUBLICA;-
LF0021005IF;-;BANCO SAFRA S/A;LF;False;0;-;IPCA;100;3,88;252;17/08/2026;3;50000;False;PUBLICA;-
LF002200DBC;-;BANCO SAFRA S/A;LF;False;0;-;IPCA;100;5,83;252;03/05/2027;20;53700;False;PUBLICA;-
LF002100E0Q;-;BANCO SAFRA S/A;LF;False;0;-;IPCA;100;5,01;252;17/08/2026;1;50000;False;PUBLICA;-
LF002400XLC;-;ITAU UNIBANCO S.A.;LF;False;0;-;PREFIXADO;-;13,3;252;26/11/2026;6;50000;False;PUBLICA;-
LF00210043W;-;BANCO SAFRA S/A;LF;False;0;-;IPCA;100;3,99;252;17/08/2026;4;50000;False;PUBLICA;-
LF002100PA7;-;BANCO SAFRA S/A;LF;False;0;-;IPCA;100;5,38;252;10/12/2026;10;50000;False;PUBLICA;-
LF0022000ZR;-;BANCO SAFRA S/A;LF;False;0;-;IPCA;100;5,75;252;17/08/2026;10;50000;False;PUBLICA;-
LF002400SWU;-;BANCO SAFRA S/A;LF;False;0;-;IPCA;100;6,75;252;15/05/2029;1;50000;False;PUBLICA;-
LF002100CBG;-;BANCO SAFRA S/A;LF;False;0;-;IPCA;100;4,93;252;17/08/2026;1;50000;False;PUBLICA;-
LF002400HTX;-;ITAU UNIBANCO S.A.;LF;False;0;-;DI;102;-;-;15/07/2027;24;50000;False;PUBLICA;-
LF002600K0V;-;ITAU UNIBANCO S.A.;LF;False;0;-;DI;101,5;-;-;03/07/2028;340;54350;False;PUBLICA;-
LF002100904;-;BANCO SAFRA S/A;LF;False;0;-;IPCA;100;4,18;252;17/08/2026;2;61500;False;PUBLICA;-
LF0021002WX;-;BANCO SAFRA S/A;LF;False;0;-;IPCA;100;3,62;252;17/08/2026;2;50000;False;PUBLICA;-
LF002600LPG;-;ITAU UNIBANCO S.A.;LF;False;0;-;DI;101;-;-;21/07/2028;3;50000;False;PUBLICA;-
LF002400G3F;BRBSAFLNNDE9;BANCO SAFRA S/A;LF;False;0;-;DI;100;0,45;252;20/08/2026;19;50000;False;PUBLICA;-
LFSN21003MK;BRBITALFIXD7;ITAU UNIBANCO HOLDING S.A;LFSN;False;0;-;DI;100;2;252;21/10/2031;1;400000;False;PUBLICA;-
LF00250053C;-;ITAU UNIBANCO S.A.;LF;False;0;-;DI;101,8;-;-;15/02/2028;95;50000;False;PUBLICA;-
LF002100E42;-;BANCO SAFRA S/A;LF;False;0;-;IPCA;100;5,12;252;17/08/2026;5;65000;False;PUBLICA;-
LF002200AU0;-;BANCO SAFRA S/A;LF;False;0;-;IPCA;100;5,57;252;17/08/2026;1;50000;False;PUBLICA;-
LF0025009HI;-;ITAU UNIBANCO S.A.;LF;False;0;-;DI;101;-;-;17/04/2028;68;50000;False;PUBLICA;-
LF0021002X3;-;BANCO SAFRA S/A;LF;False;0;-;IPCA;100;3,62;252;17/08/2026;4;55000;False;PUBLICA;-
LF002302UBL;-;ITAU UNIBANCO S.A.;LF;False;0;-;IPCA;100;6,11;252;27/04/2028;1;500000;False;PUBLICA;-
LF0024003LT;-;BANCO SAFRA S/A;LF;False;0;-;PREFIXADO;-;10,6;252;29/01/2029;10;50400;False;PUBLICA;-
LF002200J2W;-;BANCO SAFRA S/A;LF;False;0;-;IPCA;100;6,22;252;17/08/2026;4;50000;False;PUBLICA;-
LF0025003VL;-;ITAU UNIBANCO S.A.;LF;False;0;-;DI;102;-;-;15/02/2028;142;50055,92;False;PUBLICA;-
LF002200H25;-;BANCO SAFRA S/A;LF;False;0;-;IPCA;100;6,1;252;15/05/2035;1;75000;False;PUBLICA;-
LF002200EB6;-;BANCO SAFRA S/A;LF;False;0;-;IPCA;100;5,78;252;17/08/2026;2;60000;False;PUBLICA;-
LF002400EGG;-;BANCO SAFRA S/A;LF;False;0;-;PREFIXADO;-;12,15;252;01/06/2029;100;50000;False;PUBLICA;-
LF002100DYL;-;BANCO SAFRA S/A;LF;False;0;-;IPCA;100;4,96;252;17/08/2026;1;70000;False;PUBLICA;-
LF002100DRB;-;BANCO SAFRA S/A;LF;False;0;-;PREFIXADO;-;10,92;252;03/09/2027;2;50000;False;PUBLICA;-
LF002500CDH;-;ITAU UNIBANCO S.A.;LF;False;0;-;DI;101;-;-;15/05/2028;400;50000;False;PUBLICA;-
LF0025001XC;-;ITAU UNIBANCO S.A.;LF;False;0;-;DI;102;-;-;17/01/2028;1600;50000;False;PUBLICA;-
LF002500534;-;ITAU UNIBANCO S.A.;LF;False;0;-;DI;101,8;-;-;15/03/2028;25;51440;False;PUBLICA;-
LF002100EY7;-;BANCO SAFRA S/A;LF;False;0;-;IPCA;100;5,3;252;22/09/2026;4;50000;False;PUBLICA;-
LF002400IKG;-;ITAU UNIBANCO S.A.;LF;False;0;-;DI;102;-;-;15/07/2027;16;60487,5;False;PUBLICA;-
LF002100E7Y;-;BANCO SAFRA S/A;LF;False;0;-;IPCA;100;4,98;252;17/08/2026;1;70000;False;PUBLICA;-
LF0021003V5;-;BANCO SAFRA S/A;LF;False;0;-;IPCA;100;3,93;252;17/08/2026;1;50000;False;PUBLICA;-
LF002600NJD;-;ITAU UNIBANCO S.A.;LF;False;0;-;DI;101,5;-;-;15/08/2029;200;50000;False;PUBLICA;-
LF002100NIG;BRBSAFLFEUO7;BANCO SAFRA S/A;LF;False;0;-;IPCA;100;5,56;252;17/08/2026;2;50000;False;PUBLICA;-
LFSN21001PK;BRBSAFLFNNR6;BANCO SAFRA S/A;LFSN;False;0;-;DI;100;2;252;15/05/2028;3;300000;False;PUBLICA;-
LFSC22002BE;BRITUBLFI1I2;ITAU UNIBANCO HOLDING S.A;LFSC;False;0;-;DI;100;2,4;252;23/09/9999;7;300000;False;PUBLICA;-
LF002400LZF;-;BANCO SAFRA S/A;LF;False;0;-;IPCA;100;6,27;252;15/05/2029;1;55000;False;PUBLICA;-
LF002400PVU;-;ITAU UNIBANCO S.A.;LF;False;0;-;DI;101;-;-;24/09/2026;640;50000;False;PUBLICA;-
LF0021006FA;-;BANCO SAFRA S/A;LF;False;0;-;IPCA;100;3,99;252;17/08/2026;20;50000;False;PUBLICA;-
LF0023024K0;-;ITAU UNIBANCO S.A.;LF;False;0;-;PREFIXADO;-;13,78;252;01/04/2033;1;78000;False;PUBLICA;-
LF002100FJ9;-;BANCO SAFRA S/A;LF;False;0;-;IPCA;100;5,01;252;17/08/2026;1;50000;False;PUBLICA;-
LF002100A8Y;-;BANCO SAFRA S/A;LF;False;0;-;IPCA;100;4,27;252;17/08/2026;1;50000;False;PUBLICA;-
LF002200CXF;-;BANCO SAFRA S/A;LF;False;0;-;IPCA;100;6,24;252;29/04/2032;6;50833,333334;False;PUBLICA;-
LF0021009O0;-;BANCO SAFRA S/A;LF;False;0;-;IPCA;100;4,82;252;14/07/2027;5;56799;False;PUBLICA;-
LF002500GW5;-;ITAU UNIBANCO S.A.;LF;False;0;-;IPCA;100;8,06;252;29/07/2030;4;52250;False;PUBLICA;-
LF002200168;-;BANCO SAFRA S/A;LF;False;0;-;IPCA;100;6,04;252;15/05/2035;1;50000;False;PUBLICA;-
LF002100JB7;-;BANCO SAFRA S/A;LF;False;0;-;IPCA;100;6,01;252;17/08/2026;2;62500;False;PUBLICA;-
LF002600A3T;-;ITAU UNIBANCO S.A.;LF;False;0;-;DI;101,5;-;-;16/04/2029;60;50000;False;PUBLICA;-
LF002200C36;BRBSAFLNN5R5;BANCO SAFRA S/A;LF;False;0;-;IPCA;100;6,4;252;20/04/2027;158;50000;False;PUBLICA;-
LF002200SXI;-;ITAU UNIBANCO S.A.;LF;False;0;-;IPCA;100;6,79;252;14/12/2027;1;100000;False;PUBLICA;-
LFSN21003MZ;BRBITALFIXH8;ITAU UNIBANCO HOLDING S.A;LFSN;False;0;-;DI;100;2;252;22/09/2031;1;400000;False;PUBLICA;-
LF002400KUT;BRBSAFLNNDM2;BANCO SAFRA S/A;LF;False;0;-;DI;100;0,4;252;05/10/2026;3476;50000;False;PUBLICA;-
LF002400LZW;-;BANCO SAFRA S/A;LF;False;0;-;IPCA;100;6,27;252;15/05/2029;1;50000;False;PUBLICA;-
LF002400WNT;-;ITAU UNIBANCO S.A.;LF;False;0;-;DI;102;-;-;15/12/2027;126;50130,39;False;PUBLICA;-
LFSC23006T9;BRITUBLFI1R3;ITAU UNIBANCO HOLDING S.A;LFSC;False;0;-;DI;100;1,9;252;09/11/9999;2;350000;False;PUBLICA;-
LF0021007MJ;-;BANCO SAFRA S/A;LF;False;0;-;IPCA;100;3,94;252;17/08/2026;4;50000;False;PUBLICA;-
LF002307XHU;-;BANCO SAFRA S/A;LF;False;0;-;PREFIXADO;-;12,37;252;20/10/2028;1;50000;False;PUBLICA;-
LF0022004U0;BRBSAFLNN2L5;BANCO SAFRA S/A;LF;False;0;-;DI;100;1,35;252;10/02/2027;7;50000;False;PUBLICA;-
LF002500F6Q;-;ITAU UNIBANCO S.A.;LF;False;0;-;IPCA;100;8,59;252;30/06/2027;4;50000;False;PUBLICA;-
LF002100BOY;-;BANCO SAFRA S/A;LF;False;0;-;IPCA;100;4,69;252;17/08/2026;22;50000;False;PUBLICA;-
LFSC220028N;BRITUBLFI1H4;ITAU UNIBANCO HOLDING S.A;LFSC;False;0;-;DI;100;2,4;252;22/09/9999;6;300000;False;PUBLICA;-
LF0025008EL;-;ITAU UNIBANCO S.A.;LF;False;0;-;IPCA;100;8,22;252;25/03/2027;1;95000;False;PUBLICA;-
LF002303YR5;-;BANCO BRADESCO S/A;LF;False;0;-;PREFIXADO;-;11,42;252;06/06/2028;1;50000;False;PUBLICA;-
LF002100H83;-;BANCO SAFRA S/A;LF;False;0;-;IPCA;100;5,22;252;17/08/2026;10;50000;False;PUBLICA;-
LF002100MLZ;BRBSAFLFENZ8;BANCO SAFRA S/A;LF;False;0;-;IPCA;100;5,6;252;17/08/2026;1;50000;False;PUBLICA;-
LFSN21003NS;BRBITALFIXH8;ITAU UNIBANCO HOLDING S.A;LFSN;False;0;-;DI;100;2;252;22/09/2031;1;400000;False;PUBLICA;-
LF002100LVS;BRBSAFLFE1E3;BANCO SAFRA S/A;LF;False;0;-;IPCA;100;5,67;252;17/08/2026;10;50000;False;PUBLICA;-
LF002200CQ2;-;BANCO SAFRA S/A;LF;False;0;-;IPCA;100;5,75;252;17/08/2026;1;50000;False;PUBLICA;-
LF002400GVX;-;ITAU UNIBANCO S.A.;LF;False;0;-;DI;102;-;-;15/07/2027;11;50000;False;PUBLICA;-
LF0023015D8;-;ITAU UNIBANCO S.A.;LF;False;0;-;PREFIXADO;-;13,66;252;23/02/2027;1;50000;False;PUBLICA;-
LFSN21003HS;BRBITALFIX64;ITAU UNIBANCO HOLDING S.A;LFSN;False;0;-;DI;100;2;252;21/10/2031;59;400000;False;PUBLICA;-
LF0021009LK;-;BANCO SAFRA S/A;LF;False;0;-;IPCA;100;4,18;252;17/08/2026;4;50000;False;PUBLICA;-
LF002100CC7;-;BANCO SAFRA S/A;LF;False;0;-;IPCA;100;4,93;252;17/08/2026;3;50000;False;PUBLICA;-
LFSC22002BZ;BRITUBLFI1I2;ITAU UNIBANCO HOLDING S.A;LFSC;False;0;-;DI;100;2,4;252;23/09/9999;1;300000;False;PUBLICA;-
LFSN21003DR;BRBITALFIX23;ITAU UNIBANCO HOLDING S.A;LFSN;False;0;-;DI;100;2;252;21/10/2031;42;400000;False;PUBLICA;-
LF002600ERU;-;ITAU UNIBANCO S.A.;LF;False;0;-;DI;102;-;-;15/06/2029;44;50455;False;PUBLICA;-
LF002500ETX;-;ITAU UNIBANCO S.A.;LF;False;0;-;IPCA;100;8,94;252;25/06/2027;140;50000;False;PUBLICA;-
LF002100CKS;-;BANCO SAFRA S/A;LF;False;0;-;IPCA;100;5,02;252;17/08/2026;5;55600;False;PUBLICA;-
LF002400G3N;BRBSAFLNNDE9;BANCO SAFRA S/A;LF;False;0;-;DI;100;0,45;252;20/08/2026;245;50000;False;PUBLICA;-
LF002400SWT;-;BANCO SAFRA S/A;LF;False;0;-;IPCA;100;6,47;252;15/05/2045;1;66000;False;PUBLICA;-
LF002600LS4;-;ITAU UNIBANCO S.A.;LF;False;0;-;PREFIXADO;-;14,54;252;24/07/2028;41;50000;False;PUBLICA;-
LF002400HCL;-;BANCO SAFRA S/A;LF;False;0;-;IPCA;100;6,34;252;15/05/2045;20;50000;False;PUBLICA;-
LF002200DMC;-;BANCO SAFRA S/A;LF;False;0;-;IPCA;100;6,05;252;10/05/2027;3;50000;False;PUBLICA;-
LF002400VV4;-;ITAU UNIBANCO S.A.;LF;False;0;-;DI;102;-;-;16/11/2027;41;50432,22;False;PUBLICA;-
LF002600HJ7;-;ITAU UNIBANCO S.A.;LF;False;0;-;DI;101,5;-;-;11/06/2030;4;50000;False;PUBLICA;-
LF002100HD2;-;BANCO SAFRA S/A;LF;False;0;-;IPCA;100;5,37;252;17/08/2026;2;50000;False;PUBLICA;-
LF002400KUP;BRBSAFLNNDM2;BANCO SAFRA S/A;LF;False;0;-;DI;100;0,4;252;05/10/2026;1564;50000;False;PUBLICA;-
LF002100KYV;BRBSAFLTRE23;BANCO SAFRA S/A;LF;False;0;-;IPCA;100;5,65;252;17/08/2026;1;50000;False;PUBLICA;-
LF002100KP4;BRBSAFLTRCU5;BANCO SAFRA S/A;LF;False;0;-;IPCA;100;5,61;252;17/08/2026;1;70000;False;PUBLICA;-
LFSC23006OC;BRITUBLFI1Q5;ITAU UNIBANCO HOLDING S.A;LFSC;False;0;-;DI;100;1,9;252;08/11/9999;103;350000;False;PUBLICA;-
LF002100NPY;BRBSAFLFEW48;BANCO SAFRA S/A;LF;False;0;-;IPCA;100;5,85;252;01/12/2026;3;60000;False;PUBLICA;-
LF0021009RI;-;BANCO SAFRA S/A;LF;False;0;-;IPCA;100;4,05;252;17/08/2026;1;64000;False;PUBLICA;-
LF002400UJU;-;ITAU UNIBANCO S.A.;LF;False;0;-;DI;101;-;-;03/11/2026;1220;50000;False;PUBLICA;-
LF002600MXA;-;ITAU UNIBANCO S.A.;LF;False;0;-;DI;101;-;-;15/08/2029;100;50000;False;PUBLICA;-
LFSC220027Q;BRITUBLFI1H4;ITAU UNIBANCO HOLDING S.A;LFSC;False;0;-;DI;100;2,4;252;22/09/9999;22;300000;False;PUBLICA;-
LF002400O8F;-;ITAU UNIBANCO S.A.;LF;False;0;-;DI;102;-;-;15/09/2027;80;50000;False;PUBLICA;-
LF0021002VG;-;ITAU UNIBANCO S.A.;LF;False;0;-;PREFIXADO;-;8,57;252;03/07/2028;1;200000;False;PUBLICA;-
LF002400N3R;-;BANCO SAFRA S/A;LF;False;0;-;PREFIXADO;-;11,09;252;28/08/2028;4;55000;False;PUBLICA;-
LF002200C2Z;-;BANCO SAFRA S/A;LF;False;0;-;IPCA;100;7,1;252;20/04/2032;8;50000;False;PUBLICA;-
LF0021001ZL;BRBSAFLTFIZ6;BANCO SAFRA S/A;LF;False;0;-;IPCA;100;3,68;252;17/08/2026;2;50000;False;PUBLICA;-
LF0022001O7;-;BANCO SAFRA S/A;LF;False;0;-;IPCA;100;6,09;252;15/05/2035;2;50000;False;PUBLICA;-
LF00250064U;-;ITAU UNIBANCO S.A.;LF;False;0;-;IPCA;100;8,01;252;27/02/2030;1;1160000;False;PUBLICA;-
LF0021004JQ;-;BANCO SAFRA S/A;LF;False;0;-;IPCA;100;4,11;252;17/08/2026;2;50000;False;PUBLICA;-
LF0024005WY;-;ITAU UNIBANCO S.A.;LF;False;0;-;PREFIXADO;-;10,91;252;19/02/2029;1;290000;False;PUBLICA;-
LF002400QWJ;-;BANCO SAFRA S/A;LF;False;0;-;PREFIXADO;-;12,47;252;02/10/2026;22;50000;False;PUBLICA;-
LF002400E3D;-;BANCO SAFRA S/A;LF;False;0;-;IPCA;100;6,08;252;15/05/2045;1;60000;False;PUBLICA;-
LF0026004P3;-;ITAU UNIBANCO S.A.;LF;False;0;-;DI;101,5;-;-;15/02/2029;400;50000;False;PUBLICA;-
LF002100EGW;-;BANCO SAFRA S/A;LF;False;0;-;IPCA;100;4,88;252;17/08/2026;4;60000;False;PUBLICA;-
LFSN21003IE;BRBITALFIX72;ITAU UNIBANCO HOLDING S.A;LFSN;False;0;-;DI;100;2;252;22/09/2031;14;400000;False;PUBLICA;-
LF002100GXJ;-;BANCO SAFRA S/A;LF;False;0;-;IPCA;100;5,05;252;17/08/2026;2;50000;False;PUBLICA;-
LF0021004U0;-;BANCO SAFRA S/A;LF;False;0;-;IPCA;100;4,13;252;17/08/2026;4;50000;False;PUBLICA;-
LFSC22002S6;BRITUBLFI1M4;ITAU UNIBANCO HOLDING S.A;LFSC;False;0;-;DI;100;2,4;252;29/09/9999;5;300000;False;PUBLICA;-
LF002600N0G;-;ITAU UNIBANCO S.A.;LF;False;0;-;DI;101;-;-;15/08/2029;200;50000;False;PUBLICA;-
LF0021003G6;-;BANCO SAFRA S/A;LF;False;0;-;IPCA;100;3,93;252;17/08/2026;1;60000;False;PUBLICA;-
LF0021009SH;-;BANCO SAFRA S/A;LF;False;0;-;IPCA;100;4,06;252;17/08/2026;4;50000;False;PUBLICA;-
LF002500A7F;-;ITAU UNIBANCO S.A.;LF;False;0;-;DI;101,5;-;-;17/04/2028;118;50329,2;False;PUBLICA;-
LF0021006T4;-;BANCO SAFRA S/A;LF;False;0;-;IPCA;100;4,71;252;28/05/2031;1;70000;False;PUBLICA;-
LF002200BGH;-;BANCO SAFRA S/A;LF;False;0;-;IPCA;100;5,76;252;17/08/2026;3;51666,666667;False;PUBLICA;-
LF002400QWM;-;BANCO SAFRA S/A;LF;False;0;-;PREFIXADO;-;11,77;252;02/10/2026;6;50000;False;PUBLICA;-
LF002100DN9;-;BANCO SAFRA S/A;LF;False;0;-;IPCA;100;5,04;252;02/09/2031;1;50000;False;PUBLICA;-
LF002400BHW;BRBSAFLNNCR3;BANCO SAFRA S/A;LF;False;0;-;IPCA;100;6,75;252;25/04/2029;250;50000;False;PUBLICA;-
LF0021006YD;-;BANCO SAFRA S/A;LF;False;0;-;IPCA;100;3,83;252;17/08/2026;5;50000;False;PUBLICA;-
LF002100PLT;-;BANCO SAFRA S/A;LF;False;0;-;IPCA;100;5,34;252;17/08/2026;10;50000;False;PUBLICA;-
LF002500E0U;-;ITAU UNIBANCO S.A.;LF;False;0;-;IPCA;100;7,45;252;11/06/2029;40;50000;False;PUBLICA;-
LF002100CVY;BRBSAFLFNPX9;BANCO SAFRA S/A;LF;False;0;-;IPCA;100;6,06;252;26/08/2031;100;250000;False;PUBLICA;-
LF00240087S;-;BANCO SAFRA S/A;LF;False;0;-;IPCA;100;5,83;252;22/03/2027;80;50000;False;PUBLICA;-
LF002400PCU;-;ITAU UNIBANCO S.A.;LF;False;0;-;DI;102;-;-;15/10/2027;50;54360;False;PUBLICA;-
LF002400L5A;BRBSAFLNNDP5;BANCO SAFRA S/A;LF;False;0;-;DI;100;0,4;252;08/01/2027;33;50000;False;PUBLICA;-
LF002600KQD;-;ITAU UNIBANCO S.A.;LF;False;0;-;PREFIXADO;-;14,36;252;09/07/2029;6;50000;False;PUBLICA;-
LF0021005LI;-;BANCO SAFRA S/A;LF;False;0;-;IPCA;100;3,86;252;17/08/2026;20;50000;False;PUBLICA;-
LF002307QJX;BRBVKWLFIAC3;BCO VOLKSWAGEN S/A;LF;False;0;-;DI;100;1,25;252;06/10/2027;3174;50000;False;PUBLICA;-
LFSC22002S7;BRITUBLFI1M4;ITAU UNIBANCO HOLDING S.A;LFSC;False;0;-;DI;100;2,4;252;29/09/9999;1;300000;False;PUBLICA;-
LF0025000TE;-;ITAU UNIBANCO S.A.;LF;False;0;-;IPCA;100;7,94;252;08/01/2029;1;250000;False;PUBLICA;-
LF002400V8L;-;ITAU UNIBANCO S.A.;LF;False;0;-;DI;102;-;-;16/11/2027;77;50035,71;False;PUBLICA;-
LF002400EGI;-;BANCO SAFRA S/A;LF;False;0;-;PREFIXADO;-;12,15;252;01/06/2029;100;50000;False;PUBLICA;-
LF002200AJD;-;BANCO SAFRA S/A;LF;False;0;-;IPCA;100;5,41;252;17/08/2026;9;52333,333334;False;PUBLICA;-
LF002400K66;-;ITAU UNIBANCO S.A.;LF;False;0;-;PREFIXADO;-;11,96;252;17/08/2026;82;50000;False;PUBLICA;-
LF002400O4K;-;ITAU UNIBANCO S.A.;LF;False;0;-;DI;102;-;-;15/09/2027;76;50000;False;PUBLICA;-
LF002600MMQ;-;ITAU UNIBANCO S.A.;LF;False;0;-;DI;101,5;-;-;15/08/2029;30;50000;False;PUBLICA;-
LF002100GDD;-;BANCO SAFRA S/A;LF;False;0;-;IPCA;100;5,06;252;17/08/2026;1;50000;False;PUBLICA;-
LF002500578;-;ITAU UNIBANCO S.A.;LF;False;0;-;DI;101,8;-;-;15/03/2028;198;50000;False;PUBLICA;-
LF002400LCV;-;ITAU UNIBANCO S.A.;LF;False;0;-;DI;102;-;-;16/08/2027;44;50000;False;PUBLICA;-
LFSC23006OB;BRITUBLFI1Q5;ITAU UNIBANCO HOLDING S.A;LFSC;False;0;-;DI;100;1,9;252;08/11/9999;2;350000;False;PUBLICA;-
LF002100Q19;-;BANCO SAFRA S/A;LF;False;0;-;DI;109;-;-;20/12/2027;1;50000;False;PUBLICA;-
LF002400IRQ;-;ITAU UNIBANCO S.A.;LF;False;0;-;DI;102;-;-;15/07/2027;300;50000;False;PUBLICA;-
LF002100F5G;-;BANCO SAFRA S/A;LF;False;0;-;IPCA;100;5,03;252;17/08/2026;1;50000;False;PUBLICA;-
LFSC220027T;BRITUBLFI1H4;ITAU UNIBANCO HOLDING S.A;LFSC;False;0;-;DI;100;2,4;252;22/09/9999;1;300000;False;PUBLICA;-
LF0021003FZ;-;BANCO SAFRA S/A;LF;False;0;-;IPCA;100;3,93;252;17/08/2026;1;187000;False;PUBLICA;-
LF002100Q8A;-;BANCO SAFRA S/A;LF;False;0;-;IPCA;100;5,45;252;17/08/2026;1;153000;False;PUBLICA;-
LF002200CMJ;-;BANCO SAFRA S/A;LF;False;0;-;IPCA;100;6,26;252;26/04/2032;4;50000;False;PUBLICA;-
LF0021008M9;-;BANCO SAFRA S/A;LF;False;0;-;IPCA;100;4,17;252;17/08/2026;1;50000;False;PUBLICA;-
LF002100IDB;-;BANCO SAFRA S/A;LF;False;0;-;IPCA;100;5,37;252;26/10/2026;20;51050;False;PUBLICA;-
LF002100BF0;-;BANCO SAFRA S/A;LF;False;0;-;IPCA;100;4,65;252;17/08/2026;32;69500;False;PUBLICA;-
LFSN21003DS;BRBITALFIX23;ITAU UNIBANCO HOLDING S.A;LFSN;False;0;-;DI;100;2;252;21/10/2031;7;400000;False;PUBLICA;-
LF00220000O;-;BANCO SAFRA S/A;LF;False;0;-;DI;109;-;-;03/01/2028;3;50000;False;PUBLICA;-
LF0023000H7;BRBSAFLNN9I6;BANCO SAFRA S/A;LF;False;0;-;IPCA;100;7,13;252;07/01/2030;5;100000;False;PUBLICA;-
LF002200O90;-;ITAU UNIBANCO S.A.;LF;False;0;-;DI;102;-;-;19/11/2027;420;50000;False;PUBLICA;-
LF002500FKA;-;ITAU UNIBANCO S.A.;LF;False;0;-;DI;101;-;-;05/07/2027;15;65000;False;PUBLICA;-
LF002400TJD;-;ITAU UNIBANCO S.A.;LF;False;0;-;DI;102;-;-;16/11/2027;11;50000;False;PUBLICA;-
LF002100LB2;BRBSAFLTRG21;BANCO SAFRA S/A;LF;False;0;-;IPCA;100;5,56;252;17/08/2026;1;55000;False;PUBLICA;-
LF002200QKR;-;BANCO SAFRA S/A;LF;False;0;-;PREFIXADO;-;13,55;252;23/11/2026;2;50000;False;PUBLICA;-
LF002100GZW;-;BANCO SAFRA S/A;LF;False;0;-;IPCA;100;5,53;252;15/10/2026;3;55333,333334;False;PUBLICA;-
LF002400LMZ;-;BANCO SAFRA S/A;LF;False;0;-;IPCA;100;5,95;252;16/08/2027;30;50000;False;PUBLICA;-
LF002600LXB;-;ITAU UNIBANCO S.A.;LF;False;0;-;IPCA;100;8,41;252;22/07/2030;30;50000;False;PUBLICA;-
LF0021005DJ;-;BANCO SAFRA S/A;LF;False;0;-;IPCA;100;3,82;252;17/08/2026;1;50000;False;PUBLICA;-
LF002302VJZ;-;BANCO SAFRA S/A;LF;False;0;-;PREFIXADO;-;13,23;252;30/04/2029;20;50000;False;PUBLICA;-
LF002400E5C;-;BANCO SAFRA S/A;LF;False;0;-;IPCA;100;6,05;252;15/05/2045;1;60000;False;PUBLICA;-
LF002200GG6;-;ITAU UNIBANCO S.A.;LF;False;0;-;PREFIXADO;-;13,2;252;10/06/2027;1;50000;False;PUBLICA;-
LF0024013YO;-;ITAU UNIBANCO S.A.;LF;False;0;-;DI;102;-;-;17/01/2028;793;50018,92;False;PUBLICA;-
LF002100FS1;-;BANCO SAFRA S/A;LF;False;0;-;IPCA;100;5,05;252;17/08/2026;1;74000;False;PUBLICA;-
LF0024013LM;BRBITALFN425;ITAU UNIBANCO S.A.;LF;False;0;-;IPCA;100;8,46;252;21/12/2026;1;5000000;False;PUBLICA;-
LF002100F1R;-;BANCO SAFRA S/A;LF;False;0;-;IPCA;100;4,96;252;17/08/2026;5;50000;False;PUBLICA;-
LF002100BH6;-;BANCO SAFRA S/A;LF;False;0;-;IPCA;100;4,62;252;17/08/2026;1;90000;False;PUBLICA;-
LFSC23006SM;BRITUBLFI1R3;ITAU UNIBANCO HOLDING S.A;LFSC;False;0;-;DI;100;1,9;252;09/11/9999;4;350000;False;PUBLICA;-
LF0024008DN;-;BANCO SAFRA S/A;LF;False;0;-;IPCA;100;5,91;252;20/03/2030;24;50458,333334;False;PUBLICA;-
LF002400NCJ;-;BANCO SAFRA S/A;LF;False;0;-;IPCA;100;6,04;252;31/08/2026;1;50000;False;PUBLICA;-
LFSN21001PT;BRBSAFLFNNT2;BANCO SAFRA S/A;LFSN;False;0;-;DI;100;2;252;17/05/2028;8;1000000;False;PUBLICA;-
LF002500IZM;BRJBSBLFI001;PICPAY BANK - BANCO MULTIPLO S.A;LF;False;0;-;DI;100;1,75;252;23/08/2027;4230;50000;False;PUBLICA;-
LF0021008VD;-;BANCO SAFRA S/A;LF;False;0;-;IPCA;100;4,17;252;17/08/2026;2;50000;False;PUBLICA;-
LF0022008GR;-;BANCO SAFRA S/A;LF;False;0;-;IPCA;100;6,09;252;17/08/2026;5;50000;False;PUBLICA;-
LF002100EEA;-;BANCO SAFRA S/A;LF;False;0;-;IPCA;100;4,91;252;17/08/2026;1;50000;False;PUBLICA;-
LF002100FMV;-;BANCO SAFRA S/A;LF;False;0;-;IPCA;100;5,01;252;17/08/2026;1;50000;False;PUBLICA;-
LF002303D5C;-;ITAU UNIBANCO S.A.;LF;False;0;-;PREFIXADO;-;12,31;252;16/05/2028;1;3000000;False;PUBLICA;-
LF002600LL5;-;ITAU UNIBANCO S.A.;LF;False;0;-;DI;101,5;-;-;15/08/2029;60;60718,95;False;PUBLICA;-
LF002400HCI;-;BANCO SAFRA S/A;LF;False;0;-;IPCA;100;6,57;252;28/06/2028;17;51823,529412;False;PUBLICA;-
LF002600H2S;-;ITAU UNIBANCO S.A.;LF;False;0;-;IPCA;100;8,48;252;08/06/2028;10;50000;False;PUBLICA;-
LF002400L3Z;-;ITAU UNIBANCO S.A.;LF;False;0;-;DI;102;-;-;16/08/2027;10;71500;False;PUBLICA;-
LF002100HJT;-;BANCO SAFRA S/A;LF;False;0;-;IPCA;100;5,46;252;17/08/2026;1;50000;False;PUBLICA;-
LF002100P27;BRSCDILFI403;BANCO COOPERATIVO SICREDI S/A;LF;False;0;-;DI;100;1,9;252;13/12/2026;1042;150000;False;PUBLICA;-
LF002301J95;-;ITAU UNIBANCO S.A.;LF;False;0;-;DI;105;-;-;08/03/2028;1;50000;False;PUBLICA;-
LF002500LGM;-;ITAU UNIBANCO S.A.;LF;False;0;-;DI;101,5;-;-;23/09/2030;9;62000;False;PUBLICA;-
LF0021008DI;-;BANCO SAFRA S/A;LF;False;0;-;IPCA;100;4,57;252;15/05/2035;2;55000;False;PUBLICA;-
LF002400PVV;-;ITAU UNIBANCO S.A.;LF;False;0;-;DI;102;-;-;15/10/2027;106;50000;False;PUBLICA;-
LFSC23006TM;BRITUBLFI1R3;ITAU UNIBANCO HOLDING S.A;LFSC;False;0;-;DI;100;1,9;252;09/11/9999;18;350000;False;PUBLICA;-
LF002100EEI;-;BANCO SAFRA S/A;LF;False;0;-;IPCA;100;4,91;252;17/08/2026;9;52555,555556;False;PUBLICA;-
LF0021004D6;-;BANCO SAFRA S/A;LF;False;0;-;IPCA;100;4,1;252;17/08/2026;1;50000;False;PUBLICA;-
LF002100772;-;BANCO SAFRA S/A;LF;False;0;-;IPCA;100;4,52;252;09/06/2031;1;75000;False;PUBLICA;-
LF002400IHN;-;ITAU UNIBANCO S.A.;LF;False;0;-;DI;102;-;-;15/07/2027;208;50000;False;PUBLICA;-
LFSC22002H6;BRITUBLFI1K8;ITAU UNIBANCO HOLDING S.A;LFSC;False;0;-;DI;100;2,4;252;27/09/9999;8;300000;False;PUBLICA;-
LF002100QCK;-;BANCO SAFRA S/A;LF;False;0;-;IPCA;100;5,52;252;15/05/2035;1;50000;False;PUBLICA;-
LF0026008E1;-;ITAU UNIBANCO S.A.;LF;False;0;-;DI;101,5;-;-;16/04/2029;233;50000;False;PUBLICA;-
LF002100HIR;-;BANCO SAFRA S/A;LF;False;0;-;IPCA;100;5,46;252;17/08/2026;2;50000;False;PUBLICA;-
LF0022000YX;-;BANCO SAFRA S/A;LF;False;0;-;IPCA;100;5,75;252;17/08/2026;1;50000;False;PUBLICA;-
LF0022007T2;-;BANCO SAFRA S/A;LF;False;0;-;IPCA;100;6,1;252;17/08/2026;1;65000;False;PUBLICA;-
LF002400F9M;-;BANCO SAFRA S/A;LF;False;0;-;DI;101,75;-;-;11/06/2030;2;50000;False;PUBLICA;-
LF002200BRK;-;BANCO SAFRA S/A;LF;False;0;-;PREFIXADO;-;12,86;252;19/04/2032;3;58333,333334;False;PUBLICA;-
LFSN24005KH;BRITUBLFI1V5;ITAU UNIBANCO HOLDING S.A;LFSN;False;0;-;DI;100;0,65;252;15/09/2034;5523;300000;False;PUBLICA;-
LF0021002R7;-;BANCO SAFRA S/A;LF;False;0;-;IPCA;100;4,13;252;15/05/2035;5;1815000;False;PUBLICA;-
LF002301ALW;-;BANCO SAFRA S/A;LF;False;0;-;PREFIXADO;-;13,23;252;02/03/2027;3;50000;False;PUBLICA;-
LF0024009H0;-;ITAU UNIBANCO S.A.;LF;False;0;-;IPCA;100;6,14;252;03/04/2034;1;10000000;False;PUBLICA;-
LF0021003V8;-;BANCO SAFRA S/A;LF;False;0;-;IPCA;100;4,02;252;17/08/2026;1;50000;False;PUBLICA;-
LF002400QMC;-;ITAU UNIBANCO S.A.;LF;False;0;-;DI;102;-;-;15/10/2027;1000;50000;False;PUBLICA;-
LF002100C5P;-;BANCO SAFRA S/A;LF;False;0;-;IPCA;100;4,97;252;16/08/2027;1;50000;False;PUBLICA;-
LF002100GUS;-;BANCO SAFRA S/A;LF;False;0;-;IPCA;100;5,07;252;17/08/2026;4;50000;False;PUBLICA;-
LF002100A62;-;BANCO SAFRA S/A;LF;False;0;-;IPCA;100;4,23;252;17/08/2026;2;60000;False;PUBLICA;-
LF002100HBU;-;BANCO SAFRA S/A;LF;False;0;-;IPCA;100;5,37;252;17/08/2026;3;63666,666667;False;PUBLICA;-
LF002400L3Y;-;ITAU UNIBANCO S.A.;LF;False;0;-;DI;102;-;-;16/08/2027;300;50000;False;PUBLICA;-
LFSN22009S9;-;BANCO SAFRA S/A;LFSN;False;0;-;PREFIXADO;-;14,19;252;04/08/2032;1;300000;False;PUBLICA;-
LF0021004D7;-;BANCO SAFRA S/A;LF;False;0;-;IPCA;100;4,1;252;17/08/2026;2;72000;False;PUBLICA;-
LF002400TJH;-;ITAU UNIBANCO S.A.;LF;False;0;-;DI;102;-;-;16/11/2027;13;52307,7;False;PUBLICA;-
LF002400H4L;-;BANCO SAFRA S/A;LF;False;0;-;IPCA;100;6,31;252;15/05/2029;2;50000;False;PUBLICA;-
LF0025008EK;-;ITAU UNIBANCO S.A.;LF;False;0;-;IPCA;100;8,16;252;26/03/2029;200;50000;False;PUBLICA;-
LF0022005XB;-;BANCO SAFRA S/A;LF;False;0;-;IPCA;100;5,69;252;17/08/2026;5;54600;False;PUBLICA;-
LF002200F2O;-;BANCO SAFRA S/A;LF;False;0;-;IPCA;100;5,97;252;17/08/2026;5;50000;False;PUBLICA;-
LF002100NES;BRBSAFLFESZ7;BANCO SAFRA S/A;LF;False;0;-;IPCA;100;5,55;252;17/08/2026;1;50000;False;PUBLICA;-
LF002100BFB;-;BANCO SAFRA S/A;LF;False;0;-;IPCA;100;4,63;252;17/08/2026;2;55000;False;PUBLICA;-
LF002400MY6;-;BANCO SAFRA S/A;LF;False;0;-;IPCA;100;6,23;252;23/08/2034;600;50000;False;PUBLICA;-
LF0021003BX;-;BANCO SAFRA S/A;LF;False;0;-;IPCA;100;3,95;252;17/08/2026;1;50000;False;PUBLICA;-
LF002400T7O;-;BANCO SAFRA S/A;LF;False;0;-;IPCA;100;6,53;252;15/05/2045;1;50000;False;PUBLICA;-
LF0022001O9;-;BANCO SAFRA S/A;LF;False;0;-;IPCA;100;5,75;252;17/08/2026;1;50000;False;PUBLICA;-
LF002400RCZ;BRBSAFLNNE98;BANCO SAFRA S/A;LF;False;0;-;DI;100;0,27;252;05/04/2027;1000;50000;False;PUBLICA;-
LF002100N3X;BRBSAFLFER52;BANCO SAFRA S/A;LF;False;0;-;IPCA;100;5,33;252;25/11/2026;5;50000;False;PUBLICA;-
LF002100DR1;-;BANCO SAFRA S/A;LF;False;0;-;IPCA;100;4,87;252;17/08/2026;31;50000;False;PUBLICA;-
LF002100OKS;BRBSAFLNN1D4;BANCO SAFRA S/A;LF;False;0;-;IPCA;100;6,2;252;08/12/2026;100;250000;False;PUBLICA;-
LF002600ERV;-;ITAU UNIBANCO S.A.;LF;False;0;-;DI;102;-;-;15/06/2029;20;50000;False;PUBLICA;-
LF002400BSA;-;ITAU UNIBANCO S.A.;LF;False;0;-;PREFIXADO;-;11,99;252;03/05/2034;1;68000;False;PUBLICA;-
LFSN21001PI;BRBSAFLFNNR6;BANCO SAFRA S/A;LFSN;False;0;-;DI;100;2;252;15/05/2028;2;300000;False;PUBLICA;-
LFSC22002DK;BRITUBLFI1J0;ITAU UNIBANCO HOLDING S.A;LFSC;False;0;-;DI;100;2,4;252;26/09/9999;9;300000;False;PUBLICA;-
LF002100FR5;-;BANCO SAFRA S/A;LF;False;0;-;IPCA;100;5,33;252;15/05/2035;1;50000;False;PUBLICA;-
LF002400NIK;-;ITAU UNIBANCO S.A.;LF;False;0;-;DI;102;-;-;15/09/2027;13;50000;False;PUBLICA;-
LF002400ORA;BRBSAFLNNE07;BANCO SAFRA S/A;LF;False;0;-;IPCA;100;6,54;252;12/09/2031;150;50000;False;PUBLICA;-
LF002400M02;-;BANCO SAFRA S/A;LF;False;0;-;IPCA;100;6,27;252;15/05/2029;1;50000;False;PUBLICA;-
LF002200N16;-;BANCO SAFRA S/A;LF;False;0;-;IPCA;100;6,35;252;26/09/2029;142;50000;False;PUBLICA;-
LF002400Q6P;-;ITAU UNIBANCO S.A.;LF;False;0;-;DI;102;-;-;15/10/2027;22;52007,31;False;PUBLICA;-
LF0021003GJ;-;BANCO SAFRA S/A;LF;False;0;-;IPCA;100;4,5;252;15/05/2035;4;50000;False;PUBLICA;-
LF0021004B2;-;BANCO SAFRA S/A;LF;False;0;-;IPCA;100;4,11;252;17/08/2026;1;50000;False;PUBLICA;-
LF002100JGV;BRBSAFLTR946;BANCO SAFRA S/A;LF;False;0;-;IPCA;100;6,08;252;03/11/2026;10;50000;False;PUBLICA;-
LF002400PIM;-;ITAU UNIBANCO S.A.;LF;False;0;-;DI;101;-;-;22/09/2026;20;50000;False;PUBLICA;-
LF002500PE9;-;ITAU UNIBANCO S.A.;LF;False;0;-;PREFIXADO;-;12,85;252;14/11/2029;5;256171;False;PUBLICA;-
LF002200KEE;-;BANCO SAFRA S/A;LF;False;0;-;IPCA;100;6,32;252;26/07/2028;1;50000;False;PUBLICA;-
LF0021006JW;-;BANCO SAFRA S/A;LF;False;0;-;IPCA;100;3,93;252;17/08/2026;1;50000;False;PUBLICA;-
LF0021008SE;-;BANCO SAFRA S/A;LF;False;0;-;IPCA;100;4,17;252;17/08/2026;2;52500;False;PUBLICA;-
LF0024003LL;-;BANCO SAFRA S/A;LF;False;0;-;IPCA;100;4,93;252;29/01/2029;10;50000;False;PUBLICA;-
LFSN21003TM;BRBITALFIXI6;ITAU UNIBANCO HOLDING S.A;LFSN;False;0;-;DI;100;2;252;22/09/2031;43;400000;False;PUBLICA;-
LF0024009XJ;-;BANCO SAFRA S/A;LF;False;0;-;IPCA;100;6,2;252;10/04/2029;240;50000;False;PUBLICA;-
LF0022005R5;-;BANCO SAFRA S/A;LF;False;0;-;IPCA;100;5,72;252;17/08/2026;2;50000;False;PUBLICA;-
LF002100E2T;-;BANCO SAFRA S/A;LF;False;0;-;IPCA;100;5,12;252;17/08/2026;7;50000;False;PUBLICA;-
LF002306TU1;-;BANCO SAFRA S/A;LF;False;0;-;DI;103;-;-;08/09/2026;1;50000;False;PUBLICA;-
LF0021008VC;-;BANCO SAFRA S/A;LF;False;0;-;IPCA;100;4,96;252;30/06/2027;2;50000;False;PUBLICA;-
LFSN2200ECZ;-;BANCO SAFRA S/A;LFSN;False;0;-;PREFIXADO;-;14,6;252;30/11/2032;8;300000;False;PUBLICA;-
LF00210089F;-;BANCO SAFRA S/A;LF;False;0;-;IPCA;100;4,77;252;23/06/2031;4;50000;False;PUBLICA;-
LFSN21003MO;BRBITALFIXD7;ITAU UNIBANCO HOLDING S.A;LFSN;False;0;-;DI;100;2;252;21/10/2031;3;400000;False;PUBLICA;-
LF002200077;-;BANCO SAFRA S/A;LF;False;0;-;IPCA;100;5,74;252;17/08/2026;2;50000;False;PUBLICA;-
LF00250085E;-;ITAU UNIBANCO S.A.;LF;False;0;-;IPCA;100;8,2;252;22/03/2027;50;50000;False;PUBLICA;-
LF0021009OA;-;BANCO SAFRA S/A;LF;False;0;-;IPCA;100;4,14;252;17/08/2026;2;50000;False;PUBLICA;-
LFSN21003MB;BRBITALFIXD7;ITAU UNIBANCO HOLDING S.A;LFSN;False;0;-;DI;100;2;252;21/10/2031;3;400000;False;PUBLICA;-
LF0021005T7;-;BANCO SAFRA S/A;LF;False;0;-;IPCA;100;3,89;252;17/08/2026;1;50000;False;PUBLICA;-
LF002400FBS;-;BANCO SAFRA S/A;LF;False;0;-;DI;104;-;-;14/06/2027;36;50777,777778;False;PUBLICA;-
LF002400PIQ;-;ITAU UNIBANCO S.A.;LF;False;0;-;DI;102;-;-;15/10/2027;6;50000;False;PUBLICA;-
LF0023044XC;-;ITAU UNIBANCO S.A.;LF;False;0;-;PREFIXADO;-;11,98;252;17/06/2033;1;250000;False;PUBLICA;-
LF002400R7P;-;ITAU UNIBANCO S.A.;LF;False;0;-;DI;102;-;-;15/10/2027;400;50000;False;PUBLICA;-
LF002100O5I;-;BANCO SAFRA S/A;LF;False;0;-;IPCA;100;5,29;252;17/08/2026;6;50000;False;PUBLICA;-
LF002400M53;-;BANCO SAFRA S/A;LF;False;0;-;PREFIXADO;-;11,7;252;18/08/2026;14;52000;False;PUBLICA;-
LF0021001J2;BRBSAFLTFCZ9;BANCO SAFRA S/A;LF;False;0;-;IPCA;100;3,31;252;17/08/2026;1;50000;False;PUBLICA;-
LF0021001JA;BRBSAFLTFCZ9;BANCO SAFRA S/A;LF;False;0;-;IPCA;100;3,31;252;17/08/2026;1;50000;False;PUBLICA;-
LF002100QYC;-;BANCO SAFRA S/A;LF;False;0;-;IPCA;100;5,43;252;17/08/2026;1;50000;False;PUBLICA;-
LF0021007W2;-;BANCO SAFRA S/A;LF;False;0;-;IPCA;100;4,22;252;17/08/2026;5;50000;False;PUBLICA;-
LF002400JC8;-;ITAU UNIBANCO S.A.;LF;False;0;-;DI;102;-;-;16/08/2027;6;50000;False;PUBLICA;-
LFSC23006ST;BRITUBLFI1R3;ITAU UNIBANCO HOLDING S.A;LFSC;False;0;-;DI;100;1,9;252;09/11/9999;4;350000;False;PUBLICA;-
LF002200EOR;-;BANCO SAFRA S/A;LF;False;0;-;IPCA;100;6,01;252;15/05/2035;4;61250;False;PUBLICA;-
LFSN21003K5;BRBITALFIX80;ITAU UNIBANCO HOLDING S.A;LFSN;False;0;-;DI;100;2;252;22/09/2031;21;400000;False;PUBLICA;-
LF002100JEY;BRBSAFLTR722;BANCO SAFRA S/A;LF;False;0;-;IPCA;100;5,83;252;17/08/2026;7;54000;False;PUBLICA;-
LF002100IQP;-;BANCO SAFRA S/A;LF;False;0;-;IPCA;100;5,79;252;17/08/2026;10;50000;False;PUBLICA;-
LF002400N79;-;BANCO SAFRA S/A;LF;False;0;-;IPCA;100;6,27;252;15/05/2029;6;50000;False;PUBLICA;-
LF0025003YL;-;ITAU UNIBANCO S.A.;LF;False;0;-;IPCA;100;8,25;252;30/01/2029;14;50000;False;PUBLICA;-
LF002400PTT;-;BANCO SAFRA S/A;LF;False;0;-;IPCA;100;6,77;252;15/05/2029;2;50000;False;PUBLICA;-
LFSN21001Q2;BRBSAFLFNNU0;BANCO SAFRA S/A;LFSN;False;0;-;IPCA;-;6;252;17/05/2028;1;1000000;False;PUBLICA;-
LF0022000GN;-;BANCO SAFRA S/A;LF;False;0;-;IPCA;100;5,78;252;17/08/2026;2;50000;False;PUBLICA;-
LF0021006G4;-;BANCO SAFRA S/A;LF;False;0;-;IPCA;100;3,97;252;17/08/2026;1;50000;False;PUBLICA;-
LF002500CIF;-;ITAU UNIBANCO S.A.;LF;False;0;-;IPCA;100;8,33;252;14/05/2027;13;50000;False;PUBLICA;-
LF002400PI1;-;BANCO SAFRA S/A;LF;False;0;-;IPCA;100;6,36;252;19/09/2045;1;75000;False;PUBLICA;-
LF002400OHD;-;BANCO SAFRA S/A;LF;False;0;-;DI;103;-;-;09/09/2027;19;51578,947369;False;PUBLICA;-
LF002400NXK;-;ITAU UNIBANCO S.A.;LF;False;0;-;DI;102;-;-;15/09/2027;426;50000;False;PUBLICA;-
LF002307WF1;-;BANCO SAFRA S/A;LF;False;0;-;PREFIXADO;-;12,25;252;18/10/2029;1;50000;False;PUBLICA;-
LF0025009AR;-;ITAU UNIBANCO S.A.;LF;False;0;-;IPCA;100;8,44;252;05/04/2027;6;60000;False;PUBLICA;-
LF0025002M0;-;ITAU UNIBANCO S.A.;LF;False;0;-;DI;102;-;-;15/02/2028;560;67656,17;False;PUBLICA;-
LF002200EU3;-;BANCO SAFRA S/A;LF;False;0;-;IPCA;100;6,49;252;24/05/2032;1;51000;False;PUBLICA;-
LF002400BAP;-;ITAU UNIBANCO S.A.;LF;False;0;-;PREFIXADO;-;11,38;252;24/04/2028;1;100000;False;PUBLICA;-
LF002400LCO;-;ITAU UNIBANCO S.A.;LF;False;0;-;DI;102;-;-;16/08/2027;360;50000;False;PUBLICA;-
LF002307WF0;-;BANCO SAFRA S/A;LF;False;0;-;PREFIXADO;-;10,75;252;18/10/2027;1;50000;False;PUBLICA;-
LF002400T89;-;ITAU UNIBANCO S.A.;LF;False;0;-;DI;102;-;-;16/11/2027;31;50000;False;PUBLICA;-
LFSN21001EB;BRBSAFLFNNC8;BANCO SAFRA S/A;LFSN;False;0;-;PREFIXADO;-;10,55;252;05/05/2028;1;393724;False;PUBLICA;-
LF002100FZ5;-;BANCO SAFRA S/A;LF;False;0;-;IPCA;100;5;252;17/08/2026;7;50000;False;PUBLICA;-
LF0022004TL;BRBSAFLNN2L5;BANCO SAFRA S/A;LF;False;0;-;DI;100;1,35;252;10/02/2027;20;50000;False;PUBLICA;-
LFSC23006SQ;BRITUBLFI1R3;ITAU UNIBANCO HOLDING S.A;LFSC;False;0;-;DI;100;1,9;252;09/11/9999;2;350000;False;PUBLICA;-
LF0021007FI;-;BANCO SAFRA S/A;LF;False;0;-;IPCA;100;3,82;252;17/08/2026;3;60000;False;PUBLICA;-
LF002400UD6;-;ITAU UNIBANCO S.A.;LF;False;0;-;DI;102;-;-;16/11/2027;6;50000;False;PUBLICA;-
LF002100EF0;-;BANCO SAFRA S/A;LF;False;0;-;IPCA;100;4,91;252;17/08/2026;2;77500;False;PUBLICA;-
LF0021007MU;-;BANCO SAFRA S/A;LF;False;0;-;IPCA;100;4,66;252;16/06/2031;1;50000;False;PUBLICA;-
LF002200CML;-;BANCO SAFRA S/A;LF;False;0;-;IPCA;100;6,26;252;26/04/2032;4;50000;False;PUBLICA;-
LF002400NI7;-;BANCO SAFRA S/A;LF;False;0;-;IPCA;100;6,41;252;15/05/2029;4;50000;False;PUBLICA;-
LF002100CR3;-;BANCO SAFRA S/A;LF;False;0;-;IPCA;100;4,96;252;17/08/2026;1;52000;False;PUBLICA;-
LF0021004DD;-;BANCO SAFRA S/A;LF;False;0;-;IPCA;100;4,06;252;17/08/2026;22;50000;False;PUBLICA;-
LF002100N8Y;BRBSAFLFESQ6;BANCO SAFRA S/A;LF;False;0;-;IPCA;100;5,53;252;17/08/2026;1;50000;False;PUBLICA;-
LF002400R7S;BRYAHALFI1T8;BANCO YAMAHA MOTOR DO BRASIL S/A;LF;False;0;-;DI;100;0,4;252;13/10/2026;2131;100000;False;PUBLICA;-
LF002400M54;-;BANCO SAFRA S/A;LF;False;0;-;IPCA;100;6,16;252;15/05/2035;1;50000;False;PUBLICA;-
LF002306TZL;-;ITAU UNIBANCO S.A.;LF;False;0;-;PREFIXADO;-;11,97;252;12/09/2033;1;470000;False;PUBLICA;-
LFSC22002CU;BRITUBLFI1I2;ITAU UNIBANCO HOLDING S.A;LFSC;False;0;-;DI;100;2,4;252;23/09/9999;4;300000;False;PUBLICA;-
LF002400G0Y;-;BANCO SAFRA S/A;LF;False;0;-;IPCA;100;6,29;252;15/05/2045;1;50000;False;PUBLICA;-
LF002100FEK;-;BANCO SAFRA S/A;LF;False;0;-;IPCA;100;5,4;252;28/09/2026;2;51000;False;PUBLICA;-
LF002100CIS;-;BANCO SAFRA S/A;LF;False;0;-;IPCA;100;5,1;252;17/08/2026;1;50000;False;PUBLICA;-
LF002400IVT;-;ITAU UNIBANCO S.A.;LF;False;0;-;DI;102;-;-;16/08/2027;80;50000;False;PUBLICA;-
LF0022008KI;-;BANCO SAFRA S/A;LF;False;0;-;IPCA;100;6,02;252;17/08/2026;9;51666,666667;False;PUBLICA;-
LF002100896;-;BANCO SAFRA S/A;LF;False;0;-;IPCA;100;5,08;252;23/06/2027;2;50000;False;PUBLICA;-
LF002100F4C;-;BANCO SAFRA S/A;LF;False;0;-;IPCA;100;5,03;252;17/08/2026;2;50000;False;PUBLICA;-
LFSN21003II;BRBITALFIX64;ITAU UNIBANCO HOLDING S.A;LFSN;False;0;-;DI;100;2;252;21/10/2031;32;400000;False;PUBLICA;-
LF002200DCG;-;BANCO SAFRA S/A;LF;False;0;-;PREFIXADO;-;13,14;252;03/05/2032;1;50000;False;PUBLICA;-
LF002100EYZ;-;BANCO SAFRA S/A;LF;False;0;-;IPCA;100;4,88;252;17/08/2026;1;50000;False;PUBLICA;-
LF002303G8P;-;BANCO BRADESCO S/A;LF;False;0;-;PREFIXADO;-;11,95;252;19/05/2028;10;50000;False;PUBLICA;-
LF0021006YS;-;BANCO SAFRA S/A;LF;False;0;-;IPCA;100;3,86;252;17/08/2026;100;50000;False;PUBLICA;-
LF0025009PN;-;ITAU UNIBANCO S.A.;LF;False;0;-;DI;101,5;-;-;17/04/2028;540;50000;False;PUBLICA;-
LF002200IV0;-;BANCO SAFRA S/A;LF;False;0;-;IPCA;100;6,12;252;17/08/2026;2;60500;False;PUBLICA;-
LF0022001UV;-;BANCO SAFRA S/A;LF;False;0;-;IPCA;100;5,62;252;17/08/2026;4;60750;False;PUBLICA;-
LF002100PMD;-;BANCO SAFRA S/A;LF;False;0;-;IPCA;100;5,34;252;17/08/2026;6;50000;False;PUBLICA;-
LF00210093A;-;BANCO SAFRA S/A;LF;False;0;-;IPCA;100;4,14;252;17/08/2026;25;50000;False;PUBLICA;-
LF002100GDY;-;BANCO SAFRA S/A;LF;False;0;-;IPCA;100;5,06;252;17/08/2026;1;50000;False;PUBLICA;-
LF002100PMH;-;BANCO SAFRA S/A;LF;False;0;-;IPCA;100;5,34;252;17/08/2026;2;50000;False;PUBLICA;-
LF00250049G;-;ITAU UNIBANCO S.A.;LF;False;0;-;PREFIXADO;-;14,8;252;04/02/2027;1;250000;False;PUBLICA;-
LF0021005FT;BRDAYCLFNI89;BANCO DAYCOVAL S/A;LF;False;0;-;PREFIXADO;-;11,14;252;02/01/2030;38;50000;False;PUBLICA;-
LF002100FN7;-;BANCO SAFRA S/A;LF;False;0;-;IPCA;100;5,02;252;17/08/2026;2;56500;False;PUBLICA;-
LF0021007RJ;BRBEVELFNF24;BCO VOTORANTIM S/A;LF;False;0;-;IPCA;100;5,35;252;16/06/2027;8334;50000;False;PUBLICA;-
LF002500PUT;BRBMGBLFI8Z3;BANCO BMG S/A;LF;False;0;-;DI;100;1,35;252;11/12/2027;6;50000;False;PUBLICA;-
LF002500A7B;-;ITAU UNIBANCO S.A.;LF;False;0;-;DI;101,5;-;-;15/05/2028;102;50042,5;False;PUBLICA;-
LF002500QWR;-;ITAU UNIBANCO S.A.;LF;False;0;-;DI;101,5;-;-;12/12/2030;500;50000;False;PUBLICA;-
LF00250090D;-;ITAU UNIBANCO S.A.;LF;False;0;-;DI;102;-;-;01/04/2030;696;50000;False;PUBLICA;-
LF0025008HL;BRMCSFLFI0Z1;MERCADO CREDITO SOCIEDADE DE CREDITO FINANCIAMENTO E INVESTIMENTO SA;LF;False;0;-;DI;100;0,5;252;05/04/2027;7000;50000;False;PUBLICA;-
LF002100HJP;-;BANCO SAFRA S/A;LF;False;0;-;IPCA;100;5,46;252;17/08/2026;1;79000;False;PUBLICA;-
LF002400MBS;-;BANCO SAFRA S/A;LF;False;0;-;IPCA;100;6,24;252;15/05/2029;5;50000;False;PUBLICA;-
LF0021008Q3;-;BANCO SAFRA S/A;LF;False;0;-;IPCA;100;4,2;252;17/08/2026;1;50000;False;PUBLICA;-
LF002100EGV;-;BANCO SAFRA S/A;LF;False;0;-;IPCA;100;4,88;252;17/08/2026;10;52700;False;PUBLICA;-
LF002400N3K;-;ITAU UNIBANCO S.A.;LF;False;0;-;DI;102;-;-;15/09/2027;33;50000;False;PUBLICA;-
LF002200GWM;-;BANCO SAFRA S/A;LF;False;0;-;IPCA;100;5,9;252;17/08/2026;1;50000;False;PUBLICA;-
LF002100DJ0;-;BANCO SAFRA S/A;LF;False;0;-;IPCA;100;4,84;252;17/08/2026;20;50000;False;PUBLICA;-
LF002100HJO;-;BANCO SAFRA S/A;LF;False;0;-;IPCA;100;5,46;252;17/08/2026;3;50000;False;PUBLICA;-
LF002400G3V;BRBSAFLNNDE9;BANCO SAFRA S/A;LF;False;0;-;DI;100;0,45;252;20/08/2026;18;50000;False;PUBLICA;-
LF002200NNB;-;BANCO SAFRA S/A;LF;False;0;-;PREFIXADO;-;11,63;252;02/10/2028;2;50000;False;PUBLICA;-
LF002200HMV;-;BANCO SAFRA S/A;LF;False;0;-;IPCA;100;5,75;252;17/08/2026;7;51428,571429;False;PUBLICA;-
LF0021002LB;-;BANCO SAFRA S/A;LF;False;0;-;IPCA;100;3,51;252;17/08/2026;4;50000;False;PUBLICA;-
LF002400PO1;-;BANCO SAFRA S/A;LF;False;0;-;DI;102,5;-;-;22/09/2026;12;50000;False;PUBLICA;-
LF002400IV8;-;BANCO SAFRA S/A;LF;False;0;-;PREFIXADO;-;11,13;252;15/07/2030;1;84000;False;PUBLICA;-
LF002400WNJ;-;ITAU UNIBANCO S.A.;LF;False;0;-;DI;101;-;-;23/11/2026;100;50000;False;PUBLICA;-
LF002400S46;-;BANCO SAFRA S/A;LF;False;0;-;IPCA;100;6,34;252;15/05/2045;1;50000;False;PUBLICA;-
LF002100A5L;-;BANCO SAFRA S/A;LF;False;0;-;IPCA;100;4,22;252;17/08/2026;1;54000;False;PUBLICA;-
LF002200034;-;BANCO SAFRA S/A;LF;False;0;-;IPCA;100;5,51;252;17/08/2026;120;50000;False;PUBLICA;-
LF0021006G0;-;BANCO SAFRA S/A;LF;False;0;-;IPCA;100;3,97;252;17/08/2026;2;50000;False;PUBLICA;-
LFSN21003KJ;BRBITALFIX80;ITAU UNIBANCO HOLDING S.A;LFSN;False;0;-;DI;100;2;252;22/09/2031;2;400000;False;PUBLICA;-
LFSN21003CT;BRBITALFIX07;ITAU UNIBANCO HOLDING S.A;LFSN;False;0;-;DI;100;2;252;21/10/2031;5;400000;False;PUBLICA;-
LF002400VKT;-;ITAU UNIBANCO S.A.;LF;False;0;-;DI;102;-;-;16/11/2027;70;50000;False;PUBLICA;-
LF0024009KM;-;BANCO SAFRA S/A;LF;False;0;-;IPCA;100;5,91;252;04/04/2029;4;50000;False;PUBLICA;-
LFSC22002CK;BRITUBLFI1I2;ITAU UNIBANCO HOLDING S.A;LFSC;False;0;-;DI;100;2,4;252;23/09/9999;28;300000;False;PUBLICA;-
LF002600HFY;BRNUFNLFI7P9;NU FINANCEIRA SA SOCIEDADE DE CREDITO FINANCIAMENTO E INVESTIMENTO;LF;False;0;-;DI;100;0,49;252;21/06/2029;10450;50000;False;PUBLICA;-
LF002100LQZ;BRBSAFLFE0P1;BANCO SAFRA S/A;LF;False;0;-;IPCA;100;5,55;252;17/08/2026;1;50000;False;PUBLICA;-
LFSN21003LC;BRBITALFIXA3;ITAU UNIBANCO HOLDING S.A;LFSN;False;0;-;DI;100;2;252;21/10/2031;50;400000;False;PUBLICA;-
LF002600MXB;-;ITAU UNIBANCO S.A.;LF;False;0;-;DI;101,5;-;-;15/08/2029;100;50000;False;PUBLICA;-
LF002400N3O;-;BANCO SAFRA S/A;LF;False;0;-;IPCA;100;5,84;252;15/05/2035;4;50000;False;PUBLICA;-
LF002400AE1;-;BANCO SAFRA S/A;LF;False;0;-;DI;105,1;-;-;13/10/2026;700;50000;False;PUBLICA;-
LF0022004TS;BRBSAFLNN2L5;BANCO SAFRA S/A;LF;False;0;-;DI;100;1,35;252;10/02/2027;42;50000;False;PUBLICA;-
LF002100DY3;-;BANCO SAFRA S/A;LF;False;0;-;IPCA;100;4,96;252;17/08/2026;6;55500;False;PUBLICA;-
LF002200EES;-;BANCO SAFRA S/A;LF;False;0;-;IPCA;100;5,83;252;17/08/2026;4;57500;False;PUBLICA;-
LF002100DYB;-;BANCO SAFRA S/A;LF;False;0;-;IPCA;100;4,96;252;17/08/2026;10;50000;False;PUBLICA;-
LFSN25005EH;BRPINELFI6I1;BANCO PINE S/A;LFSN;False;0;-;DI;121,5;-;-;14/05/2035;48;300000;False;PUBLICA;-
LF002100EVT;-;BANCO SAFRA S/A;LF;False;0;-;IPCA;100;4,89;252;17/08/2026;1;54000;False;PUBLICA;-
LF0026007AX;-;ITAU UNIBANCO S.A.;LF;False;0;-;DI;101,5;-;-;11/03/2030;2;50000;False;PUBLICA;-
LF0021008Q4;-;BANCO SAFRA S/A;LF;False;0;-;IPCA;100;4,2;252;17/08/2026;1;50000;False;PUBLICA;-
LF002600MMK;-;ITAU UNIBANCO S.A.;LF;False;0;-;DI;101;-;-;15/08/2029;64;50000;False;PUBLICA;-
LF002600MMI;-;ITAU UNIBANCO S.A.;LF;False;0;-;DI;101,5;-;-;15/08/2029;100;50000;False;PUBLICA;-
LF00220086Q;-;BANCO SAFRA S/A;LF;False;0;-;IPCA;100;5,95;252;17/08/2026;1;70000;False;PUBLICA;-
LF00250035N;-;ITAU UNIBANCO S.A.;LF;False;0;-;DI;102;-;-;15/02/2028;40;50000;False;PUBLICA;-
LF002400QMF;-;ITAU UNIBANCO S.A.;LF;False;0;-;DI;101;-;-;28/09/2026;406;50000;False;PUBLICA;-
LF00250056X;-;ITAU UNIBANCO S.A.;LF;False;0;-;DI;101,8;-;-;15/03/2028;5;50000;False;PUBLICA;-
LF0024000TY;-;ITAU UNIBANCO S.A.;LF;False;0;-;DI;104;-;-;05/01/2028;240;50000;False;PUBLICA;-
LF002306AEA;-;BANCO SAFRA S/A;LF;False;0;-;PREFIXADO;-;10,53;252;24/08/2026;7;55285,714286;False;PUBLICA;-
LF002400JK0;-;ITAU UNIBANCO S.A.;LF;False;0;-;IPCA;100;6,51;252;23/07/2029;1;1000000;False;PUBLICA;-
LF002100GXM;-;BANCO SAFRA S/A;LF;False;0;-;IPCA;100;5,05;252;17/08/2026;1;60000;False;PUBLICA;-
LF002100F1W;-;BANCO SAFRA S/A;LF;False;0;-;IPCA;100;4,96;252;17/08/2026;5;51800;False;PUBLICA;-
LF002100GUP;-;BANCO SAFRA S/A;LF;False;0;-;IPCA;100;5,07;252;17/08/2026;4;57956,5;False;PUBLICA;-
LF002100BY7;-;BANCO SAFRA S/A;LF;False;0;-;IPCA;100;4,87;252;17/08/2026;4;53750;False;PUBLICA;-
LF002100ID2;-;BANCO SAFRA S/A;LF;False;0;-;IPCA;100;5,57;252;17/08/2026;4;50000;False;PUBLICA;-
LF002100ENW;-;BANCO SAFRA S/A;LF;False;0;-;IPCA;100;4,91;252;17/08/2026;1;50000;False;PUBLICA;-
LF002400T32;-;ITAU UNIBANCO S.A.;LF;False;0;-;DI;102;-;-;16/11/2027;100;50000;False;PUBLICA;-
LF002100EWN;-;BANCO SAFRA S/A;LF;False;0;-;IPCA;100;4,89;252;17/08/2026;2;50000;False;PUBLICA;-
LF002600I1D;-;ITAU UNIBANCO S.A.;LF;False;0;-;IPCA;100;7,67;252;15/06/2029;1;1600000;False;PUBLICA;-
LFSN21003ID;BRBITALFIX72;ITAU UNIBANCO HOLDING S.A;LFSN;False;0;-;DI;100;2;252;22/09/2031;1;400000;False;PUBLICA;-
LF002400N3P;-;BANCO SAFRA S/A;LF;False;0;-;IPCA;100;6;252;15/05/2029;6;55000;False;PUBLICA;-
LF002200F2M;-;BANCO SAFRA S/A;LF;False;0;-;IPCA;100;5,97;252;17/08/2026;13;51846,153847;False;PUBLICA;-
LF002600L98;-;ITAU UNIBANCO S.A.;LF;False;0;-;DI;101;-;-;15/08/2029;42;50000;False;PUBLICA;-
LF002400LRK;BRBSAFLNNDS9;BANCO SAFRA S/A;LF;False;0;-;IPCA;100;6,61;252;14/08/2026;100;50000;False;PUBLICA;-
LF002100HQI;-;BANCO SAFRA S/A;LF;False;0;-;IPCA;100;5,55;252;17/08/2026;1;50000;False;PUBLICA;-
LF002600I77;-;ITAU UNIBANCO S.A.;LF;False;0;-;IPCA;100;8,41;252;16/06/2028;40;54500;False;PUBLICA;-
LF0024012T0;-;ITAU UNIBANCO S.A.;LF;False;0;-;IPCA;100;8,25;252;13/12/2027;1;1000000;False;PUBLICA;-
LF0021008PO;-;BANCO SAFRA S/A;LF;False;0;-;IPCA;100;4,13;252;17/08/2026;8;88375;False;PUBLICA;-
LF002100A8V;-;BANCO SAFRA S/A;LF;False;0;-;IPCA;100;4,23;252;17/08/2026;1;600000;False;PUBLICA;-
LF0021006CH;-;BANCO SAFRA S/A;LF;False;0;-;IPCA;100;4,5;252;15/05/2035;1;371000;False;PUBLICA;-
LF002400PZM;-;ITAU UNIBANCO S.A.;LF;False;0;-;DI;102;-;-;15/10/2027;881;50000;False;PUBLICA;-
LF002400HML;-;BANCO SAFRA S/A;LF;False;0;-;IPCA;100;6,51;252;15/05/2029;1;52348,02;False;PUBLICA;-
LF002100M7T;BRBSAFLFEAK7;BANCO SAFRA S/A;LF;False;0;-;IPCA;100;5,6;252;17/08/2026;1;83000;False;PUBLICA;-
LF002100FEP;-;BANCO SAFRA S/A;LF;False;0;-;IPCA;100;5,4;252;28/09/2026;1;99000;False;PUBLICA;-
LF002500PUS;-;ITAU UNIBANCO S.A.;LF;False;0;-;DI;101,5;-;-;01/12/2027;200;50000;False;PUBLICA;-
LF002400HQ8;-;BANCO SAFRA S/A;LF;False;0;-;IPCA;100;6,72;252;15/05/2035;2;50000;False;PUBLICA;-
LF002100HBW;-;BANCO SAFRA S/A;LF;False;0;-;IPCA;100;5,37;252;17/08/2026;3;58333,333334;False;PUBLICA;-
LF002400FQC;-;BANCO SAFRA S/A;LF;False;0;-;IPCA;100;6,32;252;15/05/2045;1;70000;False;PUBLICA;-
LF00210064Q;-;BANCO SAFRA S/A;LF;False;0;-;IPCA;100;3,88;252;17/08/2026;7;50000;False;PUBLICA;-
LF002100LVX;BRBSAFLFE1K0;BANCO SAFRA S/A;LF;False;0;-;IPCA;100;5,67;252;17/08/2026;2;50000;False;PUBLICA;-
LF002303HXE;-;BANCO BRADESCO S/A;LF;False;0;-;PREFIXADO;-;11,98;252;22/05/2028;2;50000;False;PUBLICA;-
LF002100IK9;-;BANCO SAFRA S/A;LF;False;0;-;IPCA;100;5,82;252;17/08/2026;1;50000;False;PUBLICA;-
LF002600DNL;-;ITAU UNIBANCO S.A.;LF;False;0;-;DI;101,5;-;-;08/05/2028;80;50000;False;PUBLICA;-
LF002400DX3;-;BANCO SAFRA S/A;LF;False;0;-;IPCA;100;6,05;252;15/05/2045;1;50000;False;PUBLICA;-
LF002100GUT;-;BANCO SAFRA S/A;LF;False;0;-;IPCA;100;5,07;252;17/08/2026;2;77500;False;PUBLICA;-
LF0021006FI;-;BANCO SAFRA S/A;LF;False;0;-;IPCA;100;3,97;252;17/08/2026;4;151000;False;PUBLICA;-
LF002400RPG;-;ITAU UNIBANCO S.A.;LF;False;0;-;DI;102;-;-;15/10/2026;400;50400;False;PUBLICA;-
LF002100690;-;BANCO SAFRA S/A;LF;False;0;-;IPCA;100;3,87;252;17/08/2026;6;50000;False;PUBLICA;-
LF002305VL0;-;BANCO SAFRA S/A;LF;False;0;-;DI;110;-;-;10/08/2027;1;26666000;False;PUBLICA;-
LFSN220093U;BRBAJRLFI013;BANCO DIGIMAIS S/A;LFSN;False;0;-;DI;133;-;-;08/07/2029;100;500000;False;PUBLICA;-
LFSN2500463;BRBCOCLFI201;BANCO C6 S.A.;LFSN;False;0;-;DI;100;1,9;252;03/04/2035;287;300000;False;PUBLICA;-
LF0025007SP;-;ITAU UNIBANCO S.A.;LF;False;0;-;DI;101,8;-;-;19/03/2027;11;73700;False;PUBLICA;-
LF002100F1H;-;BANCO SAFRA S/A;LF;False;0;-;IPCA;100;4,96;252;17/08/2026;1;50000;False;PUBLICA;-
LFSN21001PU;BRBSAFLFNNT2;BANCO SAFRA S/A;LFSN;False;0;-;DI;100;2;252;17/05/2028;3;1000000;False;PUBLICA;-
LF002400N0H;BRBSAFLNNDV3;BANCO SAFRA S/A;LF;False;0;-;DI;100;0,35;252;26/02/2027;2400;50000;False;PUBLICA;-
LF002308JGC;-;BANCO SAFRA S/A;LF;False;0;-;PREFIXADO;-;10,52;252;27/12/2027;16;50000;False;PUBLICA;-
LF002200E7M;-;BANCO SAFRA S/A;LF;False;0;-;IPCA;100;6,42;252;17/05/2032;18;50111,111112;False;PUBLICA;-
LF002400O4Z;-;ITAU UNIBANCO S.A.;LF;False;0;-;DI;102;-;-;15/09/2027;200;50000;False;PUBLICA;-
LFSN21003KX;BRBITALFIXA3;ITAU UNIBANCO HOLDING S.A;LFSN;False;0;-;DI;100;2;252;21/10/2031;394;400000;False;PUBLICA;-
LF002100CKV;-;BANCO SAFRA S/A;LF;False;0;-;IPCA;100;5,02;252;17/08/2026;5;50000;False;PUBLICA;-
LF002200PHR;-;BANCO SAFRA S/A;LF;False;0;-;PREFIXADO;-;12,09;252;04/11/2026;8;50000;False;PUBLICA;-
LF002100BH8;-;BANCO SAFRA S/A;LF;False;0;-;IPCA;100;4,64;252;17/08/2026;2;50000;False;PUBLICA;-
LF002200DUD;-;BANCO SAFRA S/A;LF;False;0;-;IPCA;100;6;252;17/08/2026;2;50000;False;PUBLICA;-
LF002400L5C;BRBSAFLNNDP5;BANCO SAFRA S/A;LF;False;0;-;DI;100;0,4;252;08/01/2027;10;50000;False;PUBLICA;-
LF002100NTI;BRBSAFLFEWT2;BANCO SAFRA S/A;LF;False;0;-;IPCA;100;5,53;252;17/08/2026;4;50000;False;PUBLICA;-
LF002400NIM;-;ITAU UNIBANCO S.A.;LF;False;0;-;DI;102;-;-;15/09/2027;40;50000;False;PUBLICA;-
LF002100DQJ;-;BANCO SAFRA S/A;LF;False;0;-;IPCA;100;4,87;252;17/08/2026;1;70000;False;PUBLICA;-
LF002600LPH;-;ITAU UNIBANCO S.A.;LF;False;0;-;DI;101;-;-;15/08/2029;200;50000;False;PUBLICA;-
LF002400QMD;-;ITAU UNIBANCO S.A.;LF;False;0;-;DI;102;-;-;27/09/2027;3;50000;False;PUBLICA;-
LF002400291;BRBSAFLNNBT1;BANCO SAFRA S/A;LF;False;0;-;IPCA;100;6,05;252;17/01/2029;700;50000;False;PUBLICA;-
LF002100FEH;-;BANCO SAFRA S/A;LF;False;0;-;IPCA;100;5,06;252;17/08/2026;5;50000;False;PUBLICA;-
LF002600F0B;-;ITAU UNIBANCO S.A.;LF;False;0;-;DI;101,5;-;-;15/05/2029;7;50000;False;PUBLICA;-
LF002400K5W;-;BANCO SAFRA S/A;LF;False;0;-;IPCA;100;6,3;252;15/05/2029;1;90000;False;PUBLICA;-
LF002200GE0;-;BANCO SAFRA S/A;LF;False;0;-;IPCA;100;5,96;252;17/08/2026;5;50000;False;PUBLICA;-
LFSC23006TH;BRITUBLFI1R3;ITAU UNIBANCO HOLDING S.A;LFSC;False;0;-;DI;100;1,9;252;09/11/9999;165;350000;False;PUBLICA;-
LFSN2500464;BRBCOCLFI3P6;BANCO C6 S.A.;LFSN;False;0;-;PREFIXADO;-;16,89;252;03/04/2035;55;300000;False;PUBLICA;-
LF002100JB0;-;BANCO SAFRA S/A;LF;False;0;-;IPCA;100;6,01;252;17/08/2026;2;60000;False;PUBLICA;-
LF0021005OH;-;BANCO SAFRA S/A;LF;False;0;-;IPCA;100;4,6;252;15/05/2035;2;50000;False;PUBLICA;-
LF002600L9H;-;ITAU UNIBANCO S.A.;LF;False;0;-;DI;101;-;-;15/08/2029;8;53750;False;PUBLICA;-
LF002100ARA;-;BANCO SAFRA S/A;LF;False;0;-;IPCA;100;4,45;252;17/08/2026;51;50000;False;PUBLICA;-
LF002100MU5;BRBSAFLFEQE6;BANCO SAFRA S/A;LF;False;0;-;IPCA;100;5,51;252;17/08/2026;1;90000;False;PUBLICA;-
LF002400GDU;-;ITAU UNIBANCO S.A.;LF;False;0;-;DI;102;-;-;15/07/2027;16;50937,5;False;PUBLICA;-
LF0025003P9;-;ITAU UNIBANCO S.A.;LF;False;0;-;PREFIXADO;-;15,16;252;28/01/2028;1;200000;False;PUBLICA;-
LF0021007MT;-;BANCO SAFRA S/A;LF;False;0;-;IPCA;100;4,66;252;16/06/2031;1;80000;False;PUBLICA;-
LF002100EEQ;-;BANCO SAFRA S/A;LF;False;0;-;IPCA;100;4,91;252;17/08/2026;3;51333,333334;False;PUBLICA;-
LF00210050Y;-;BANCO SAFRA S/A;LF;False;0;-;IPCA;100;4,14;252;17/08/2026;2;60000;False;PUBLICA;-
LF002400NMX;-;BANCO SAFRA S/A;LF;False;0;-;IPCA;100;6,48;252;15/05/2029;1;50000;False;PUBLICA;-
LF002100CJ2;-;BANCO SAFRA S/A;LF;False;0;-;IPCA;100;5,1;252;17/08/2026;1;80000;False;PUBLICA;-
LF002400JJT;-;ITAU UNIBANCO S.A.;LF;False;0;-;DI;102;-;-;16/08/2027;92;50000;False;PUBLICA;-
LFSN22008SQ;-;BANCO SAFRA S/A;LFSN;False;0;-;IPCA;-;7,5;252;24/06/2032;2;487000;False;PUBLICA;-
LFSN2200CT5;-;BANCO SAFRA S/A;LFSN;False;0;-;DI;114,5;-;-;09/11/2029;12;365250;False;PUBLICA;-
LF002400Y1S;-;ITAU UNIBANCO S.A.;LF;False;0;-;IPCA;100;7,44;252;29/11/2027;1;2000000;False;PUBLICA;-
LF002100774;-;BANCO SAFRA S/A;LF;False;0;-;IPCA;100;3,79;252;17/08/2026;2;50000;False;PUBLICA;-
LF002600LS6;-;ITAU UNIBANCO S.A.;LF;False;0;-;DI;101,5;-;-;24/07/2028;1;3000000;False;PUBLICA;-
LF00220007A;-;BANCO SAFRA S/A;LF;False;0;-;IPCA;100;5,74;252;17/08/2026;1;50000;False;PUBLICA;-
LF002100A5W;-;BANCO SAFRA S/A;LF;False;0;-;IPCA;100;4,56;252;28/07/2031;2;57500;False;PUBLICA;-
LF0021007Y1;-;BANCO SAFRA S/A;LF;False;0;-;IPCA;100;4,59;252;15/05/2035;1;50000;False;PUBLICA;-
LF002100H9N;-;BANCO SAFRA S/A;LF;False;0;-;IPCA;100;5,22;252;17/08/2026;1;50000;False;PUBLICA;-
LF002301Q70;-;ITAU UNIBANCO S.A.;LF;False;0;-;DI;106;-;-;17/04/2028;300;50000;False;PUBLICA;-
LF002100HD1;-;BANCO SAFRA S/A;LF;False;0;-;IPCA;100;6,03;252;19/10/2026;60;50000;False;PUBLICA;-
LF0023012QU;-;ITAU UNIBANCO S.A.;LF;False;0;-;PREFIXADO;-;14,17;252;21/02/2033;1;50000;False;PUBLICA;-
LF0021009LI;-;BANCO SAFRA S/A;LF;False;0;-;IPCA;100;4,18;252;17/08/2026;2;50000;False;PUBLICA;-
LF002100A96;-;BANCO SAFRA S/A;LF;False;0;-;IPCA;100;4,27;252;17/08/2026;1;4000000;False;PUBLICA;-
LF0021008PS;-;BANCO SAFRA S/A;LF;False;0;-;IPCA;100;4,2;252;17/08/2026;2;50000;False;PUBLICA;-
LF002200DJL;-;BANCO SAFRA S/A;LF;False;0;-;IPCA;100;6,12;252;15/05/2035;2;50000;False;PUBLICA;-
LF002200DWT;-;BANCO SAFRA S/A;LF;False;0;-;IPCA;100;6,46;252;12/05/2032;2;51000;False;PUBLICA;-
LF002400JW3;BRBSAFLNNDL4;BANCO SAFRA S/A;LF;False;0;-;DI;100;0,4;252;28/09/2026;8;50000;False;PUBLICA;-
LF002302SRT;-;BANCO SAFRA S/A;LF;False;0;-;PREFIXADO;-;12,18;252;24/04/2029;1;50000;False;PUBLICA;-
LF002100DMT;-;BANCO SAFRA S/A;LF;False;0;-;IPCA;100;4,86;252;17/08/2026;2;50000;False;PUBLICA;-
LF0022007JQ;-;BANCO SAFRA S/A;LF;False;0;-;IPCA;100;6,11;252;17/08/2026;8;51125;False;PUBLICA;-
LFSN22006YA;-;BANCO SAFRA S/A;LFSN;False;0;-;IPCA;-;7,25;252;26/05/2032;1;300000;False;PUBLICA;-
LF002400PZO;-;ITAU UNIBANCO S.A.;LF;False;0;-;DI;102;-;-;24/09/2026;143;50000;False;PUBLICA;-
LF0022003QY;-;BANCO SAFRA S/A;LF;False;0;-;PREFIXADO;-;11,84;252;03/02/2032;1;50000;False;PUBLICA;-
LF0022008GL;-;BANCO SAFRA S/A;LF;False;0;-;PREFIXADO;-;12,89;252;17/03/2028;2;50000;False;PUBLICA;-
LFSN21003DY;BRBITALFIX31;ITAU UNIBANCO HOLDING S.A;LFSN;False;0;-;DI;100;2;252;22/09/2031;23;400000;False;PUBLICA;-
LF002100KYJ;BRBSAFLTRE23;BANCO SAFRA S/A;LF;False;0;-;IPCA;100;5,65;252;17/08/2026;1;50000;False;PUBLICA;-
LF002100GJ5;-;BANCO SAFRA S/A;LF;False;0;-;IPCA;100;5,04;252;17/08/2026;1;50000;False;PUBLICA;-
LF002600L9O;-;ITAU UNIBANCO S.A.;LF;False;0;-;DI;101,5;-;-;15/08/2029;200;50000;False;PUBLICA;-
LF002100HPF;-;BANCO SAFRA S/A;LF;False;0;-;IPCA;100;5,55;252;17/08/2026;2;50000;False;PUBLICA;-
LF002400UY5;-;ITAU UNIBANCO S.A.;LF;False;0;-;DI;102;-;-;16/11/2027;50;50600;False;PUBLICA;-
LF002303VTL;-;ITAU UNIBANCO S.A.;LF;False;0;-;IPCA;100;5,67;252;03/06/2030;40;50000;False;PUBLICA;-
LF002200R0R;-;BANCO SAFRA S/A;LF;False;0;-;PREFIXADO;-;14,1;252;28/11/2029;1;90000;False;PUBLICA;-
LF002200EP6;-;BANCO SAFRA S/A;LF;False;0;-;IPCA;100;5,79;252;17/08/2026;2;61500;False;PUBLICA;-
LFSC22002D8;BRITUBLFI1J0;ITAU UNIBANCO HOLDING S.A;LFSC;False;0;-;DI;100;2,4;252;26/09/9999;7;300000;False;PUBLICA;-
LF002400JTU;-;ITAU UNIBANCO S.A.;LF;False;0;-;DI;102;-;-;16/08/2027;26;50000;False;PUBLICA;-
LF002400KEU;-;ITAU UNIBANCO S.A.;LF;False;0;-;DI;102;-;-;16/08/2027;50;53800;False;PUBLICA;-
LF0021003GI;-;BANCO SAFRA S/A;LF;False;0;-;IPCA;100;4;252;17/08/2026;4;50000;False;PUBLICA;-
LF002100FFH;-;BANCO SAFRA S/A;LF;False;0;-;IPCA;100;5,4;252;28/09/2026;3;50000;False;PUBLICA;-
LF002100OHW;-;BANCO SAFRA S/A;LF;False;0;-;IPCA;100;5,33;252;17/08/2026;1;50000;False;PUBLICA;-
LF00210094U;-;BANCO SAFRA S/A;LF;False;0;-;IPCA;100;4,16;252;17/08/2026;1;130000;False;PUBLICA;-
LF0025008LH;-;ITAU UNIBANCO S.A.;LF;False;0;-;IPCA;100;8,14;252;26/03/2030;40;50000;False;PUBLICA;-
LF002100QMQ;-;BANCO SAFRA S/A;LF;False;0;-;IPCA;100;5,46;252;15/05/2035;1;90000;False;PUBLICA;-
LF002400DRI;-;BANCO SAFRA S/A;LF;False;0;-;IPCA;100;6,04;252;15/05/2045;2;50000;False;PUBLICA;-
LF002400E8W;-;BANCO SAFRA S/A;LF;False;0;-;IPCA;100;6,06;252;15/05/2045;2;50000;False;PUBLICA;-
LF0024012SY;-;ITAU UNIBANCO S.A.;LF;False;0;-;IPCA;100;8,43;252;14/12/2026;1;1000000;False;PUBLICA;-
LF002600NFF;-;ITAU UNIBANCO S.A.;LF;False;0;-;DI;101;-;-;15/08/2029;31;50000;False;PUBLICA;-
LF0024008B3;-;ITAU UNIBANCO S.A.;LF;False;0;-;IPCA;100;5,86;252;19/03/2029;1;1000000;False;PUBLICA;-
LF002400JC7;-;ITAU UNIBANCO S.A.;LF;False;0;-;DI;102;-;-;16/08/2027;514;52500;False;PUBLICA;-
LF002400PFX;-;BANCO SAFRA S/A;LF;False;0;-;IPCA;100;6,33;252;18/09/2045;1;50000;False;PUBLICA;-
LF002308527;-;BANCO SAFRA S/A;LF;False;0;-;DI;103,25;-;-;12/11/2029;3;50000;False;PUBLICA;-
LF0021006FG;-;BANCO SAFRA S/A;LF;False;0;-;IPCA;100;3,97;252;17/08/2026;1;75000;False;PUBLICA;-
LF002100PZS;BRBSAFLNN1K9;BANCO SAFRA S/A;LF;False;0;-;IPCA;100;6,15;252;20/12/2028;100;100000;False;PUBLICA;-
LF002400S4V;-;ITAU UNIBANCO S.A.;LF;False;0;-;DI;102;-;-;15/10/2027;400;50000;False;PUBLICA;-
LF002400O4P;-;ITAU UNIBANCO S.A.;LF;False;0;-;DI;102;-;-;15/09/2027;50;50000;False;PUBLICA;-
LF002400TV1;-;ITAU UNIBANCO S.A.;LF;False;0;-;DI;102;-;-;16/11/2027;40;50000;False;PUBLICA;-
LF002400V3M;-;ITAU UNIBANCO S.A.;LF;False;0;-;DI;102;-;-;16/11/2027;344;50000;False;PUBLICA;-
LFSN21003D7;BRBITALFIX07;ITAU UNIBANCO HOLDING S.A;LFSN;False;0;-;DI;100;2;252;21/10/2031;18;400000;False;PUBLICA;-
LF0024007HP;-;ITAU UNIBANCO S.A.;LF;False;0;-;PREFIXADO;-;11,04;252;05/03/2029;1;4700000;False;PUBLICA;-
LF002600MX9;-;ITAU UNIBANCO S.A.;LF;False;0;-;DI;101,5;-;-;07/08/2028;5;50000;False;PUBLICA;-
LF002400L5Q;BRBSAFLNNDP5;BANCO SAFRA S/A;LF;False;0;-;DI;100;0,4;252;08/01/2027;61;50000;False;PUBLICA;-
LF0022004UH;BRBSAFLNN2L5;BANCO SAFRA S/A;LF;False;0;-;DI;100;1,35;252;10/02/2027;165;50000;False;PUBLICA;-
LF002100HI2;-;BANCO SAFRA S/A;LF;False;0;-;IPCA;100;5,46;252;17/08/2026;2;50000;False;PUBLICA;-
LF002100GZX;-;BANCO SAFRA S/A;LF;False;0;-;IPCA;100;5,15;252;17/08/2026;1;81000;False;PUBLICA;-
LF002400E5B;-;BANCO SAFRA S/A;LF;False;0;-;IPCA;100;5,58;252;26/05/2027;2;50000;False;PUBLICA;-
LF002200885;-;BANCO SAFRA S/A;LF;False;0;-;IPCA;100;6,01;252;17/08/2026;4;55000;False;PUBLICA;-
LFSN21003JY;BRBITALFIX80;ITAU UNIBANCO HOLDING S.A;LFSN;False;0;-;DI;100;2;252;22/09/2031;7;400000;False;PUBLICA;-
LF0021004YV;-;BANCO SAFRA S/A;LF;False;0;-;IPCA;100;4,09;252;17/08/2026;4;50000;False;PUBLICA;-
LF002400NN1;-;ITAU UNIBANCO S.A.;LF;False;0;-;DI;102;-;-;15/09/2027;80;55312,5;False;PUBLICA;-
LF002100CFB;-;BANCO SAFRA S/A;LF;False;0;-;IPCA;100;5,16;252;17/08/2026;1;50000;False;PUBLICA;-
LF002400LQI;-;ITAU UNIBANCO S.A.;LF;False;0;-;DI;102;-;-;16/08/2027;40;50000;False;PUBLICA;-
LF002301980;-;ITAU UNIBANCO S.A.;LF;False;0;-;PREFIXADO;-;14,31;252;02/03/2033;1;50000;False;PUBLICA;-
LF0021003E4;-;BANCO SAFRA S/A;LF;False;0;-;IPCA;100;4,47;252;15/05/2035;2;50000;False;PUBLICA;-
LF00210094V;-;BANCO SAFRA S/A;LF;False;0;-;IPCA;100;4,52;252;15/05/2035;1;50000;False;PUBLICA;-
LF002400NA2;-;BANCO SAFRA S/A;LF;False;0;-;IPCA;100;6,28;252;15/05/2029;2;74000;False;PUBLICA;-
LF002100EPZ;-;BANCO SAFRA S/A;LF;False;0;-;IPCA;100;5,48;252;21/09/2026;1;109843;False;PUBLICA;-
LFSN21003T5;BRBITALFIXI6;ITAU UNIBANCO HOLDING S.A;LFSN;False;0;-;DI;100;2;252;22/09/2031;5;400000;False;PUBLICA;-
LF002301YOK;-;BANCO SAFRA S/A;LF;False;0;-;PREFIXADO;-;14,97;252;25/03/2030;10;50000;False;PUBLICA;-
LF002400H0I;-;BANCO SAFRA S/A;LF;False;0;-;IPCA;100;6,27;252;15/05/2029;1;57574,06;False;PUBLICA;-
LFSC22002S1;BRITUBLFI1M4;ITAU UNIBANCO HOLDING S.A;LFSC;False;0;-;DI;100;2,4;252;29/09/9999;1;300000;False;PUBLICA;-
LF002100HIA;-;BANCO SAFRA S/A;LF;False;0;-;IPCA;100;5,46;252;17/08/2026;1;50000;False;PUBLICA;-
LF002200CMG;-;BANCO SAFRA S/A;LF;False;0;-;IPCA;100;6,26;252;26/04/2032;1;50000;False;PUBLICA;-
LF0021008VG;-;BANCO SAFRA S/A;LF;False;0;-;IPCA;100;4,17;252;17/08/2026;1;207590;False;PUBLICA;-
LFSC2200291;BRITUBLFI1H4;ITAU UNIBANCO HOLDING S.A;LFSC;False;0;-;DI;100;2,4;252;22/09/9999;10;300000;False;PUBLICA;-
LF002400SMI;-;BANCO SAFRA S/A;LF;False;0;-;IPCA;100;6,62;252;15/05/2029;3;63333,333334;False;PUBLICA;-
LF0021007J5;-;BANCO SAFRA S/A;LF;False;0;-;IPCA;100;3,94;252;20/08/2026;4;50000;False;PUBLICA;-
LF002400PVD;-;BANCO SAFRA S/A;LF;False;0;-;IPCA;100;6,43;252;25/09/2045;23;50000;False;PUBLICA;-
LF002100IX2;-;BANCO SAFRA S/A;LF;False;0;-;IPCA;100;5,89;252;17/08/2026;16;50000;False;PUBLICA;-
LF002400PZJ;-;ITAU UNIBANCO S.A.;LF;False;0;-;DI;102;-;-;15/10/2027;1;1800000;False;PUBLICA;-
LF002400JZ6;-;ITAU UNIBANCO S.A.;LF;False;0;-;DI;102;-;-;16/08/2027;2;63500;False;PUBLICA;-
LF002200DUA;-;BANCO SAFRA S/A;LF;False;0;-;IPCA;100;6;252;17/08/2026;1;63000;False;PUBLICA;-
LF002100CBL;-;BANCO SAFRA S/A;LF;False;0;-;IPCA;100;4,93;252;17/08/2026;2;50000;False;PUBLICA;-
LF002100ER5;-;BANCO SAFRA S/A;LF;False;0;-;IPCA;100;4,99;252;17/08/2026;1;80000;False;PUBLICA;-
LF0024007HO;-;ITAU UNIBANCO S.A.;LF;False;0;-;DI;104;-;-;05/03/2029;1;1600000;False;PUBLICA;-
LF002400XH9;-;ITAU UNIBANCO S.A.;LF;False;0;-;DI;102;-;-;26/11/2026;20;50000;False;PUBLICA;-
LF002400LT8;-;ITAU UNIBANCO S.A.;LF;False;0;-;DI;102;-;-;16/08/2027;5;54000;False;PUBLICA;-
LF002200CXP;-;BANCO SAFRA S/A;LF;False;0;-;IPCA;100;6,24;252;29/04/2032;1;50000;False;PUBLICA;-
LF00210050V;-;BANCO SAFRA S/A;LF;False;0;-;IPCA;100;4,58;252;15/05/2035;6;50000;False;PUBLICA;-
LF002200N9V;-;ITAU UNIBANCO S.A.;LF;False;0;-;IPCA;100;6,39;252;29/09/2032;1;500000;False;PUBLICA;-
LF0021005DF;-;BANCO SAFRA S/A;LF;False;0;-;IPCA;100;3,82;252;17/08/2026;1;50000;False;PUBLICA;-
LF002100LVU;BRBSAFLFE1K0;BANCO SAFRA S/A;LF;False;0;-;IPCA;100;5,67;252;17/08/2026;3;50000;False;PUBLICA;-
LF002100IQM;-;BANCO SAFRA S/A;LF;False;0;-;IPCA;100;5,79;252;17/08/2026;3;50000;False;PUBLICA;-
LF002100DGS;BRBSAFLFEZE7;BANCO SAFRA S/A;LF;False;0;-;IPCA;100;5,01;252;01/09/2031;3;56666,666667;False;PUBLICA;-
LF002100IJ2;-;BANCO SAFRA S/A;LF;False;0;-;IPCA;100;5,82;252;17/08/2026;2;72500;False;PUBLICA;-
LF002200RZL;-;ITAU UNIBANCO S.A.;LF;False;0;-;IPCA;100;6,55;252;06/12/2032;1;20000000;False;PUBLICA;-
LF002400O4Y;-;ITAU UNIBANCO S.A.;LF;False;0;-;DI;102;-;-;15/09/2027;1000;50000;False;PUBLICA;-
LF002100GJ6;-;BANCO SAFRA S/A;LF;False;0;-;IPCA;100;5,04;252;17/08/2026;2;60500;False;PUBLICA;-
LF002300ZYR;-;ITAU UNIBANCO S.A.;LF;False;0;-;PREFIXADO;-;14,38;252;17/02/2033;1;250000;False;PUBLICA;-
LF002303QVT;-;ITAU UNIBANCO S.A.;LF;False;0;-;PREFIXADO;-;11,4;252;31/05/2027;1;349300;False;PUBLICA;-
LF002200GE2;-;BANCO SAFRA S/A;LF;False;0;-;IPCA;100;5,96;252;17/08/2026;5;50000;False;PUBLICA;-
LF002100HI3;-;BANCO SAFRA S/A;LF;False;0;-;IPCA;100;5,46;252;17/08/2026;1;50000;False;PUBLICA;-
LF002400O50;-;ITAU UNIBANCO S.A.;LF;False;0;-;DI;102;-;-;15/09/2027;80;50000;False;PUBLICA;-
LF002100445;-;BANCO SAFRA S/A;LF;False;0;-;IPCA;100;3,99;252;17/08/2026;1;60000;False;PUBLICA;-
LF002100G3R;-;BANCO SAFRA S/A;LF;False;0;-;IPCA;100;5,06;252;17/08/2026;1;50000;False;PUBLICA;-
LF0023039X7;-;BANCO BRADESCO S/A;LF;False;0;-;PREFIXADO;-;11,88;252;15/05/2028;8;50000;False;PUBLICA;-
LF0025009Q1;BRSCNALFI078;SCANIA BANCO S/A;LF;False;0;-;DI;100;0,4;252;19/04/2027;10326;50000;False;PUBLICA;-
LF0021006SS;-;BANCO SAFRA S/A;LF;False;0;-;IPCA;100;3,9;252;17/08/2026;2;50000;False;PUBLICA;-
LF0021001KY;BRBSAFLTFDB8;BANCO SAFRA S/A;LF;False;0;-;IPCA;100;3,32;252;17/08/2026;2;50000;False;PUBLICA;-
LF002100A61;-;BANCO SAFRA S/A;LF;False;0;-;IPCA;100;4,23;252;17/08/2026;1;50000;False;PUBLICA;-
LF002400SMH;-;BANCO SAFRA S/A;LF;False;0;-;PREFIXADO;-;12,27;252;16/10/2026;3;50000;False;PUBLICA;-
LF002100P9R;-;BANCO SAFRA S/A;LF;False;0;-;PREFIXADO;-;10,77;252;14/12/2026;2;50000;False;PUBLICA;-
LF0025000IH;-;ITAU UNIBANCO S.A.;LF;False;0;-;DI;102;-;-;17/01/2028;40;50000;False;PUBLICA;-
LF002200M57;-;BANCO SAFRA S/A;LF;False;0;-;IPCA;100;5,95;252;17/08/2026;4;50000;False;PUBLICA;-
LF002100PGB;-;BANCO SAFRA S/A;LF;False;0;-;IPCA;100;5,25;252;17/08/2026;1;63000;False;PUBLICA;-
LF002400PZI;-;ITAU UNIBANCO S.A.;LF;False;0;-;DI;102;-;-;15/10/2027;38;50000;False;PUBLICA;-
LF0021005OE;-;BANCO SAFRA S/A;LF;False;0;-;IPCA;100;3,91;252;17/08/2026;1;530000;False;PUBLICA;-
LF002100HQX;-;BANCO SAFRA S/A;LF;False;0;-;IPCA;100;5,69;252;17/08/2026;3;50000;False;PUBLICA;-
LF0021001T2;BRBSAFLTFH57;BANCO SAFRA S/A;LF;False;0;-;IPCA;100;4,3;252;15/05/2035;5;200000;False;PUBLICA;-
LF002100D6Y;-;BANCO SAFRA S/A;LF;False;0;-;IPCA;100;4,8;252;17/08/2026;4;50000;False;PUBLICA;-
LF002200GE3;-;ITAU UNIBANCO S.A.;LF;False;0;-;IPCA;100;5,97;252;09/06/2027;6;50000;False;PUBLICA;-
LF00210064V;-;BANCO SAFRA S/A;LF;False;0;-;IPCA;100;4,75;252;13/05/2031;2;50000;False;PUBLICA;-
LF0021004D8;-;BANCO SAFRA S/A;LF;False;0;-;IPCA;100;4,06;252;17/08/2026;1;50000;False;PUBLICA;-
LF002400GL4;-;BANCO SAFRA S/A;LF;False;0;-;PREFIXADO;-;12,34;252;21/06/2028;51;50176,470589;False;PUBLICA;-
LF002100JKO;BRBSAFLTR7V3;BANCO SAFRA S/A;LF;False;0;-;IPCA;100;5,95;252;17/08/2026;1;50000;False;PUBLICA;-
LF002400T36;-;ITAU UNIBANCO S.A.;LF;False;0;-;DI;102;-;-;16/11/2027;140;50000;False;PUBLICA;-
LF0023087DH;-;ITAU UNIBANCO S.A.;LF;False;0;-;IPCA;100;5,81;252;17/11/2028;1;285000;False;PUBLICA;-
LFSN2100C1R;-;BANCO SAFRA S/A;LFSN;False;0;-;IPCA;-;7,05;252;30/10/2028;1;300000;False;PUBLICA;-
LF002100634;-;BANCO SAFRA S/A;LF;False;0;-;IPCA;100;3,87;252;17/08/2026;1;225000;False;PUBLICA;-
LF002100EEG;-;BANCO SAFRA S/A;LF;False;0;-;IPCA;100;4,93;252;17/08/2026;10;50000;False;PUBLICA;-
LF0021001X6;BRBSAFLTFI80;BANCO SAFRA S/A;LF;False;0;-;IPCA;100;3,48;252;17/08/2026;1;50000;False;PUBLICA;-
LF002100ID0;-;BANCO SAFRA S/A;LF;False;0;-;IPCA;100;5,57;252;17/08/2026;2;71500;False;PUBLICA;-
LF002400T2K;-;BANCO SAFRA S/A;LF;False;0;-;IPCA;100;6,51;252;15/05/2045;1;85000;False;PUBLICA;-
LF002100E3J;-;BANCO SAFRA S/A;LF;False;0;-;IPCA;100;5,39;252;17/08/2026;2;64500;False;PUBLICA;-
LF002100KNF;BRBSAFLTRCQ3;BANCO SAFRA S/A;LF;False;0;-;IPCA;100;5,64;252;17/08/2026;32;50000;False;PUBLICA;-
LF002500536;-;ITAU UNIBANCO S.A.;LF;False;0;-;DI;101,8;-;-;15/03/2028;1200;50000;False;PUBLICA;-
LF002100EYY;-;BANCO SAFRA S/A;LF;False;0;-;IPCA;100;4,88;252;17/08/2026;2;50000;False;PUBLICA;-
LF002100MMC;BRBSAFLFEOD3;BANCO SAFRA S/A;LF;False;0;-;IPCA;100;5,61;252;17/08/2026;10;50000;False;PUBLICA;-
LF002600EXZ;-;ITAU UNIBANCO S.A.;LF;False;0;-;DI;101,5;-;-;18/05/2028;73;50000;False;PUBLICA;-
LF0025005X7;-;ITAU UNIBANCO S.A.;LF;False;0;-;IPCA;100;7,5;252;15/02/2028;6;60000;False;PUBLICA;-
LF002400OQH;-;ITAU UNIBANCO S.A.;LF;False;0;-;DI;102;-;-;15/09/2027;90;53000;False;PUBLICA;-
LF0021007ME;-;BANCO SAFRA S/A;LF;False;0;-;IPCA;100;3,94;252;17/08/2026;5;50000;False;PUBLICA;-
LF0024003M4;-;ITAU UNIBANCO S.A.;LF;False;0;-;PREFIXADO;-;10,01;252;29/01/2027;1;50000;False;PUBLICA;-
LF002600LS7;-;ITAU UNIBANCO S.A.;LF;False;0;-;DI;101;-;-;15/08/2029;125;50040;False;PUBLICA;-
LF0026004F2;BRBCOCLFI4M1;BANCO C6 S.A.;LF;False;0;-;DI;100;1,15;252;10/02/2029;5000;50000;False;PUBLICA;-
LF002200A7Y;-;BANCO SAFRA S/A;LF;False;0;-;IPCA;100;6;252;31/03/2032;1;55000;False;PUBLICA;-
LFSN22006CW;BRABCBLFICW2;BANCO ABC BRASIL S.A.;LFSN;False;0;-;DI;100;2,35;252;19/05/2032;3;300000;False;PUBLICA;-
LF002200BRF;-;BANCO SAFRA S/A;LF;False;0;-;IPCA;100;5,68;252;17/08/2026;2;56975;False;PUBLICA;-
LF0021002RK;-;BANCO SAFRA S/A;LF;False;0;-;IPCA;100;3,53;252;17/08/2026;4;52000;False;PUBLICA;-
LFSN21003SZ;BRBITALFIXI6;ITAU UNIBANCO HOLDING S.A;LFSN;False;0;-;DI;100;2;252;22/09/2031;7;400000;False;PUBLICA;-
LF002400PG3;-;ITAU UNIBANCO S.A.;LF;False;0;-;DI;102;-;-;15/10/2027;47;50584,72;False;PUBLICA;-
LF0021004LD;-;BANCO SAFRA S/A;LF;False;0;-;IPCA;100;4,17;252;17/08/2026;6;50000;False;PUBLICA;-
LF0025004Q6;-;BANCO SAFRA S/A;LF;False;0;-;PREFIXADO;-;14,7;252;13/08/2029;4;50000;False;PUBLICA;-
LF002305AWC;-;BANCO SAFRA S/A;LF;False;0;-;PREFIXADO;-;10,93;252;20/07/2027;7;51857,142858;False;PUBLICA;-
LF002200G3U;-;BANCO SAFRA S/A;LF;False;0;-;IPCA;100;6,12;252;08/06/2027;1;50000;False;PUBLICA;-
LF002200I89;-;BANCO SAFRA S/A;LF;False;0;-;IPCA;100;6,15;252;15/05/2035;4;50000;False;PUBLICA;-
LF002100BVY;-;BANCO SAFRA S/A;LF;False;0;-;IPCA;100;4,8;252;17/08/2026;1;52000;False;PUBLICA;-
LF002308523;-;BANCO SAFRA S/A;LF;False;0;-;IPCA;100;5,28;252;13/11/2028;6;50000;False;PUBLICA;-
LF002500FWK;-;ITAU UNIBANCO S.A.;LF;False;0;-;IPCA;100;8,62;252;12/07/2027;3;50000;False;PUBLICA;-
LF002100CT9;-;BANCO SAFRA S/A;LF;False;0;-;IPCA;100;4,94;252;17/08/2026;1;80000;False;PUBLICA;-
LF002100CTH;-;BANCO SAFRA S/A;LF;False;0;-;IPCA;100;4,94;252;17/08/2026;1;50000;False;PUBLICA;-
LF002100C5M;-;BANCO SAFRA S/A;LF;False;0;-;IPCA;100;4,87;252;17/08/2026;18;50000;False;PUBLICA;-
LF002100H8L;-;BANCO SAFRA S/A;LF;False;0;-;IPCA;100;5,22;252;17/08/2026;7;50000;False;PUBLICA;-
LF002400KA2;-;ITAU UNIBANCO S.A.;LF;False;0;-;DI;102;-;-;16/08/2027;10;62200;False;PUBLICA;-
LF002200349;-;BANCO SAFRA S/A;LF;False;0;-;IPCA;100;5,73;252;17/08/2026;1;50000;False;PUBLICA;-
LF002500BXN;-;ITAU UNIBANCO S.A.;LF;False;0;-;DI;101,5;-;-;17/05/2027;4000;50000;False;PUBLICA;-
LF002100KYT;BRBSAFLTREG0;BANCO SAFRA S/A;LF;False;0;-;IPCA;100;5,56;252;17/08/2026;1;52000;False;PUBLICA;-
LF002400O4R;-;ITAU UNIBANCO S.A.;LF;False;0;-;DI;102;-;-;15/09/2027;30;52333,34;False;PUBLICA;-
LF002100E8G;-;BANCO SAFRA S/A;LF;False;0;-;PREFIXADO;-;11,84;252;10/09/2026;4;50000;False;PUBLICA;-
LF002100I3M;-;BANCO SAFRA S/A;LF;False;0;-;IPCA;100;5,74;252;17/08/2026;5;55000;False;PUBLICA;-
LFSN21001Q7;BRBSAFLFNNU0;BANCO SAFRA S/A;LFSN;False;0;-;IPCA;-;6;252;17/05/2028;24;1000000;False;PUBLICA;-
LF0021008DG;-;BANCO SAFRA S/A;LF;False;0;-;IPCA;100;4,24;252;17/08/2026;1;50000;False;PUBLICA;-
LF002400L51;BRBSAFLNNDP5;BANCO SAFRA S/A;LF;False;0;-;DI;100;0,4;252;08/01/2027;83;50000;False;PUBLICA;-
LF002200FGX;-;BANCO SAFRA S/A;LF;False;0;-;PREFIXADO;-;12,51;252;31/05/2027;1;82000;False;PUBLICA;-
LF002200A88;-;BANCO SAFRA S/A;LF;False;0;-;IPCA;100;5,6;252;31/03/2027;5;72000;False;PUBLICA;-
LF0022008KT;-;BANCO SAFRA S/A;LF;False;0;-;IPCA;100;6,02;252;17/08/2026;10;50000;False;PUBLICA;-
LF002400SFN;-;BANCO SAFRA S/A;LF;False;0;-;PREFIXADO;-;12,92;252;11/10/2028;50;50000;False;PUBLICA;-
LF0021006HK;-;BANCO SAFRA S/A;LF;False;0;-;IPCA;100;3,95;252;17/08/2026;3;50000;False;PUBLICA;-
LF002400JFT;-;BANCO SAFRA S/A;LF;False;0;-;DI;100,75;-;-;26/07/2027;1;50000;False;PUBLICA;-
LF0022001EM;-;BANCO SAFRA S/A;LF;False;0;-;IPCA;100;5,7;252;17/08/2026;16;50000;False;PUBLICA;-
LF002400UOS;-;ITAU UNIBANCO S.A.;LF;False;0;-;DI;102;-;-;16/11/2027;1523;50040,13;False;PUBLICA;-
LF002307DFO;-;ITAU UNIBANCO S.A.;LF;False;0;-;IPCA;100;5,52;252;25/09/2028;1;71000;False;PUBLICA;-
LF002600EF9;-;ITAU UNIBANCO S.A.;LF;False;0;-;DI;101,5;-;-;15/05/2028;2;50000;False;PUBLICA;-
LF002100GY4;-;BANCO SAFRA S/A;LF;False;0;-;IPCA;100;5,05;252;17/08/2026;4;70250;False;PUBLICA;-
LF002600I7D;-;ITAU UNIBANCO S.A.;LF;False;0;-;PREFIXADO;-;14,18;252;16/06/2028;3;50000;False;PUBLICA;-
LF002200CXN;-;BANCO SAFRA S/A;LF;False;0;-;IPCA;100;6,24;252;29/04/2032;1;63000;False;PUBLICA;-
LF002400M52;-;BANCO SAFRA S/A;LF;False;0;-;IPCA;100;5,81;252;18/08/2026;1;50000;False;PUBLICA;-
LF002100CBF;-;BANCO SAFRA S/A;LF;False;0;-;IPCA;100;4,93;252;17/08/2026;10;50000;False;PUBLICA;-
LF002400PCL;-;BANCO SAFRA S/A;LF;False;0;-;IPCA;100;6,35;252;18/09/2045;1;50000;False;PUBLICA;-
LF002400PNG;-;BANCO SAFRA S/A;LF;False;0;-;IPCA;100;6,33;252;20/09/2045;1;88900;False;PUBLICA;-
LF002100KP5;BRBSAFLTRCU5;BANCO SAFRA S/A;LF;False;0;-;IPCA;100;5,61;252;17/08/2026;1;50000;False;PUBLICA;-
LF002400VKR;-;ITAU UNIBANCO S.A.;LF;False;0;-;DI;102;-;-;16/11/2027;72;50555,56;False;PUBLICA;-
LF002100BAA;-;BANCO SAFRA S/A;LF;False;0;-;IPCA;100;4,67;252;17/08/2026;8;93750;False;PUBLICA;-
LF002100EGS;-;BANCO SAFRA S/A;LF;False;0;-;IPCA;100;4,88;252;17/08/2026;1;89000;False;PUBLICA;-
LF0021008MT;-;BANCO SAFRA S/A;LF;False;0;-;IPCA;100;4,17;252;17/08/2026;4;50000;False;PUBLICA;-
LF002200JZ7;-;BANCO SAFRA S/A;LF;False;0;-;IPCA;100;6,61;252;15/05/2035;2;66000;False;PUBLICA;-
LF0021004B1;-;BANCO SAFRA S/A;LF;False;0;-;IPCA;100;4,11;252;17/08/2026;1;50000;False;PUBLICA;-
LF002100OIA;-;BANCO SAFRA S/A;LF;False;0;-;IPCA;100;5,32;252;17/08/2026;7;50428,571429;False;PUBLICA;-
LFSN22009F4;-;BANCO SAFRA S/A;LFSN;False;0;-;PREFIXADO;-;15,22;252;19/07/2032;1;300000;False;PUBLICA;-
LF002600L9V;-;ITAU UNIBANCO S.A.;LF;False;0;-;DI;101,5;-;-;15/08/2029;268;50055,98;False;PUBLICA;-
LF0021008Y7;-;BANCO SAFRA S/A;LF;False;0;-;IPCA;100;4,17;252;17/08/2026;1;239000;False;PUBLICA;-
LF002301G5T;BRBSAFLNN9R7;BANCO SAFRA S/A;LF;False;0;-;PREFIXADO;-;14,1;252;08/03/2027;20;50000;False;PUBLICA;-
LF002400RT7;-;BANCO SAFRA S/A;LF;False;0;-;IPCA;100;6,38;252;15/05/2045;1;50130;False;PUBLICA;-
LF002400IS3;-;ITAU UNIBANCO S.A.;LF;False;0;-;DI;102;-;-;16/08/2027;74;50000;False;PUBLICA;-
LFSN21003LD;BRBITALFIXA3;ITAU UNIBANCO HOLDING S.A;LFSN;False;0;-;DI;100;2;252;21/10/2031;644;400000;False;PUBLICA;-
LF0021005D0;-;BANCO SAFRA S/A;LF;False;0;-;IPCA;100;3,82;252;17/08/2026;6;50000;False;PUBLICA;-
LF002303W4H;BRBSAFLNNAB1;BANCO SAFRA S/A;LF;False;0;-;IPCA;100;6,4;252;05/06/2028;400;50000;False;PUBLICA;-
LF002400EQ0;-;BANCO SAFRA S/A;LF;False;0;-;IPCA;100;6,1;252;15/05/2045;2;55000;False;PUBLICA;-
LF0021007VG;-;BANCO SAFRA S/A;LF;False;0;-;IPCA;100;4,22;252;17/08/2026;1;50000;False;PUBLICA;-
LF0022006IS;-;BANCO SAFRA S/A;LF;False;0;-;IPCA;100;5,76;252;17/08/2026;1;82000;False;PUBLICA;-
LF002100I2L;-;BANCO SAFRA S/A;LF;False;0;-;IPCA;100;5,74;252;17/08/2026;3;50000;False;PUBLICA;-
LF00210047S;-;BANCO SAFRA S/A;LF;False;0;-;IPCA;100;4,01;252;17/08/2026;2;55000;False;PUBLICA;-
LF002100CUF;-;BANCO SAFRA S/A;LF;False;0;-;IPCA;100;4,97;252;17/08/2026;2;50000;False;PUBLICA;-
LF002200BGK;-;BANCO SAFRA S/A;LF;False;0;-;IPCA;100;5,76;252;17/08/2026;6;54666,666667;False;PUBLICA;-
LF002400MYA;-;BANCO SAFRA S/A;LF;False;0;-;IPCA;100;5,89;252;15/05/2035;4;56250;False;PUBLICA;-
LF0021004DB;-;BANCO SAFRA S/A;LF;False;0;-;IPCA;100;4,09;252;17/08/2026;2;50000;False;PUBLICA;-
LF00210089C;-;BANCO SAFRA S/A;LF;False;0;-;IPCA;100;4,77;252;23/06/2031;1;50000;False;PUBLICA;-
LF00250034L;-;ITAU UNIBANCO S.A.;LF;False;0;-;PREFIXADO;-;15,51;252;21/12/2026;10;50000;False;PUBLICA;-
LF002400JJX;-;ITAU UNIBANCO S.A.;LF;False;0;-;DI;102;-;-;16/08/2027;20;50000;False;PUBLICA;-
LF002600F1A;-;BANCO SAFRA S/A;LF;False;0;-;PREFIXADO;-;13,7;252;14/05/2029;5;50000;False;PUBLICA;-
LF002100HJ0;-;BANCO SAFRA S/A;LF;False;0;-;IPCA;100;5,46;252;17/08/2026;1;50000;False;PUBLICA;-
LF00230341L;-;ITAU UNIBANCO S.A.;LF;False;0;-;DI;105;-;-;09/05/2028;120;50000;False;PUBLICA;-
LF002100OOA;-;BANCO SAFRA S/A;LF;False;0;-;IPCA;100;5,32;252;17/08/2026;1;420000;False;PUBLICA;-
LF002305EAI;BRCAMRLFI2I9;BANCO RCI BRASIL S.A.;LF;False;0;-;DI;100;1,6;252;26/07/2027;4000;50000;False;PUBLICA;-
LFSC22002DF;BRITUBLFI1J0;ITAU UNIBANCO HOLDING S.A;LFSC;False;0;-;DI;100;2,4;252;26/09/9999;117;300000;False;PUBLICA;-
LFSN21001PY;BRBSAFLFNNT2;BANCO SAFRA S/A;LFSN;False;0;-;DI;100;2;252;17/05/2028;2;1000000;False;PUBLICA;-
LFSC22002CL;BRITUBLFI1I2;ITAU UNIBANCO HOLDING S.A;LFSC;False;0;-;DI;100;2,4;252;23/09/9999;6;300000;False;PUBLICA;-
LF0026007AW;-;ITAU UNIBANCO S.A.;LF;False;0;-;DI;101,5;-;-;11/03/2030;5;50000;False;PUBLICA;-
LF002300LWZ;-;BANCO SAFRA S/A;LF;False;0;-;DI;106,55;-;-;03/02/2027;4;55000;False;PUBLICA;-
LF002200UEO;BRBSAFLNN9G0;BANCO SAFRA S/A;LF;False;0;-;PREFIXADO;-;12,95;252;28/12/2028;20;50000;False;PUBLICA;-
LF002400APB;-;ITAU UNIBANCO S.A.;LF;False;0;-;DI;103;-;-;17/05/2027;3000;50000;False;PUBLICA;-
LF002200JFO;-;ITAU UNIBANCO S.A.;LF;False;0;-;IPCA;100;6,69;252;13/07/2027;7;50000;False;PUBLICA;-
LF002400J5L;-;ITAU UNIBANCO S.A.;LF;False;0;-;DI;102;-;-;16/08/2027;90;50000;False;PUBLICA;-
LF002100NTC;BRBSAFLFEWE4;BANCO SAFRA S/A;LF;False;0;-;IPCA;100;5,52;252;17/08/2026;1;50000;False;PUBLICA;-
LF002100MHI;BRBSAFLFEMX5;BANCO SAFRA S/A;LF;False;0;-;IPCA;100;5,58;252;17/08/2026;1;96000;False;PUBLICA;-
LF002600N8S;-;ITAU UNIBANCO S.A.;LF;False;0;-;DI;101,5;-;-;15/08/2029;600;50000;False;PUBLICA;-
LFSC220028X;BRITUBLFI1H4;ITAU UNIBANCO HOLDING S.A;LFSC;False;0;-;DI;100;2,4;252;22/09/9999;5;300000;False;PUBLICA;-
LF0023000H3;BRBSAFLNN9I6;BANCO SAFRA S/A;LF;False;0;-;IPCA;100;7,13;252;07/01/2030;125;100000;False;PUBLICA;-
LFSC220027Z;BRITUBLFI1H4;ITAU UNIBANCO HOLDING S.A;LFSC;False;0;-;DI;100;2,4;252;22/09/9999;20;300000;False;PUBLICA;-
LF002200J4L;-;BANCO SAFRA S/A;LF;False;0;-;IPCA;100;6,26;252;17/08/2026;1;75000;False;PUBLICA;-
LF002400U6I;-;ITAU UNIBANCO S.A.;LF;False;0;-;DI;102;-;-;16/11/2027;30;51000;False;PUBLICA;-
LF002100H1T;-;BANCO SAFRA S/A;LF;False;0;-;IPCA;100;5,2;252;17/08/2026;6;50000;False;PUBLICA;-
LF0021005RK;-;BANCO SAFRA S/A;LF;False;0;-;IPCA;100;3,91;252;17/08/2026;1;56000;False;PUBLICA;-
LFSC22002D7;BRITUBLFI1J0;ITAU UNIBANCO HOLDING S.A;LFSC;False;0;-;DI;100;2,4;252;26/09/9999;23;300000;False;PUBLICA;-
LF002400SR5;-;ITAU UNIBANCO S.A.;LF;False;0;-;PREFIXADO;-;12,7;252;15/10/2026;100;50000;False;PUBLICA;-
LF002400N3J;-;ITAU UNIBANCO S.A.;LF;False;0;-;DI;102;-;-;15/09/2027;20;50000;False;PUBLICA;-
LF002400P5K;-;ITAU UNIBANCO S.A.;LF;False;0;-;DI;102;-;-;15/10/2027;14;52540,65;False;PUBLICA;-
LF0022003QX;-;BANCO SAFRA S/A;LF;False;0;-;IPCA;100;5,77;252;15/05/2035;2;50000;False;PUBLICA;-
LF002600E45;-;ITAU UNIBANCO S.A.;LF;False;0;-;DI;101;-;-;11/05/2028;2;80000;False;PUBLICA;-
LFSC25009EX;BRITUBLFI258;ITAU UNIBANCO HOLDING S.A;LFSC;False;0;-;DI;100;1,15;252;07/10/9999;5383;300000;False;PUBLICA;-
LF00210028O;-;BANCO SAFRA S/A;LF;False;0;-;IPCA;100;3,76;252;17/08/2026;1;80000;False;PUBLICA;-
LF00230018O;-;ITAU UNIBANCO S.A.;LF;False;0;-;IPCA;100;6,42;252;11/01/2028;1;500000;False;PUBLICA;-
LF00210084Z;-;BANCO SAFRA S/A;LF;False;0;-;IPCA;100;4,22;252;17/08/2026;11;53454,545455;False;PUBLICA;-
LFSC23006NS;BRITUBLFI1Q5;ITAU UNIBANCO HOLDING S.A;LFSC;False;0;-;DI;100;1,9;252;08/11/9999;8;350000;False;PUBLICA;-
LFSN22009F1;-;BANCO SAFRA S/A;LFSN;False;0;-;IPCA;-;8;252;19/07/2032;1;300000;False;PUBLICA;-
LF002400C00;BRBMGBLFI6N3;BANCO BMG S/A;LF;False;0;-;DI;100;2,2;252;30/04/2027;439;100000;False;PUBLICA;-
LF002100NTB;BRBSAFLFEWV8;BANCO SAFRA S/A;LF;False;0;-;IPCA;100;5,52;252;17/08/2026;4;50000;False;PUBLICA;-
LF002400P20;-;ITAU UNIBANCO S.A.;LF;False;0;-;DI;102;-;-;15/09/2027;44;50000;False;PUBLICA;-
LF00220087E;-;BANCO SAFRA S/A;LF;False;0;-;IPCA;100;5,24;252;17/08/2026;1;50000;False;PUBLICA;-
LF00210021R;-;BANCO SAFRA S/A;LF;False;0;-;IPCA;100;4,4;252;15/05/2035;2;50000;False;PUBLICA;-
LF0025009Y1;-;ITAU UNIBANCO S.A.;LF;False;0;-;IPCA;100;8,04;252;10/04/2028;10;50000;False;PUBLICA;-
LF0021009Q5;-;BANCO SAFRA S/A;LF;False;0;-;IPCA;100;4,14;252;17/08/2026;1;50000;False;PUBLICA;-
LF002500E1G;BRBMGBLFI7K7;BANCO BMG S/A;LF;False;0;-;DI;100;1,45;252;21/06/2027;5630;50000;False;PUBLICA;-
LF002200OPX;-;ITAU UNIBANCO S.A.;LF;False;0;-;IPCA;100;6,23;252;25/10/2032;1;2400000;False;PUBLICA;-
LF002400L5S;BRBSAFLNNDP5;BANCO SAFRA S/A;LF;False;0;-;DI;100;0,4;252;08/01/2027;182;50000;False;PUBLICA;-
LF002306HCB;-;BANCO SAFRA S/A;LF;False;0;-;DI;104;-;-;24/08/2029;80;50000;False;PUBLICA;-
LF002301EMG;-;ITAU UNIBANCO S.A.;LF;False;0;-;PREFIXADO;-;14,58;252;08/03/2033;1;50000;False;PUBLICA;-
LF0025009MO;-;ITAU UNIBANCO S.A.;LF;False;0;-;DI;102;-;-;17/04/2028;740;50000;False;PUBLICA;-
LF002400FPR;-;ITAU UNIBANCO S.A.;LF;False;0;-;IPCA;100;6,61;252;18/06/2029;1;400000;False;PUBLICA;-
LF002100327;-;BANCO SAFRA S/A;LF;False;0;-;IPCA;100;3,66;252;17/08/2026;1;60000;False;PUBLICA;-
LF002100IPL;-;BANCO SAFRA S/A;LF;False;0;-;IPCA;100;5,85;252;17/08/2026;1;73000;False;PUBLICA;-
LF002600EY5;-;ITAU UNIBANCO S.A.;LF;False;0;-;DI;101;-;-;15/06/2029;20;50000;False;PUBLICA;-
LF002100ELB;-;BANCO SAFRA S/A;LF;False;0;-;IPCA;100;4,92;252;17/08/2026;1;60000;False;PUBLICA;-
LF002100E0O;-;BANCO SAFRA S/A;LF;False;0;-;IPCA;100;5,01;252;17/08/2026;1;80000;False;PUBLICA;-
LFSC23006SY;BRITUBLFI1R3;ITAU UNIBANCO HOLDING S.A;LFSC;False;0;-;DI;100;1,9;252;09/11/9999;2;350000;False;PUBLICA;-
LF0023000HZ;-;BANCO SAFRA S/A;LF;False;0;-;PREFIXADO;-;13,76;252;05/01/2027;2;50000;False;PUBLICA;-
LF0021009NQ;-;BANCO SAFRA S/A;LF;False;0;-;IPCA;100;4,14;252;17/08/2026;1;50000;False;PUBLICA;-
LF00250052P;-;ITAU UNIBANCO S.A.;LF;False;0;-;DI;101,8;-;-;15/03/2028;157;50125,24;False;PUBLICA;-
LF002306P1W;-;ITAU UNIBANCO S.A.;LF;False;0;-;PREFIXADO;-;11,34;252;31/08/2028;1;52000;False;PUBLICA;-
LF002600CVW;-;ITAU UNIBANCO S.A.;LF;False;0;-;DI;101,5;-;-;15/05/2029;112;50000;False;PUBLICA;-
LF002100DJF;-;BANCO SAFRA S/A;LF;False;0;-;IPCA;100;4,84;252;17/08/2026;1;50000;False;PUBLICA;-
LF002307EOA;-;BANCO SAFRA S/A;LF;False;0;-;PREFIXADO;-;11,35;252;28/09/2026;8;50000;False;PUBLICA;-
LFSN21003ED;BRBITALFIX56;ITAU UNIBANCO HOLDING S.A;LFSN;False;0;-;DI;100;2;252;22/09/2031;4;400000;False;PUBLICA;-
LF00250007F;-;ITAU UNIBANCO S.A.;LF;False;0;-;PREFIXADO;-;15,62;252;04/01/2027;1;1000000;False;PUBLICA;-
LF002100CTO;-;BANCO SAFRA S/A;LF;False;0;-;IPCA;100;4,94;252;17/08/2026;1;65000;False;PUBLICA;-
LF002400QMG;-;ITAU UNIBANCO S.A.;LF;False;0;-;DI;102;-;-;15/10/2027;269;50000;False;PUBLICA;-
LF002200QGY;-;BANCO SAFRA S/A;LF;False;0;-;DI;104,5;-;-;18/11/2026;2;50000;False;PUBLICA;-
LF0021004HH;-;BANCO SAFRA S/A;LF;False;0;-;IPCA;100;4,05;252;17/08/2026;1;50000;False;PUBLICA;-
LFSN21003DT;BRBITALFIX23;ITAU UNIBANCO HOLDING S.A;LFSN;False;0;-;DI;100;2;252;21/10/2031;8;400000;False;PUBLICA;-
LF002100NFQ;BRBSAFLFETB6;BANCO SAFRA S/A;LF;False;0;-;IPCA;100;5,56;252;17/08/2026;2;50000;False;PUBLICA;-
LF0021008PQ;-;BANCO SAFRA S/A;LF;False;0;-;IPCA;100;4,2;252;17/08/2026;6;50000;False;PUBLICA;-
LFSN25005PL;-;BANCO PINE S/A;LFSN;False;0;-;DI;121,5;-;-;15/05/2035;18;300000;False;PUBLICA;-
LFSC22002MX;BRITUBLFI1L6;ITAU UNIBANCO HOLDING S.A;LFSC;False;0;-;DI;100;2,4;252;28/09/9999;4;300000;False;PUBLICA;-
LF002400JJY;-;ITAU UNIBANCO S.A.;LF;False;0;-;DI;102;-;-;16/08/2027;170;50000;False;PUBLICA;-
LF002307TN3;BRBSAFLNNAY3;BANCO SAFRA S/A;LF;False;0;-;DI;107,2;-;-;13/10/2026;2;50000;False;PUBLICA;-
LF0021002X1;-;BANCO SAFRA S/A;LF;False;0;-;IPCA;100;3,62;252;17/08/2026;1;50000;False;PUBLICA;-
LF002600HFX;BRNUFNLFI7O2;NU FINANCEIRA SA SOCIEDADE DE CREDITO FINANCIAMENTO E INVESTIMENTO;LF;False;0;-;DI;100;0,39;252;21/06/2028;21318;50000;False;PUBLICA;-
LF002600CH3;-;ITAU UNIBANCO S.A.;LF;False;0;-;IPCA;100;7,22;252;30/04/2029;1;50000;False;PUBLICA;-
LF0021002RS;-;BANCO SAFRA S/A;LF;False;0;-;IPCA;100;4,19;252;15/05/2035;1;87000;False;PUBLICA;-
LF0021008PZ;-;BANCO SAFRA S/A;LF;False;0;-;IPCA;100;4,69;252;30/06/2031;1;225000;False;PUBLICA;-
LF002400JYO;-;BANCO SAFRA S/A;LF;False;0;-;IPCA;100;6,31;252;28/07/2027;80;50000;False;PUBLICA;-
LFSN21003EC;BRBITALFIX56;ITAU UNIBANCO HOLDING S.A;LFSN;False;0;-;DI;100;2;252;22/09/2031;27;400000;False;PUBLICA;-
LF002304FQ1;-;ITAU UNIBANCO S.A.;LF;False;0;-;PREFIXADO;-;11,55;252;27/06/2033;1;300000;False;PUBLICA;-
LFSN22006N0;-;BANCO SAFRA S/A;LFSN;False;0;-;IPCA;-;5,86;252;14/08/2028;1;350000;False;PUBLICA;-
LF002500NIW;BRJDEELFI0O6;BANCO JOHN DEERE S.A.;LF;False;0;-;DI;100;0,4;252;24/10/2028;5762;50000;False;PUBLICA;-
LF0021003G5;BRBSAFLNNJV0;BANCO SAFRA S/A;LF;False;0;-;IPCA;100;3,96;252;17/08/2026;1;50000;False;PUBLICA;-
LF0024010AS;-;ITAU UNIBANCO S.A.;LF;False;0;-;DI;102;-;-;15/12/2027;361;50109,21;False;PUBLICA;-
LF002100HDK;-;BANCO SAFRA S/A;LF;False;0;-;IPCA;100;5,24;252;17/08/2026;1;51000;False;PUBLICA;-
LF0025002HO;-;ITAU UNIBANCO S.A.;LF;False;0;-;DI;102;-;-;15/05/2030;8;50000;False;PUBLICA;-
LF00250052T;-;ITAU UNIBANCO S.A.;LF;False;0;-;DI;101,8;-;-;15/03/2028;84;50476,2;False;PUBLICA;-
LF0025000ID;-;ITAU UNIBANCO S.A.;LF;False;0;-;DI;102;-;-;17/01/2028;185;50000;False;PUBLICA;-
LF002200CDV;-;BANCO SAFRA S/A;LF;False;0;-;IPCA;100;5,78;252;17/08/2026;3;60000;False;PUBLICA;-
LF002500NM1;BRBCGMLFIA27;BANCO GM S.A;LF;False;0;-;DI;100;0,34;252;08/11/2027;6290;50000;False;PUBLICA;-
LF002100F5A;-;BANCO SAFRA S/A;LF;False;0;-;IPCA;100;5,03;252;17/08/2026;1;51260,15;False;PUBLICA;-
LF002400JBZ;-;BANCO SAFRA S/A;LF;False;0;-;IPCA;100;6,09;252;15/05/2045;2;50000;False;PUBLICA;-
LF002500B6N;-;ITAU UNIBANCO S.A.;LF;False;0;-;DI;101;-;-;17/04/2028;8;53119,32;False;PUBLICA;-
LF002400AJU;-;ITAU UNIBANCO S.A.;LF;False;0;-;IPCA;100;6,19;252;16/04/2029;1;5000000;False;PUBLICA;-
LF002100CB7;-;BANCO SAFRA S/A;LF;False;0;-;IPCA;100;5,27;252;17/08/2026;10;50000;False;PUBLICA;-
LF002400DBB;-;BANCO SAFRA S/A;LF;False;0;-;IPCA;100;6,08;252;15/05/2045;1;50000;False;PUBLICA;-
LFSC22002ST;BRITUBLFI1M4;ITAU UNIBANCO HOLDING S.A;LFSC;False;0;-;DI;100;2,4;252;29/09/9999;1;300000;False;PUBLICA;-
LF002303D5A;-;BANCO SAFRA S/A;LF;False;0;-;IPCA;100;6,38;252;15/05/2029;70;50000;False;PUBLICA;-
LF0021003BO;-;BANCO SAFRA S/A;LF;False;0;-;IPCA;100;3,71;252;17/08/2026;8;50000;False;PUBLICA;-
LF002100BAC;-;BANCO SAFRA S/A;LF;False;0;-;IPCA;100;4,67;252;17/08/2026;2;50000;False;PUBLICA;-
LF002400O4U;-;ITAU UNIBANCO S.A.;LF;False;0;-;IPCA;100;6,74;252;08/09/2026;50;124480;False;PUBLICA;-
LF0021008ZW;-;BANCO SAFRA S/A;LF;False;0;-;IPCA;100;4,18;252;17/08/2026;1;53000;False;PUBLICA;-
LF0021006P9;-;BANCO SAFRA S/A;LF;False;0;-;IPCA;100;4,02;252;17/08/2026;16;50000;False;PUBLICA;-
LF002400I4J;-;BANCO SAFRA S/A;LF;False;0;-;PREFIXADO;-;11,82;252;10/07/2028;7;53235,602858;False;PUBLICA;-
LF002400NIP;-;ITAU UNIBANCO S.A.;LF;False;0;-;DI;102;-;-;31/08/2026;874;50000;False;PUBLICA;-
LF0024009YA;BRCAMRLFI2R0;BANCO RCI BRASIL S.A.;LF;False;0;-;DI;100;0,7;252;09/04/2027;5804;50000;False;PUBLICA;-
LF002400JNX;-;BANCO SAFRA S/A;LF;False;0;-;IPCA;100;6,65;252;23/07/2029;60;50000;False;PUBLICA;-
LF002400QW8;-;BANCO SAFRA S/A;LF;False;0;-;IPCA;100;6,23;252;15/05/2045;1;57900;False;PUBLICA;-
LF002307XNH;BRDCLSLFI0P5;BANCO MERCEDES BENZ DO BRASIL S/A;LF;False;0;-;DI;100;1;252;23/10/2026;1386;100000;False;PUBLICA;-
LF002400G3R;BRBSAFLNNDE9;BANCO SAFRA S/A;LF;False;0;-;DI;100;0,45;252;20/08/2026;92;50000;False;PUBLICA;-
LF0025009Y0;-;ITAU UNIBANCO S.A.;LF;False;0;-;DI;101,5;-;-;17/04/2028;190;50000;False;PUBLICA;-
LF002400IF4;-;ITAU UNIBANCO S.A.;LF;False;0;-;DI;102;-;-;15/07/2027;66;53830,3;False;PUBLICA;-
LF002100GV0;-;BANCO SAFRA S/A;LF;False;0;-;IPCA;100;5,07;252;17/08/2026;6;50000;False;PUBLICA;-
LF002100OSN;-;BANCO SAFRA S/A;LF;False;0;-;IPCA;100;5,29;252;17/08/2026;1;50000;False;PUBLICA;-
LF0021004HE;-;BANCO SAFRA S/A;LF;False;0;-;IPCA;100;4,05;252;17/08/2026;1;87000;False;PUBLICA;-
LF0021003PH;-;BANCO SAFRA S/A;LF;False;0;-;IPCA;100;3,88;252;17/08/2026;1;451000;False;PUBLICA;-
LF002500FI8;BRBBDCLFCFO9;BANCO BRADESCO S/A;LF;False;0;-;PREFIXADO;-;13,33;252;05/07/2032;1042;50000;False;PUBLICA;-
LF002100FN4;-;BANCO SAFRA S/A;LF;False;0;-;IPCA;100;5,13;252;30/09/2031;2;62500;False;PUBLICA;-
LF002400M4N;-;BANCO SAFRA S/A;LF;False;0;-;IPCA;100;5,63;252;18/08/2027;2;50000;False;PUBLICA;-
LF002100E7J;-;BANCO SAFRA S/A;LF;False;0;-;PREFIXADO;-;10,93;252;10/09/2026;1;50000;False;PUBLICA;-
LF002400V13;BRBFIALFI6B6;BANCO STELLANTIS S.A.;LF;False;0;-;DI;100;0,65;252;07/11/2028;1665;50000;False;PUBLICA;-
LF0021002VP;-;BANCO SAFRA S/A;LF;False;0;-;IPCA;100;4,13;252;15/05/2035;1;50000;False;PUBLICA;-
LF0021009F9;-;BANCO SAFRA S/A;LF;False;0;-;IPCA;100;4,15;252;17/08/2026;60;50000;False;PUBLICA;-
LF0022004UN;BRBSAFLNN2L5;BANCO SAFRA S/A;LF;False;0;-;DI;100;1,35;252;10/02/2027;240;50000;False;PUBLICA;-
LF0023000CF;BRBSAFLNN9H8;BANCO SAFRA S/A;LF;False;0;-;IPCA;100;7,03;252;04/01/2030;3;100000;False;PUBLICA;-
LFSN21003NB;BRBITALFIXH8;ITAU UNIBANCO HOLDING S.A;LFSN;False;0;-;DI;100;2;252;22/09/2031;1;400000;False;PUBLICA;-
LFSN21003NJ;BRBITALFIXG0;ITAU UNIBANCO HOLDING S.A;LFSN;False;0;-;DI;100;2;252;21/10/2031;5;400000;False;PUBLICA;-
LF002400TUV;-;ITAU UNIBANCO S.A.;LF;False;0;-;DI;102;-;-;16/11/2027;10;50000;False;PUBLICA;-
LF002600900;-;ITAU UNIBANCO S.A.;LF;False;0;-;DI;101,5;-;-;26/03/2031;300;50000;False;PUBLICA;-
LFSN21003IX;BRBITALFIX72;ITAU UNIBANCO HOLDING S.A;LFSN;False;0;-;DI;100;2;252;22/09/2031;2;400000;False;PUBLICA;-
LF002400AK4;-;BANCO SAFRA S/A;LF;False;0;-;PREFIXADO;-;12;252;17/04/2029;60;50000;False;PUBLICA;-
LF002600ES3;-;ITAU UNIBANCO S.A.;LF;False;0;-;DI;102;-;-;15/06/2029;40;50000;False;PUBLICA;-
LFSC23006TD;BRITUBLFI1R3;ITAU UNIBANCO HOLDING S.A;LFSC;False;0;-;DI;100;1,9;252;09/11/9999;11;350000;False;PUBLICA;-
LF002100CII;-;BANCO SAFRA S/A;LF;False;0;-;IPCA;100;5,11;252;17/08/2026;1;50000;False;PUBLICA;-
LF002303I2X;-;BANCO SAFRA S/A;LF;False;0;-;PREFIXADO;-;11,42;252;24/05/2027;4;50000;False;PUBLICA;-
LFSN21003DA;BRBITALFIX07;ITAU UNIBANCO HOLDING S.A;LFSN;False;0;-;DI;100;2;252;21/10/2031;12;400000;False;PUBLICA;-
LF0021009PR;-;BANCO SAFRA S/A;LF;False;0;-;IPCA;100;4,14;252;17/08/2026;10;54400;False;PUBLICA;-
LF002400DBJ;-;ITAU UNIBANCO S.A.;LF;False;0;-;DI;103;-;-;16/05/2028;250;50000;False;PUBLICA;-
LF002100C4T;-;BANCO SAFRA S/A;LF;False;0;-;PREFIXADO;-;10,06;252;20/08/2026;1;50000;False;PUBLICA;-
LF002100BWN;-;BANCO SAFRA S/A;LF;False;0;-;IPCA;100;4,81;252;17/08/2026;1;221000;False;PUBLICA;-
LF002100F2F;-;BANCO SAFRA S/A;LF;False;0;-;IPCA;100;4,94;252;17/08/2026;3;50000;False;PUBLICA;-
LFSN21001Q3;BRBSAFLFNNU0;BANCO SAFRA S/A;LFSN;False;0;-;IPCA;-;6;252;17/05/2028;2;1000000;False;PUBLICA;-
LF002100CKU;-;BANCO SAFRA S/A;LF;False;0;-;IPCA;100;5,02;252;17/08/2026;6;50000;False;PUBLICA;-
LF0021002X0;-;BANCO SAFRA S/A;LF;False;0;-;IPCA;100;3,62;252;17/08/2026;10;50000;False;PUBLICA;-
LFSC22002DI;BRITUBLFI1J0;ITAU UNIBANCO HOLDING S.A;LFSC;False;0;-;DI;100;2,4;252;26/09/9999;13;300000;False;PUBLICA;-
LF002400IRN;-;ITAU UNIBANCO S.A.;LF;False;0;-;DI;101,8;-;-;17/08/2026;42;50000;False;PUBLICA;-
LF0023073V7;-;BANCO SAFRA S/A;LF;False;0;-;PREFIXADO;-;10,8;252;15/09/2027;13;51538,461539;False;PUBLICA;-
LF002100G35;-;BANCO SAFRA S/A;LF;False;0;-;IPCA;100;5,06;252;17/08/2026;1;50000;False;PUBLICA;-
LF0021004FV;-;BANCO SAFRA S/A;LF;False;0;-;IPCA;100;4,01;252;17/08/2026;1;50000;False;PUBLICA;-
LF002100PAG;-;BANCO SAFRA S/A;LF;False;0;-;IPCA;100;5,22;252;17/08/2026;3;50000;False;PUBLICA;-
LF002100IJ7;-;BANCO SAFRA S/A;LF;False;0;-;IPCA;100;5,82;252;17/08/2026;5;52000;False;PUBLICA;-
LFSC22002DJ;BRITUBLFI1J0;ITAU UNIBANCO HOLDING S.A;LFSC;False;0;-;DI;100;2,4;252;26/09/9999;6;300000;False;PUBLICA;-
LF0021004TW;-;BANCO SAFRA S/A;LF;False;0;-;IPCA;100;5,3;252;16/04/2027;4;83750;False;PUBLICA;-
LF002400RYX;-;BANCO SAFRA S/A;LF;False;0;-;DI;103;-;-;11/10/2027;80;50000;False;PUBLICA;-
LF002100H21;-;BANCO SAFRA S/A;LF;False;0;-;IPCA;100;5,15;252;17/08/2026;1;60000;False;PUBLICA;-
LF002400LQB;-;ITAU UNIBANCO S.A.;LF;False;0;-;DI;102;-;-;16/08/2027;1;2700000;False;PUBLICA;-
LF002200773;-;BANCO SAFRA S/A;LF;False;0;-;IPCA;100;5,92;252;17/08/2026;4;50000;False;PUBLICA;-
LF002200G2F;-;BANCO SAFRA S/A;LF;False;0;-;IPCA;100;6,13;252;15/05/2035;1;50000;False;PUBLICA;-
LF002400PD6;-;ITAU UNIBANCO S.A.;LF;False;0;-;DI;102;-;-;15/10/2027;1173;50008,53;False;PUBLICA;-
LF0022009LM;-;BANCO SAFRA S/A;LF;False;0;-;IPCA;100;5,81;252;24/03/2032;1;50000;False;PUBLICA;-
LF0021004OZ;-;BANCO SAFRA S/A;LF;False;0;-;IPCA;100;4,14;252;17/08/2026;1;50000;False;PUBLICA;-
LFSN21001PJ;BRBSAFLFNNR6;BANCO SAFRA S/A;LFSN;False;0;-;DI;100;2;252;15/05/2028;12;300000;False;PUBLICA;-
LF0025009HG;-;ITAU UNIBANCO S.A.;LF;False;0;-;DI;101;-;-;17/04/2028;20;50000;False;PUBLICA;-
LF0023011CP;-;ITAU UNIBANCO S.A.;LF;False;0;-;PREFIXADO;-;14,25;252;18/02/2033;1;200000;False;PUBLICA;-
LF002400M5K;-;BANCO SAFRA S/A;LF;False;0;-;IPCA;100;6,35;252;15/05/2029;4;50000;False;PUBLICA;-
LF0021003P8;-;BANCO SAFRA S/A;LF;False;0;-;IPCA;100;3,99;252;17/08/2026;2;50000;False;PUBLICA;-
LF002306RU3;-;BANCO BRADESCO S/A;LF;False;0;-;IPCA;100;5,11;252;15/05/2035;1;50000;False;PUBLICA;-
LFSC23006HR;BRITUBLFI1P7;ITAU UNIBANCO HOLDING S.A;LFSC;False;0;-;DI;100;1,9;252;07/11/9999;2;350000;False;PUBLICA;-
LF002302RP0;-;ITAU UNIBANCO S.A.;LF;False;0;-;PREFIXADO;-;12,38;252;26/04/2027;1;61000;False;PUBLICA;-
LF0021006UX;-;BANCO SAFRA S/A;LF;False;0;-;IPCA;100;3,86;252;17/08/2026;5;50000;False;PUBLICA;-
LF002600BZ5;-;ITAU UNIBANCO S.A.;LF;False;0;-;DI;101,5;-;-;27/04/2029;10;50000;False;PUBLICA;-
LF0021008SY;-;BANCO SAFRA S/A;LF;False;0;-;IPCA;100;4,2;252;17/08/2026;2;57000;False;PUBLICA;-
LF0021009XK;-;BANCO SAFRA S/A;LF;False;0;-;IPCA;100;4,04;252;17/08/2026;1;94000;False;PUBLICA;-
LF0021006TD;-;BANCO SAFRA S/A;LF;False;0;-;IPCA;100;4,71;252;28/05/2031;1;50000;False;PUBLICA;-
LF002500A11;-;ITAU UNIBANCO S.A.;LF;False;0;-;DI;101,5;-;-;17/04/2028;120;50000;False;PUBLICA;-
LF002400UH9;-;ITAU UNIBANCO S.A.;LF;False;0;-;DI;102;-;-;18/11/2027;300;50000;False;PUBLICA;-
LF0021004FG;-;BANCO SAFRA S/A;LF;False;0;-;IPCA;100;4,04;252;17/08/2026;1;156000;False;PUBLICA;-
LF002308DUQ;-;ITAU UNIBANCO S.A.;LF;False;0;-;PREFIXADO;-;11,32;252;08/12/2033;1;650000;False;PUBLICA;-
LF002600MT9;-;ITAU UNIBANCO S.A.;LF;False;0;-;PREFIXADO;-;13,85;252;05/08/2030;11;50000;False;PUBLICA;-
LF0022007AY;-;BANCO SAFRA S/A;LF;False;0;-;IPCA;100;5,97;252;17/08/2026;2;50000;False;PUBLICA;-
LF0025002OL;-;ITAU UNIBANCO S.A.;LF;False;0;-;DI;102;-;-;15/02/2028;38;50000;False;PUBLICA;-
LF002400L5R;BRBSAFLNNDP5;BANCO SAFRA S/A;LF;False;0;-;DI;100;0,4;252;08/01/2027;102;50000;False;PUBLICA;-
LF002400JCB;-;ITAU UNIBANCO S.A.;LF;False;0;-;DI;102;-;-;16/08/2027;7;54714,29;False;PUBLICA;-
LF002100LPK;BRBSAFLFE125;BANCO SAFRA S/A;LF;False;0;-;IPCA;100;5,36;252;16/11/2026;3;65333,333334;False;PUBLICA;-
LF0021007OQ;-;BANCO SAFRA S/A;LF;False;0;-;IPCA;100;4,66;252;16/06/2031;1;86000;False;PUBLICA;-
LF002100CIN;-;BANCO SAFRA S/A;LF;False;0;-;IPCA;100;5,13;252;18/08/2026;1;50000;False;PUBLICA;-
LF002400IEZ;-;BANCO SAFRA S/A;LF;False;0;-;IPCA;100;6,25;252;15/05/2029;2;50000;False;PUBLICA;-
LF002100IXT;-;BANCO SAFRA S/A;LF;False;0;-;IPCA;100;5,89;252;17/08/2026;4;50000;False;PUBLICA;-
LF002100G76;-;BANCO SAFRA S/A;LF;False;0;-;IPCA;100;5,17;252;17/08/2026;2;67000;False;PUBLICA;-
LF002400G3W;BRBSAFLNNDE9;BANCO SAFRA S/A;LF;False;0;-;DI;100;0,45;252;20/08/2026;4;50000;False;PUBLICA;-
LF002304E6J;-;BANCO SAFRA S/A;LF;False;0;-;PREFIXADO;-;11,37;252;21/06/2028;30;50000;False;PUBLICA;-
LF002400Q48;-;BANCO SAFRA S/A;LF;False;0;-;IPCA;100;6,13;252;28/09/2026;10;50000;False;PUBLICA;-
LF002600ID5;BRAGBKLFI493;BANCO AGIBANK S/A;LF;False;0;-;DI;100;0,75;252;18/06/2029;3900;50000;False;PUBLICA;-
LF002400PJG;BRBSAFLNNE56;BANCO SAFRA S/A;LF;False;0;-;IPCA;100;7,01;252;20/09/2029;260;50000;False;PUBLICA;-
LF0021004HN;-;BANCO SAFRA S/A;LF;False;0;-;IPCA;100;4,05;252;17/08/2026;5;50000;False;PUBLICA;-
LF00210045O;-;BANCO SAFRA S/A;LF;False;0;-;IPCA;100;4,4;252;05/04/2027;1;96000;False;PUBLICA;-
LF002400H50;-;ITAU UNIBANCO S.A.;LF;False;0;-;PREFIXADO;-;12,59;252;27/06/2031;1;300000;False;PUBLICA;-
LF002400RTF;-;ITAU UNIBANCO S.A.;LF;False;0;-;DI;102;-;-;15/10/2027;40;50000;False;PUBLICA;-
LF002400R7F;-;ITAU UNIBANCO S.A.;LF;False;0;-;DI;102;-;-;15/10/2027;70;50000;False;PUBLICA;-
LF0022000D4;-;BANCO SAFRA S/A;LF;False;0;-;IPCA;100;5,75;252;17/08/2026;3;50266,666667;False;PUBLICA;-
LFSC2200286;BRITUBLFI1H4;ITAU UNIBANCO HOLDING S.A;LFSC;False;0;-;DI;100;2,4;252;22/09/9999;8;300000;False;PUBLICA;-
LF002400IS4;-;ITAU UNIBANCO S.A.;LF;False;0;-;PREFIXADO;-;12;252;16/07/2035;1;400000;False;PUBLICA;-
LF002400MYR;-;ITAU UNIBANCO S.A.;LF;False;0;-;DI;102;-;-;24/08/2026;74;50000;False;PUBLICA;-
LF002500AER;-;ITAU UNIBANCO S.A.;LF;False;0;-;DI;101;-;-;19/04/2027;1;50000;False;PUBLICA;-
LF0022001EN;-;BANCO SAFRA S/A;LF;False;0;-;IPCA;100;5,69;252;17/08/2026;10;50000;False;PUBLICA;-
LF0021002T4;-;BANCO SAFRA S/A;LF;False;0;-;IPCA;100;4,41;252;15/03/2027;2;65000;False;PUBLICA;-
LF0024009NP;-;BANCO SAFRA S/A;LF;False;0;-;IPCA;100;4,99;252;07/04/2027;2;50000;False;PUBLICA;-
LF002600N8Y;-;ITAU UNIBANCO S.A.;LF;False;0;-;DI;101,5;-;-;15/08/2029;100;50000;False;PUBLICA;-
LF002400MYN;-;ITAU UNIBANCO S.A.;LF;False;0;-;DI;102;-;-;15/09/2027;19;50947,37;False;PUBLICA;-
LF002400KV3;BRBSAFLNNDN0;BANCO SAFRA S/A;LF;False;0;-;DI;100;0,4;252;05/01/2027;2000;50000;False;PUBLICA;-
LF002100AEW;-;BANCO SAFRA S/A;LF;False;0;-;IPCA;100;4,34;252;17/08/2026;6;50000;False;PUBLICA;-
LF002400L3P;-;BANCO SAFRA S/A;LF;False;0;-;IPCA;100;5,98;252;15/05/2029;3;50000;False;PUBLICA;-
LF002400RP4;-;BANCO SAFRA S/A;LF;False;0;-;IPCA;100;6,44;252;15/05/2045;1;50000;False;PUBLICA;-
LF002100CQE;-;BANCO SAFRA S/A;LF;False;0;-;IPCA;100;5,5;252;24/08/2026;3;50000;False;PUBLICA;-
LFSC22002SZ;BRITUBLFI1M4;ITAU UNIBANCO HOLDING S.A;LFSC;False;0;-;DI;100;2,4;252;29/09/9999;2;300000;False;PUBLICA;-
LF002100FN1;-;BANCO SAFRA S/A;LF;False;0;-;IPCA;100;5,13;252;30/09/2031;1;97000;False;PUBLICA;-
LF002100FEM;-;BANCO SAFRA S/A;LF;False;0;-;IPCA;100;5,06;252;17/08/2026;7;52857,142858;False;PUBLICA;-
LF0021007YE;-;BANCO SAFRA S/A;LF;False;0;-;IPCA;100;4,77;252;23/06/2031;1;70000;False;PUBLICA;-
LF0021002L1;-;BANCO SAFRA S/A;LF;False;0;-;IPCA;100;3,51;252;17/08/2026;1;50000;False;PUBLICA;-
LF0021009LY;-;BANCO SAFRA S/A;LF;False;0;-;IPCA;100;4,18;252;17/08/2026;1;117000;False;PUBLICA;-
LF0022008K8;-;BANCO SAFRA S/A;LF;False;0;-;IPCA;100;6,52;252;17/03/2032;1;50000;False;PUBLICA;-
LF002400T2U;-;ITAU UNIBANCO S.A.;LF;False;0;-;DI;102;-;-;16/11/2027;5;54479,26;False;PUBLICA;-
LF002400SFW;-;ITAU UNIBANCO S.A.;LF;False;0;-;DI;101;-;-;13/10/2026;1000;50000;False;PUBLICA;-
LF0021006HC;-;BANCO SAFRA S/A;LF;False;0;-;IPCA;100;3,95;252;17/08/2026;2;60000;False;PUBLICA;-
LF002400LPY;-;BANCO SAFRA S/A;LF;False;0;-;DI;100;-;-;18/08/2026;1;50000;False;PUBLICA;-
LF002100A91;-;BANCO SAFRA S/A;LF;False;0;-;IPCA;100;4,62;252;15/05/2035;1;100000;False;PUBLICA;-
LF0022006M5;-;BANCO SAFRA S/A;LF;False;0;-;IPCA;100;5,74;252;17/08/2026;3;60000;False;PUBLICA;-
LF002500FNA;-;ITAU UNIBANCO S.A.;LF;False;0;-;DI;101,5;-;-;03/07/2028;455;63800;False;PUBLICA;-
LF002600FR1;-;ITAU UNIBANCO S.A.;LF;False;0;-;DI;101,5;-;-;26/05/2031;1678;50000;False;PUBLICA;-
LF002400URN;-;ITAU UNIBANCO S.A.;LF;False;0;-;DI;102;-;-;16/11/2027;22;52045,46;False;PUBLICA;-
LF002500NIM;-;ITAU UNIBANCO S.A.;LF;False;0;-;DI;101,5;-;-;25/10/2027;29;50000;False;PUBLICA;-
LF002400RP5;-;BANCO SAFRA S/A;LF;False;0;-;IPCA;100;6,44;252;15/05/2045;1;50000;False;PUBLICA;-
LF002200JBU;-;BANCO SAFRA S/A;LF;False;0;-;IPCA;100;6,44;252;17/08/2026;1;50000;False;PUBLICA;-
LF002100FNT;-;BANCO SAFRA S/A;LF;False;0;-;IPCA;100;5,02;252;17/08/2026;5;50000;False;PUBLICA;-
LF002400F6Q;-;BANCO SAFRA S/A;LF;False;0;-;IPCA;100;6,28;252;15/05/2029;3;50000;False;PUBLICA;-
LF002400O86;-;ITAU UNIBANCO S.A.;LF;False;0;-;DI;102;-;-;15/09/2027;17;50000;False;PUBLICA;-
LF00210048F;-;BANCO SAFRA S/A;LF;False;0;-;IPCA;100;4,08;252;17/08/2026;1;50000;False;PUBLICA;-
LF002100GX7;-;BANCO SAFRA S/A;LF;False;0;-;IPCA;100;5,05;252;17/08/2026;1;50000;False;PUBLICA;-
LF002100NTK;BRBSAFLFEWO3;BANCO SAFRA S/A;LF;False;0;-;IPCA;100;5,82;252;02/12/2027;4;55000;False;PUBLICA;-
LF002400KXG;-;ITAU UNIBANCO S.A.;LF;False;0;-;DI;102;-;-;16/08/2027;80;54875;False;PUBLICA;-
LF0021002YO;-;BANCO SAFRA S/A;LF;False;0;-;IPCA;100;3,62;252;17/08/2026;10;50000;False;PUBLICA;-
LF002100LP9;BRBSAFLFE091;BANCO SAFRA S/A;LF;False;0;-;IPCA;100;5,55;252;17/08/2026;1;50000;False;PUBLICA;-
LF0023000D9;-;ITAU UNIBANCO S.A.;LF;False;0;-;PREFIXADO;-;14,09;252;04/01/2033;1;249298;False;PUBLICA;-
LF002100GJ9;-;BANCO SAFRA S/A;LF;False;0;-;IPCA;100;5,06;252;17/08/2026;1;156000;False;PUBLICA;-
LF0021009XV;-;BANCO SAFRA S/A;LF;False;0;-;IPCA;100;4,04;252;17/08/2026;2;50000;False;PUBLICA;-
LF002400MQ3;-;ITAU UNIBANCO S.A.;LF;False;0;-;DI;102,4;-;-;15/09/2027;100;50000;False;PUBLICA;-
LF0026007YT;-;ITAU UNIBANCO S.A.;LF;False;0;-;DI;101,5;-;-;18/03/2030;40;50000;False;PUBLICA;-
LF002100HI5;-;BANCO SAFRA S/A;LF;False;0;-;IPCA;100;5,46;252;17/08/2026;4;50000;False;PUBLICA;-
LFSN21003JN;BRBITALFIX80;ITAU UNIBANCO HOLDING S.A;LFSN;False;0;-;DI;100;2;252;22/09/2031;394;400000;False;PUBLICA;-
LF00210085I;-;BANCO SAFRA S/A;LF;False;0;-;IPCA;100;4,26;252;17/08/2026;1;1018000;False;PUBLICA;-
LF002400JO6;-;ITAU UNIBANCO S.A.;LF;False;0;-;DI;102;-;-;16/08/2027;50;50000;False;PUBLICA;-
LF002200FMT;-;BANCO SAFRA S/A;LF;False;0;-;IPCA;100;6,81;252;31/05/2032;20;50000;False;PUBLICA;-
LFSN21003HX;BRBITALFIX72;ITAU UNIBANCO HOLDING S.A;LFSN;False;0;-;DI;100;2;252;22/09/2031;50;400000;False;PUBLICA;-
LF002100A5Z;-;BANCO SAFRA S/A;LF;False;0;-;IPCA;100;4,23;252;17/08/2026;6;50000;False;PUBLICA;-
LF0025007D7;-;ITAU UNIBANCO S.A.;LF;False;0;-;PREFIXADO;-;14,22;252;14/03/2028;10;50000;False;PUBLICA;-
LF00220086R;-;BANCO SAFRA S/A;LF;False;0;-;IPCA;100;5,95;252;17/08/2026;2;50000;False;PUBLICA;-
LFSC22002SW;BRITUBLFI1M4;ITAU UNIBANCO HOLDING S.A;LFSC;False;0;-;DI;100;2,4;252;29/09/9999;2;300000;False;PUBLICA;-
LF002100CTA;-;BANCO SAFRA S/A;LF;False;0;-;IPCA;100;5,52;252;25/08/2026;1;80000;False;PUBLICA;-
LF002100JBD;-;BANCO SAFRA S/A;LF;False;0;-;PREFIXADO;-;13,35;252;29/10/2026;10;50000;False;PUBLICA;-
LF002100FQY;-;BANCO SAFRA S/A;LF;False;0;-;IPCA;100;5,05;252;17/08/2026;3;53333,333334;False;PUBLICA;-
LFSN21003DO;BRBITALFIX23;ITAU UNIBANCO HOLDING S.A;LFSN;False;0;-;DI;100;2;252;21/10/2031;14;400000;False;PUBLICA;-
LFSN21003CY;BRBITALFIX15;ITAU UNIBANCO HOLDING S.A;LFSN;False;0;-;DI;100;2;252;22/09/2031;2;400000;False;PUBLICA;-
LF002400EG4;-;BANCO SAFRA S/A;LF;False;0;-;IPCA;100;6,09;252;15/05/2045;1;75000;False;PUBLICA;-
LF002100K58;BRBSAFLTRA27;BANCO SAFRA S/A;LF;False;0;-;IPCA;100;5,68;252;17/08/2026;1;50000;False;PUBLICA;-
LF002100H09;-;BANCO SAFRA S/A;LF;False;0;-;IPCA;100;5,15;252;17/08/2026;10;50000;False;PUBLICA;-
LFSN21003LE;BRBITALFIXA3;ITAU UNIBANCO HOLDING S.A;LFSN;False;0;-;DI;100;2;252;21/10/2031;9;400000;False;PUBLICA;-
LF002400S4W;-;ITAU UNIBANCO S.A.;LF;False;0;-;DI;102;-;-;15/10/2027;73;50000;False;PUBLICA;-
LF002100MMJ;BRBSAFLFEO30;BANCO SAFRA S/A;LF;False;0;-;IPCA;100;5,6;252;17/08/2026;2;50000;False;PUBLICA;-
LF002100CLJ;-;BANCO SAFRA S/A;LF;False;0;-;IPCA;100;5,02;252;17/08/2026;14;50000;False;PUBLICA;-
LF002400PZP;-;ITAU UNIBANCO S.A.;LF;False;0;-;PREFIXADO;-;12,23;252;24/09/2026;1;650000;False;PUBLICA;-
LF002500BXL;-;ITAU UNIBANCO S.A.;LF;False;0;-;DI;101;-;-;15/08/2028;200;50000;False;PUBLICA;-
LF0021007OX;-;BANCO SAFRA S/A;LF;False;0;-;IPCA;100;3,99;252;17/08/2026;1;773000;False;PUBLICA;-
LFSC22002SV;BRITUBLFI1M4;ITAU UNIBANCO HOLDING S.A;LFSC;False;0;-;DI;100;2,4;252;29/09/9999;3;300000;False;PUBLICA;-
LF002400L5U;BRBSAFLNNDP5;BANCO SAFRA S/A;LF;False;0;-;DI;100;0,4;252;08/01/2027;25;50000;False;PUBLICA;-
LF002400J1H;-;ITAU UNIBANCO S.A.;LF;False;0;-;DI;102;-;-;16/08/2027;5700;50000;False;PUBLICA;-
LF0021002LG;-;BANCO SAFRA S/A;LF;False;0;-;IPCA;100;4,27;252;10/03/2031;1;75000;False;PUBLICA;-
LF002600NJJ;-;ITAU UNIBANCO S.A.;LF;False;0;-;PREFIXADO;-;14,17;252;12/08/2030;40;50000;False;PUBLICA;-
LFSN21003KC;BRBITALFIX80;ITAU UNIBANCO HOLDING S.A;LFSN;False;0;-;DI;100;2;252;22/09/2031;556;400000;False;PUBLICA;-
LF00220087V;-;BANCO SAFRA S/A;LF;False;0;-;IPCA;100;6,54;252;18/03/2032;2;50000;False;PUBLICA;-
LF0024007O3;-;ITAU UNIBANCO S.A.;LF;False;0;-;DI;103;-;-;08/03/2027;60;50000;False;PUBLICA;-
LF0023082AS;BRBPANLFIB75;BANCO PAN S/A;LF;False;0;-;IPCA;100;6,59;252;06/11/2029;94;50000;False;PUBLICA;-
LF002100FFD;-;BANCO SAFRA S/A;LF;False;0;-;IPCA;100;5,06;252;17/08/2026;2;73326;False;PUBLICA;-
LFSN21003EJ;BRBITALFIX56;ITAU UNIBANCO HOLDING S.A;LFSN;False;0;-;DI;100;2;252;22/09/2031;10;400000;False;PUBLICA;-
LF00210061X;-;BANCO SAFRA S/A;LF;False;0;-;IPCA;100;3,89;252;17/08/2026;2;50000;False;PUBLICA;-
LF002400L1P;-;ITAU UNIBANCO S.A.;LF;False;0;-;DI;102;-;-;16/08/2027;3280;50000;False;PUBLICA;-
LF002400KEA;-;BANCO SAFRA S/A;LF;False;0;-;IPCA;100;6,26;252;15/05/2029;1;50000;False;PUBLICA;-
LF002600LKB;-;ITAU UNIBANCO S.A.;LF;False;0;-;DI;101;-;-;15/08/2029;60;85407,37;False;PUBLICA;-
LF002303U9V;-;BANCO SAFRA S/A;LF;False;0;-;IPCA;100;5,88;252;01/06/2028;5;50000;False;PUBLICA;-
LF002100CTI;-;BANCO SAFRA S/A;LF;False;0;-;IPCA;100;4,93;252;17/08/2026;5;52000;False;PUBLICA;-
LF0021002Q4;-;BANCO SAFRA S/A;LF;False;0;-;IPCA;100;3,46;252;17/08/2026;2;50000;False;PUBLICA;-
LFSN21002VE;-;BANCO SAFRA S/A;LFSN;False;0;-;PREFIXADO;-;12,08;252;16/08/2028;1;300000;False;PUBLICA;-
LF002100GDP;-;BANCO SAFRA S/A;LF;False;0;-;IPCA;100;5,06;252;17/08/2026;1;50000;False;PUBLICA;-
LF002200LJG;-;ITAU UNIBANCO S.A.;LF;False;0;-;PREFIXADO;-;12,73;252;19/08/2032;1;80000;False;PUBLICA;-
LF0021008LV;-;BANCO SAFRA S/A;LF;False;0;-;IPCA;100;4,17;252;17/08/2026;16;51500;False;PUBLICA;-
LFSC22002CC;BRITUBLFI1I2;ITAU UNIBANCO HOLDING S.A;LFSC;False;0;-;DI;100;2,4;252;23/09/9999;1;300000;False;PUBLICA;-
LF002100A95;-;BANCO SAFRA S/A;LF;False;0;-;IPCA;100;4,27;252;17/08/2026;1;2966000;False;PUBLICA;-
LF002400T2V;-;ITAU UNIBANCO S.A.;LF;False;0;-;DI;102;-;-;16/11/2027;3200;50000;False;PUBLICA;-
LF002100CMB;-;BANCO SAFRA S/A;LF;False;0;-;IPCA;100;5,02;252;17/08/2026;18;50000;False;PUBLICA;-
LF002100IJB;-;BANCO SAFRA S/A;LF;False;0;-;IPCA;100;5,6;252;26/10/2026;20;51050;False;PUBLICA;-
LFSN21001Q9;BRBSAFLFNNU0;BANCO SAFRA S/A;LFSN;False;0;-;IPCA;-;6;252;17/05/2028;5;1000000;False;PUBLICA;-
LF002600NFA;-;ITAU UNIBANCO S.A.;LF;False;0;-;DI;101,5;-;-;15/08/2029;26;50000;False;PUBLICA;-
LF002100GJV;-;BANCO SAFRA S/A;LF;False;0;-;IPCA;100;5,04;252;17/08/2026;16;50000;False;PUBLICA;-
LF002200DHZ;-;BANCO SAFRA S/A;LF;False;0;-;IPCA;100;5,77;252;17/08/2026;4;50000;False;PUBLICA;-
LF00210085E;-;BANCO SAFRA S/A;LF;False;0;-;IPCA;100;4,63;252;15/05/2035;3;50000;False;PUBLICA;-
LF002400KHF;-;ITAU UNIBANCO S.A.;LF;False;0;-;DI;102;-;-;16/08/2027;160;50000;False;PUBLICA;-
LF00230809V;-;ITAU UNIBANCO S.A.;LF;False;0;-;IPCA;100;5,75;252;30/10/2026;1;2000000;False;PUBLICA;-
LF002100GXS;-;BANCO SAFRA S/A;LF;False;0;-;IPCA;100;5,05;252;17/08/2026;1;85000;False;PUBLICA;-
LFSN21001Q8;BRBSAFLFNNU0;BANCO SAFRA S/A;LFSN;False;0;-;IPCA;-;6;252;17/05/2028;6;1000000;False;PUBLICA;-
LF002307YKV;BRCNHCLFI3I6;BANCO CNH INDUSTRIAL CAPITAL S/A;LF;False;0;-;DI;100;1,3;252;26/10/2027;2310;50000;False;PUBLICA;-
LF002100FND;-;BANCO SAFRA S/A;LF;False;0;-;IPCA;100;5,4;252;30/09/2026;15;50000;False;PUBLICA;-
LF002400ML6;-;ITAU UNIBANCO S.A.;LF;False;0;-;DI;102;-;-;20/08/2026;224;50041,03;False;PUBLICA;-
LF002100CTF;-;BANCO SAFRA S/A;LF;False;0;-;IPCA;100;4,93;252;17/08/2026;1;50000;False;PUBLICA;-
LF0022006SF;-;BANCO SAFRA S/A;LF;False;0;-;IPCA;100;5,87;252;17/08/2026;10;50000;False;PUBLICA;-
LF00250007G;-;ITAU UNIBANCO S.A.;LF;False;0;-;PREFIXADO;-;15,54;252;04/01/2027;1;235000;False;PUBLICA;-
LF002308BE0;-;ITAU UNIBANCO S.A.;LF;False;0;-;DI;103,5;-;-;15/12/2027;16;54625;False;PUBLICA;-
LF0022000GK;-;BANCO SAFRA S/A;LF;False;0;-;IPCA;100;5,77;252;17/08/2026;1;51000;False;PUBLICA;-
LFSC220028H;BRITUBLFI1H4;ITAU UNIBANCO HOLDING S.A;LFSC;False;0;-;DI;100;2,4;252;22/09/9999;150;300000;False;PUBLICA;-
LF002400RZ4;-;ITAU UNIBANCO S.A.;LF;False;0;-;DI;102;-;-;15/10/2027;40;51625;False;PUBLICA;-
LF00210031Z;-;BANCO SAFRA S/A;LF;False;0;-;IPCA;100;3,71;252;17/08/2026;1;50000;False;PUBLICA;-
LF002400GVU;-;ITAU UNIBANCO S.A.;LF;False;0;-;DI;102;-;-;15/07/2027;26;50000;False;PUBLICA;-
LF002400AEY;-;ITAU UNIBANCO S.A.;LF;False;0;-;DI;103;-;-;15/04/2027;25;50400;False;PUBLICA;-
LF002100NTG;BRBSAFLFEWO3;BANCO SAFRA S/A;LF;False;0;-;IPCA;100;5,82;252;02/12/2027;4;55000;False;PUBLICA;-
LF0021006ND;-;BANCO SAFRA S/A;LF;False;0;-;IPCA;100;3,97;252;17/08/2026;1;50000;False;PUBLICA;-
LF002200E7K;-;BANCO SAFRA S/A;LF;False;0;-;IPCA;100;5,94;252;17/08/2026;1;50000;False;PUBLICA;-
LF0024012BH;-;ITAU UNIBANCO S.A.;LF;False;0;-;IPCA;100;8,08;252;14/12/2026;1;3000000;False;PUBLICA;-
LF002200075;-;BANCO SAFRA S/A;LF;False;0;-;IPCA;100;5,74;252;17/08/2026;5;54600;False;PUBLICA;-
LF002100EZ2;-;BANCO SAFRA S/A;LF;False;0;-;IPCA;100;4,88;252;17/08/2026;1;50000;False;PUBLICA;-
LF002100PQ3;-;BANCO SAFRA S/A;LF;False;0;-;IPCA;100;5,49;252;15/05/2035;5;60800;False;PUBLICA;-
LF0025003SG;-;ITAU UNIBANCO S.A.;LF;False;0;-;PREFIXADO;-;15,01;252;29/01/2035;1;160000;False;PUBLICA;-
LF002500CL6;-;ITAU UNIBANCO S.A.;LF;False;0;-;DI;101;-;-;15/05/2028;20;59000;False;PUBLICA;-
LF002400PFU;-;BANCO SAFRA S/A;LF;False;0;-;IPCA;100;6,33;252;18/09/2045;6;50000;False;PUBLICA;-
LF002400JW4;BRBSAFLNNDL4;BANCO SAFRA S/A;LF;False;0;-;DI;100;0,4;252;28/09/2026;67;50000;False;PUBLICA;-
LF002500OLA;-;ITAU UNIBANCO S.A.;LF;False;0;-;IPCA;100;8,17;252;12/11/2027;40;50000;False;PUBLICA;-
LF002100G6P;-;BANCO SAFRA S/A;LF;False;0;-;IPCA;100;5,17;252;17/08/2026;4;55000;False;PUBLICA;-
LF002400J1K;-;ITAU UNIBANCO S.A.;LF;False;0;-;DI;102;-;-;16/08/2027;20;50000;False;PUBLICA;-
LF002400U6G;-;ITAU UNIBANCO S.A.;LF;False;0;-;DI;102;-;-;29/10/2026;100;50000;False;PUBLICA;-
LF002100JB8;-;BANCO SAFRA S/A;LF;False;0;-;IPCA;100;6,01;252;17/08/2026;2;62500;False;PUBLICA;-
LF00220047H;-;BANCO SAFRA S/A;LF;False;0;-;IPCA;100;5,53;252;17/08/2026;1;85000;False;PUBLICA;-
LF002100E2V;-;BANCO SAFRA S/A;LF;False;0;-;IPCA;100;5,12;252;17/08/2026;2;50500;False;PUBLICA;-
LF002400AP6;-;ITAU UNIBANCO S.A.;LF;False;0;-;DI;103;-;-;17/05/2027;170;50000;False;PUBLICA;-
LF002400I7D;-;ITAU UNIBANCO S.A.;LF;False;0;-;DI;102;-;-;15/07/2027;100;50000;False;PUBLICA;-
LF002100A2A;-;BANCO SAFRA S/A;LF;False;0;-;IPCA;100;4,08;252;17/08/2026;1;50000;False;PUBLICA;-
LF002200JDP;-;BANCO SAFRA S/A;LF;False;0;-;IPCA;100;6,69;252;16/05/2035;6;50000;False;PUBLICA;-
LF0021002B7;-;BANCO SAFRA S/A;LF;False;0;-;IPCA;100;3,46;252;17/08/2026;8;50000;False;PUBLICA;-
LF0021002I8;-;BANCO SAFRA S/A;LF;False;0;-;IPCA;100;3,4;252;17/08/2026;1;79000;False;PUBLICA;-
LF002600H2Q;-;ITAU UNIBANCO S.A.;LF;False;0;-;PREFIXADO;-;14,16;252;08/06/2028;1;60000;False;PUBLICA;-
LF002307XPA;-;BANCO SAFRA S/A;LF;False;0;-;PREFIXADO;-;12,16;252;24/01/2028;42;50000;False;PUBLICA;-
LFSC220027Y;BRITUBLFI1H4;ITAU UNIBANCO HOLDING S.A;LFSC;False;0;-;DI;100;2,4;252;22/09/9999;18;300000;False;PUBLICA;-
LF002400FI4;-;ITAU UNIBANCO S.A.;LF;False;0;-;PREFIXADO;-;12,57;252;13/06/2031;1;300000;False;PUBLICA;-
LF002100EZ1;-;BANCO SAFRA S/A;LF;False;0;-;IPCA;100;4,88;252;17/08/2026;6;50000;False;PUBLICA;-
LF002100H98;-;BANCO SAFRA S/A;LF;False;0;-;IPCA;100;5,5;252;15/05/2035;6;50000;False;PUBLICA;-
LF002400AE8;-;ITAU UNIBANCO S.A.;LF;False;0;-;DI;103;-;-;15/04/2027;144;50000;False;PUBLICA;-
LF002100OT6;-;BANCO SAFRA S/A;LF;False;0;-;IPCA;100;5,29;252;17/08/2026;2;50000;False;PUBLICA;-
LFSC23006I8;BRITUBLFI1P7;ITAU UNIBANCO HOLDING S.A;LFSC;False;0;-;DI;100;1,9;252;07/11/9999;19;350000;False;PUBLICA;-
LF002100JBH;-;BANCO SAFRA S/A;LF;False;0;-;IPCA;100;6,01;252;17/08/2026;1;55000;False;PUBLICA;-
LFSN21003TQ;BRBITALFIXI6;ITAU UNIBANCO HOLDING S.A;LFSN;False;0;-;DI;100;2;252;22/09/2031;35;400000;False;PUBLICA;-
LF002100K6B;BRBSAFLTRA27;BANCO SAFRA S/A;LF;False;0;-;IPCA;100;5,68;252;17/08/2026;1;50000;False;PUBLICA;-
LF0021009CE;-;BANCO SAFRA S/A;LF;False;0;-;IPCA;100;4,13;252;17/08/2026;5;55100;False;PUBLICA;-
LF002100853;-;BANCO SAFRA S/A;LF;False;0;-;IPCA;100;4,26;252;17/08/2026;1;50000;False;PUBLICA;-
LF0025004RR;-;ITAU UNIBANCO S.A.;LF;False;0;-;IPCA;100;7,75;252;12/02/2027;4;60000;False;PUBLICA;-
LF002200CMR;-;BANCO SAFRA S/A;LF;False;0;-;IPCA;100;6,01;252;15/05/2035;1;60000;False;PUBLICA;-
LF002100J9W;-;BANCO SAFRA S/A;LF;False;0;-;IPCA;100;6,01;252;17/08/2026;1;70000;False;PUBLICA;-
LF002301AM5;-;ITAU UNIBANCO S.A.;LF;False;0;-;PREFIXADO;-;14,36;252;03/03/2033;1;500000;False;PUBLICA;-
LF002400TUU;-;ITAU UNIBANCO S.A.;LF;False;0;-;DI;102;-;-;16/11/2027;40;50000;False;PUBLICA;-
LF0021002Z6;-;BANCO SAFRA S/A;LF;False;0;-;IPCA;100;4,47;252;18/03/2031;1;171000;False;PUBLICA;-
LF0022009LH;-;BANCO SAFRA S/A;LF;False;0;-;IPCA;100;5,81;252;24/03/2032;1;50000;False;PUBLICA;-
LFSC23006T4;BRITUBLFI1R3;ITAU UNIBANCO HOLDING S.A;LFSC;False;0;-;DI;100;1,9;252;09/11/9999;251;350000;False;PUBLICA;-
LF002100O5T;-;BANCO SAFRA S/A;LF;False;0;-;IPCA;100;5,28;252;17/08/2026;4;50000;False;PUBLICA;-
LF0022001VM;-;BANCO SAFRA S/A;LF;False;0;-;IPCA;100;5,63;252;17/08/2026;2;86000;False;PUBLICA;-
LFSN21003HQ;BRBITALFIX64;ITAU UNIBANCO HOLDING S.A;LFSN;False;0;-;DI;100;2;252;21/10/2031;12;400000;False;PUBLICA;-
LF002500FYR;-;ITAU UNIBANCO S.A.;LF;False;0;-;DI;101,5;-;-;12/07/2027;124;50000;False;PUBLICA;-
LF002400AEQ;-;ITAU UNIBANCO S.A.;LF;False;0;-;DI;103;-;-;15/04/2027;14;50000;False;PUBLICA;-
LF0021006YQ;-;BANCO SAFRA S/A;LF;False;0;-;IPCA;100;4,61;252;04/06/2031;1;165000;False;PUBLICA;-
LF002100FF1;-;BANCO SAFRA S/A;LF;False;0;-;IPCA;100;5,06;252;17/08/2026;2;50000;False;PUBLICA;-
LF002100C52;-;BANCO SAFRA S/A;LF;False;0;-;IPCA;100;4,87;252;17/08/2026;3;56666,666667;False;PUBLICA;-
LF002100JX7;BRBSAFLTR9D7;BANCO SAFRA S/A;LF;False;0;-;IPCA;100;5,61;252;17/08/2026;1;80000;False;PUBLICA;-
LF0021002T8;-;BANCO SAFRA S/A;LF;False;0;-;IPCA;100;4,16;252;15/05/2035;2;81000;False;PUBLICA;-
LF002600CH2;-;ITAU UNIBANCO S.A.;LF;False;0;-;IPCA;100;7,24;252;30/04/2030;10;50000;False;PUBLICA;-
LF002400O51;-;ITAU UNIBANCO S.A.;LF;False;0;-;DI;102;-;-;15/09/2027;38;50571,06;False;PUBLICA;-
LF002400PYZ;-;BANCO SAFRA S/A;LF;False;0;-;IPCA;100;6,4;252;25/09/2045;1;50000;False;PUBLICA;-
LF002100B7J;-;BANCO SAFRA S/A;LF;False;0;-;IPCA;100;4,45;252;17/08/2026;8;50125;False;PUBLICA;-
LF002100CFK;-;BANCO SAFRA S/A;LF;False;0;-;IPCA;100;5,16;252;17/08/2026;1;55000;False;PUBLICA;-
LF002100GXK;-;BANCO SAFRA S/A;LF;False;0;-;IPCA;100;5,05;252;17/08/2026;20;50000;False;PUBLICA;-
LF002100EYE;-;BANCO SAFRA S/A;LF;False;0;-;IPCA;100;4,95;252;17/08/2026;4;53750;False;PUBLICA;-
LFSC23006OJ;BRITUBLFI1Q5;ITAU UNIBANCO HOLDING S.A;LFSC;False;0;-;DI;100;1,9;252;08/11/9999;217;350000;False;PUBLICA;-
LFSN21003HY;BRBITALFIX64;ITAU UNIBANCO HOLDING S.A;LFSN;False;0;-;DI;100;2;252;21/10/2031;13;400000;False;PUBLICA;-
LFSN21003DC;BRBITALFIX07;ITAU UNIBANCO HOLDING S.A;LFSN;False;0;-;DI;100;2;252;21/10/2031;7;400000;False;PUBLICA;-
LF002100D7T;-;BANCO SAFRA S/A;LF;False;0;-;IPCA;100;4,8;252;17/08/2026;1;65000;False;PUBLICA;-
LF002400R20;-;ITAU UNIBANCO S.A.;LF;False;0;-;DI;102;-;-;15/10/2027;94;50000;False;PUBLICA;-
LF002100D13;-;BANCO SAFRA S/A;LF;False;0;-;IPCA;100;4,73;252;17/08/2026;1;50000;False;PUBLICA;-
LF002100HQB;-;BANCO SAFRA S/A;LF;False;0;-;IPCA;100;6,15;252;21/10/2026;10;50000;False;PUBLICA;-
LF002100BA3;-;BANCO SAFRA S/A;LF;False;0;-;IPCA;100;4,67;252;17/08/2026;6;50000;False;PUBLICA;-
LF002100HC6;-;BANCO SAFRA S/A;LF;False;0;-;IPCA;100;5,37;252;17/08/2026;1;75000;False;PUBLICA;-
LF002600AOY;-;ITAU UNIBANCO S.A.;LF;False;0;-;DI;101,5;-;-;14/04/2031;30;59300;False;PUBLICA;-
LF0021004JE;-;BANCO SAFRA S/A;LF;False;0;-;IPCA;100;4,11;252;17/08/2026;1;51000;False;PUBLICA;-
LF0023000CE;BRBSAFLNN9H8;BANCO SAFRA S/A;LF;False;0;-;IPCA;100;7,03;252;04/01/2030;125;100000;False;PUBLICA;-
LF002100M8B;BRBSAFLFEAK7;BANCO SAFRA S/A;LF;False;0;-;IPCA;100;5,6;252;17/08/2026;1;85000;False;PUBLICA;-
LF002400URG;-;ITAU UNIBANCO S.A.;LF;False;0;-;DI;102;-;-;16/11/2027;11;53999,71;False;PUBLICA;-
LF002100ENQ;-;BANCO SAFRA S/A;LF;False;0;-;IPCA;100;4,91;252;17/08/2026;1;50000;False;PUBLICA;-
LF002400KV5;BRBSAFLNNDM2;BANCO SAFRA S/A;LF;False;0;-;DI;100;0,4;252;05/10/2026;34;50000;False;PUBLICA;-
LF0025000IC;-;ITAU UNIBANCO S.A.;LF;False;0;-;DI;102;-;-;17/01/2028;148;50213,22;False;PUBLICA;-
LF002500AKY;-;ITAU UNIBANCO S.A.;LF;False;0;-;IPCA;100;7,9;252;17/04/2028;4;55000;False;PUBLICA;-
LF002302UBO;-;ITAU UNIBANCO S.A.;LF;False;0;-;PREFIXADO;-;12,49;252;26/04/2028;1;600000;False;PUBLICA;-
LF002100CEO;-;BANCO SAFRA S/A;LF;False;0;-;IPCA;100;5,9;252;19/08/2026;10;99529;False;PUBLICA;-
LF002400M59;-;BANCO SAFRA S/A;LF;False;0;-;IPCA;100;6,35;252;15/05/2029;3;51000;False;PUBLICA;-
LF002500RUU;BRJBSBLFI068;PICPAY BANK - BANCO MULTIPLO S.A;LF;False;0;-;DI;100;1,7;360;22/12/2027;60;50000;False;PUBLICA;-
LF002100CFW;-;BANCO SAFRA S/A;LF;False;0;-;IPCA;100;5,17;252;17/08/2026;5;50000;False;PUBLICA;-
LF0021006SZ;-;BANCO SAFRA S/A;LF;False;0;-;IPCA;100;3,88;252;17/08/2026;1;115000;False;PUBLICA;-
LF002400G38;BRBSAFLNNDE9;BANCO SAFRA S/A;LF;False;0;-;DI;100;0,45;252;20/08/2026;26;50000;False;PUBLICA;-
LF002307A6X;-;BANCO SAFRA S/A;LF;False;0;-;PREFIXADO;-;10,71;252;22/09/2026;10;51500;False;PUBLICA;-
LF002100K51;BRBSAFLTRA27;BANCO SAFRA S/A;LF;False;0;-;IPCA;100;5,68;252;17/08/2026;1;50000;False;PUBLICA;-
LF002500LKM;-;ITAU UNIBANCO S.A.;LF;False;0;-;DI;100,5;-;-;17/01/2028;104;50277,72;False;PUBLICA;-
LF0023035L0;-;BANCO SAFRA S/A;LF;False;0;-;PREFIXADO;-;13,1;252;10/05/2029;5;54000;False;PUBLICA;-
LF002400L62;BRBSAFLNNDP5;BANCO SAFRA S/A;LF;False;0;-;DI;100;0,4;252;08/01/2027;191;50000;False;PUBLICA;-
LF002600LD5;-;ITAU UNIBANCO S.A.;LF;False;0;-;DI;101;-;-;15/08/2029;40;50000;False;PUBLICA;-
LF002301T4I;-;BANCO SAFRA S/A;LF;False;0;-;PREFIXADO;-;12,87;252;19/03/2029;4;57500;False;PUBLICA;-
LF002400U6F;-;ITAU UNIBANCO S.A.;LF;False;0;-;DI;102;-;-;16/11/2027;9;50000;False;PUBLICA;-
LF002600LD4;-;ITAU UNIBANCO S.A.;LF;False;0;-;DI;101,5;-;-;15/08/2029;9;50000;False;PUBLICA;-
LF002400JK7;-;ITAU UNIBANCO S.A.;LF;False;0;-;DI;102;-;-;16/08/2027;32;50000;False;PUBLICA;-
LF002100A5K;-;BANCO SAFRA S/A;LF;False;0;-;IPCA;100;4,23;252;17/08/2026;1;50000;False;PUBLICA;-
LF002400M4M;-;BANCO SAFRA S/A;LF;False;0;-;IPCA;100;6,35;252;15/05/2029;1;56394;False;PUBLICA;-
LF0021006XC;-;BANCO SAFRA S/A;LF;False;0;-;IPCA;100;3,86;252;17/08/2026;6;50000;False;PUBLICA;-
LF002100DHH;-;BANCO SAFRA S/A;LF;False;0;-;IPCA;100;5,01;252;31/08/2026;20;50000;False;PUBLICA;-
LF002100G3B;-;BANCO SAFRA S/A;LF;False;0;-;IPCA;100;5,25;252;06/10/2031;1;50000;False;PUBLICA;-
LF002100N95;BRBSAFLFES77;BANCO SAFRA S/A;LF;False;0;-;IPCA;100;5,52;252;17/08/2026;4;50000;False;PUBLICA;-
LF0021003BS;-;BANCO SAFRA S/A;LF;False;0;-;IPCA;100;4,39;252;15/05/2035;1;399000;False;PUBLICA;-
LF002100DH3;-;BANCO SAFRA S/A;LF;False;0;-;IPCA;100;4,76;252;17/08/2026;1;50000;False;PUBLICA;-
LF002100F2P;-;BANCO SAFRA S/A;LF;False;0;-;IPCA;100;4,96;252;17/08/2026;12;50000;False;PUBLICA;-
LF002100CI1;-;BANCO SAFRA S/A;LF;False;0;-;IPCA;100;5,11;252;17/08/2026;7;52142,857143;False;PUBLICA;-
LF002100JM3;BRBSAFLTR870;BANCO SAFRA S/A;LF;False;0;-;IPCA;100;5,85;252;17/08/2026;1;70000;False;PUBLICA;-
LFSN21001PD;BRBSAFLFNNR6;BANCO SAFRA S/A;LFSN;False;0;-;DI;100;2;252;15/05/2028;6;300000;False;PUBLICA;-
LF00210085D;-;BANCO SAFRA S/A;LF;False;0;-;IPCA;100;4,26;252;17/08/2026;1;500000;False;PUBLICA;-
LFSN21003DE;BRBITALFIX15;ITAU UNIBANCO HOLDING S.A;LFSN;False;0;-;DI;100;2;252;22/09/2031;8;400000;False;PUBLICA;-
LFSC22002SH;BRITUBLFI1M4;ITAU UNIBANCO HOLDING S.A;LFSC;False;0;-;DI;100;2,4;252;29/09/9999;2;300000;False;PUBLICA;-
LF002400JZ2;-;ITAU UNIBANCO S.A.;LF;False;0;-;DI;102;-;-;16/08/2027;12;50000;False;PUBLICA;-
LF002500531;-;ITAU UNIBANCO S.A.;LF;False;0;-;DI;102;-;-;17/02/2028;4;67250;False;PUBLICA;-
LFSN21003TD;BRBITALFIXI6;ITAU UNIBANCO HOLDING S.A;LFSN;False;0;-;DI;100;2;252;22/09/2031;1;400000;False;PUBLICA;-
LF002200R60;-;ITAU UNIBANCO S.A.;LF;False;0;-;PREFIXADO;-;14,05;252;29/11/2032;1;210000;False;PUBLICA;-
LF002400H0H;-;BANCO SAFRA S/A;LF;False;0;-;IPCA;100;6,67;252;26/06/2028;200;50000;False;PUBLICA;-
LF002100E8S;-;BANCO SAFRA S/A;LF;False;0;-;IPCA;100;4,98;252;17/08/2026;4;50000;False;PUBLICA;-
LFSN21001JO;BRBSAFLFNNO3;BANCO SAFRA S/A;LFSN;False;0;-;IPCA;-;5,62;252;11/05/2028;1;380000;False;PUBLICA;-
LF002100PLK;-;BANCO SAFRA S/A;LF;False;0;-;IPCA;100;5,34;252;17/08/2026;1;80000;False;PUBLICA;-
LFSC23006T6;BRITUBLFI1R3;ITAU UNIBANCO HOLDING S.A;LFSC;False;0;-;DI;100;1,9;252;09/11/9999;1;350000;False;PUBLICA;-
LF002100CFD;-;BANCO SAFRA S/A;LF;False;0;-;IPCA;100;5,16;252;17/08/2026;1;50000;False;PUBLICA;-
LFSN21003NF;BRBITALFIXH8;ITAU UNIBANCO HOLDING S.A;LFSN;False;0;-;DI;100;2;252;22/09/2031;5;400000;False;PUBLICA;-
LF002400NI2;-;BANCO SAFRA S/A;LF;False;0;-;PREFIXADO;-;11,43;252;01/09/2027;3;54333,333334;False;PUBLICA;-
LFSN22006CH;BRABCBLFID64;BANCO ABC BRASIL S.A.;LFSN;False;0;-;DI;100;2,35;252;19/05/2032;1;400000;False;PUBLICA;-
LFSC22002SP;BRITUBLFI1M4;ITAU UNIBANCO HOLDING S.A;LFSC;False;0;-;DI;100;2,4;252;29/09/9999;1;300000;False;PUBLICA;-
LF002303TZ1;-;BANCO BRADESCO S/A;LF;False;0;-;PREFIXADO;-;11,57;252;01/06/2028;20;50000;False;PUBLICA;-
LF002100FK8;-;BANCO SAFRA S/A;LF;False;0;-;IPCA;100;5,01;252;17/08/2026;2;50000;False;PUBLICA;-
LF002100411;-;BANCO SAFRA S/A;LF;False;0;-;IPCA;100;3,96;252;17/08/2026;2;50000;False;PUBLICA;-
LFSC22002CR;BRITUBLFI1I2;ITAU UNIBANCO HOLDING S.A;LFSC;False;0;-;DI;100;2,4;252;23/09/9999;4;300000;False;PUBLICA;-
LF002100LPG;BRBSAFLFE0S5;BANCO SAFRA S/A;LF;False;0;-;IPCA;100;5,63;252;17/08/2026;10;50000;False;PUBLICA;-
LF0024013QW;-;ITAU UNIBANCO S.A.;LF;False;0;-;PREFIXADO;-;15,17;252;22/12/2028;20;50000;False;PUBLICA;-
LF0021005D9;-;BANCO SAFRA S/A;LF;False;0;-;IPCA;100;3,82;252;17/08/2026;8;50000;False;PUBLICA;-
LF0021007VQ;-;BANCO SAFRA S/A;LF;False;0;-;IPCA;100;4,22;252;17/08/2026;1;954000;False;PUBLICA;-
LF0021003GH;-;BANCO SAFRA S/A;LF;False;0;-;IPCA;100;3,93;252;17/08/2026;6;50000;False;PUBLICA;-
LFSN21003NA;BRBITALFIXH8;ITAU UNIBANCO HOLDING S.A;LFSN;False;0;-;DI;100;2;252;22/09/2031;3;400000;False;PUBLICA;-
LF002100I40;-;BANCO SAFRA S/A;LF;False;0;-;IPCA;100;5,69;252;17/08/2026;1;50000;False;PUBLICA;-
LF002400PCF;-;BANCO SAFRA S/A;LF;False;0;-;PREFIXADO;-;11,32;252;21/09/2026;1;60000;False;PUBLICA;-
LF002100ENY;-;BANCO SAFRA S/A;LF;False;0;-;IPCA;100;4,91;252;17/08/2026;7;54285,714286;False;PUBLICA;-
LF002100O5U;-;BANCO SAFRA S/A;LF;False;0;-;IPCA;100;5,28;252;17/08/2026;1;50000;False;PUBLICA;-
LF002400PCX;-;ITAU UNIBANCO S.A.;LF;False;0;-;DI;101,5;-;-;17/09/2026;200;50000;False;PUBLICA;-
LF002100CM3;-;BANCO SAFRA S/A;LF;False;0;-;IPCA;100;5,02;252;17/08/2026;4;50000;False;PUBLICA;-
LF0025003P6;-;ITAU UNIBANCO S.A.;LF;False;0;-;DI;102;-;-;15/02/2028;24;50000;False;PUBLICA;-
LF0021002KZ;-;BANCO SAFRA S/A;LF;False;0;-;IPCA;100;4,39;252;09/03/2027;2;50000;False;PUBLICA;-
LF002200CMY;-;BANCO SAFRA S/A;LF;False;0;-;IPCA;100;5,72;252;17/08/2026;2;50000;False;PUBLICA;-
LF002200KAO;-;BANCO SAFRA S/A;LF;False;0;-;IPCA;100;6,44;252;26/07/2027;1;70000;False;PUBLICA;-
LF0021004FI;-;BANCO SAFRA S/A;LF;False;0;-;IPCA;100;4,04;252;17/08/2026;1;206000;False;PUBLICA;-
LF002400EG9;-;BANCO SAFRA S/A;LF;False;0;-;IPCA;100;6,09;252;15/05/2045;2;50000;False;PUBLICA;-
LF002200JZ6;-;BANCO SAFRA S/A;LF;False;0;-;IPCA;100;6,64;252;17/08/2026;1;50000;False;PUBLICA;-
LF002400IJP;-;BANCO SAFRA S/A;LF;False;0;-;IPCA;100;6,02;252;15/05/2045;1;50000;False;PUBLICA;-
LF002400L5L;BRBSAFLNNDP5;BANCO SAFRA S/A;LF;False;0;-;DI;100;0,4;252;08/01/2027;250;50000;False;PUBLICA;-
LF002400H4J;-;BANCO SAFRA S/A;LF;False;0;-;IPCA;100;6,34;252;15/05/2045;1;50800;False;PUBLICA;-
LF002100B9G;-;BANCO SAFRA S/A;LF;False;0;-;IPCA;100;4,66;252;17/08/2026;6;50000;False;PUBLICA;-
LF0021004JP;-;BANCO SAFRA S/A;LF;False;0;-;IPCA;100;4,17;252;17/08/2026;10;50000;False;PUBLICA;-
LFSN21003CW;BRBITALFIX15;ITAU UNIBANCO HOLDING S.A;LFSN;False;0;-;DI;100;2;252;22/09/2031;19;400000;False;PUBLICA;-
LF002400G3X;BRBSAFLNNDE9;BANCO SAFRA S/A;LF;False;0;-;DI;100;0,45;252;20/08/2026;20;50000;False;PUBLICA;-
LFSN21003EA;BRBITALFIX56;ITAU UNIBANCO HOLDING S.A;LFSN;False;0;-;DI;100;2;252;22/09/2031;91;400000;False;PUBLICA;-
LF002100BWE;-;BANCO SAFRA S/A;LF;False;0;-;IPCA;100;4,8;252;17/08/2026;1;50000;False;PUBLICA;-
LF002600M5N;-;ITAU UNIBANCO S.A.;LF;False;0;-;IPCA;100;8,28;252;28/07/2031;5;50000;False;PUBLICA;-
LF0023032T3;-;ITAU UNIBANCO S.A.;LF;False;0;-;PREFIXADO;-;12,3;252;08/05/2028;1;500000;False;PUBLICA;-
LF002100BW0;-;BANCO SAFRA S/A;LF;False;0;-;IPCA;100;4,8;252;17/08/2026;1;50000;False;PUBLICA;-
LF0024008ZK;-;BANCO SAFRA S/A;LF;False;0;-;DI;103,5;-;-;29/03/2027;12;50000;False;PUBLICA;-
LFSC22002SJ;BRITUBLFI1M4;ITAU UNIBANCO HOLDING S.A;LFSC;False;0;-;DI;100;2,4;252;29/09/9999;2;300000;False;PUBLICA;-
LF002100EW1;-;BANCO SAFRA S/A;LF;False;0;-;IPCA;100;5,19;252;21/09/2026;4;50000;False;PUBLICA;-
LF00240072V;-;ITAU UNIBANCO S.A.;LF;False;0;-;IPCA;100;5,56;252;28/02/2029;1;50000;False;PUBLICA;-
LF002100ARK;-;BANCO SAFRA S/A;LF;False;0;-;IPCA;100;4,45;252;17/08/2026;1;50000;False;PUBLICA;-
LF002400MY7;-;BANCO SAFRA S/A;LF;False;0;-;IPCA;100;6,01;252;25/08/2026;1;50000;False;PUBLICA;-
LF0021007Y8;-;BANCO SAFRA S/A;LF;False;0;-;IPCA;100;4,22;252;17/08/2026;6;50000;False;PUBLICA;-
LF0021007Y6;-;BANCO SAFRA S/A;LF;False;0;-;IPCA;100;4,22;252;17/08/2026;4;50000;False;PUBLICA;-
LF002100GZF;-;BANCO SAFRA S/A;LF;False;0;-;IPCA;100;5,15;252;17/08/2026;1;50000;False;PUBLICA;-
LF002400UH4;-;ITAU UNIBANCO S.A.;LF;False;0;-;DI;102;-;-;16/11/2027;115;50295,66;False;PUBLICA;-
LF0021009Q4;-;BANCO SAFRA S/A;LF;False;0;-;IPCA;100;4,59;252;14/07/2031;1;90000;False;PUBLICA;-
LF002400SFY;-;ITAU UNIBANCO S.A.;LF;False;0;-;DI;101;-;-;13/10/2026;100;50000;False;PUBLICA;-
LF00250093B;-;ITAU UNIBANCO S.A.;LF;False;0;-;DI;101;-;-;17/04/2028;280;50000;False;PUBLICA;-
LF002400P21;-;ITAU UNIBANCO S.A.;LF;False;0;-;DI;102;-;-;15/09/2027;10;56137,3;False;PUBLICA;-
LF0021002NL;-;BANCO SAFRA S/A;LF;False;0;-;PREFIXADO;-;9,57;252;10/03/2031;27;50000;False;PUBLICA;-
LF002400RCC;-;BANCO SAFRA S/A;LF;False;0;-;IPCA;100;6,64;252;15/05/2029;1;50000;False;PUBLICA;-
LFSN21003D1;BRBITALFIX15;ITAU UNIBANCO HOLDING S.A;LFSN;False;0;-;DI;100;2;252;22/09/2031;9;400000;False;PUBLICA;-
LF0025008VR;-;ITAU UNIBANCO S.A.;LF;False;0;-;IPCA;100;8,21;252;28/03/2028;2;50000;False;PUBLICA;-
LF002200DPX;-;BANCO SAFRA S/A;LF;False;0;-;IPCA;100;5,88;252;17/08/2026;8;54437,5;False;PUBLICA;-
LF002100GUA;-;BANCO SAFRA S/A;LF;False;0;-;IPCA;100;5,07;252;17/08/2026;1;50000;False;PUBLICA;-
LF002400G4C;BRBSAFLNNDE9;BANCO SAFRA S/A;LF;False;0;-;DI;100;0,45;252;20/08/2026;3;50000;False;PUBLICA;-
LFSC22002DD;BRITUBLFI1J0;ITAU UNIBANCO HOLDING S.A;LFSC;False;0;-;DI;100;2,4;252;26/09/9999;69;300000;False;PUBLICA;-
LF002400TEJ;-;ITAU UNIBANCO S.A.;LF;False;0;-;DI;102;-;-;16/11/2027;538;50045,09;False;PUBLICA;-
LF002400OHX;-;ITAU UNIBANCO S.A.;LF;False;0;-;DI;101,8;-;-;15/09/2026;126;50000;False;PUBLICA;-
LF002100F93;-;BANCO SAFRA S/A;LF;False;0;-;IPCA;100;5,01;252;17/08/2026;1;68000;False;PUBLICA;-
LF002400JO5;-;ITAU UNIBANCO S.A.;LF;False;0;-;PREFIXADO;-;12,03;252;24/07/2028;1;400000;False;PUBLICA;-
LFSN21001QL;BRBSAFLFNNY2;BANCO SAFRA S/A;LFSN;False;0;-;IPCA;-;5,6;252;26/05/2028;4;300000;False;PUBLICA;-
LF002200QW9;-;ITAU UNIBANCO S.A.;LF;False;0;-;IPCA;100;6,81;252;25/11/2032;1;3000000;False;PUBLICA;-
LF0021003PN;-;BANCO SAFRA S/A;LF;False;0;-;IPCA;100;3,88;252;17/08/2026;1;50000;False;PUBLICA;-
LF002400MC2;-;ITAU UNIBANCO S.A.;LF;False;0;-;DI;102;-;-;15/09/2027;208;50000;False;PUBLICA;-
LFSN21003J7;BRBITALFIX72;ITAU UNIBANCO HOLDING S.A;LFSN;False;0;-;DI;100;2;252;22/09/2031;6;400000;False;PUBLICA;-
LF002301TA6;-;ITAU UNIBANCO S.A.;LF;False;0;-;PREFIXADO;-;13,23;252;22/03/2027;1;100000;False;PUBLICA;-
LF002400COR;-;BANCO SAFRA S/A;LF;False;0;-;DI;104,25;-;-;11/05/2027;12;50000;False;PUBLICA;-
LF002400X8Q;-;ITAU UNIBANCO S.A.;LF;False;0;-;DI;102;-;-;15/12/2027;600;50000;False;PUBLICA;-
LF002100KDT;BRBSAFLTRC41;BANCO SAFRA S/A;LF;False;0;-;IPCA;100;5,63;252;09/11/2026;3;50000;False;PUBLICA;-
LF002100EES;-;BANCO SAFRA S/A;LF;False;0;-;IPCA;100;4,91;252;17/08/2026;7;57000;False;PUBLICA;-
LF00230306P;-;ITAU UNIBANCO S.A.;LF;False;0;-;PREFIXADO;-;12,86;252;09/05/2033;1;100000;False;PUBLICA;-
LF002400ZDP;-;ITAU UNIBANCO S.A.;LF;False;0;-;DI;102;-;-;03/12/2029;2400;50000;False;PUBLICA;-
LF002100HIZ;-;BANCO SAFRA S/A;LF;False;0;-;IPCA;100;5,46;252;17/08/2026;3;50000;False;PUBLICA;-
LF0026003Z0;-;ITAU UNIBANCO S.A.;LF;False;0;-;PREFIXADO;-;12,55;252;04/02/2030;5;65000;False;PUBLICA;-
LF00230341M;-;ITAU UNIBANCO S.A.;LF;False;0;-;DI;104;-;-;08/05/2028;1;160000;False;PUBLICA;-
LF002600NLN;-;ITAU UNIBANCO S.A.;LF;False;0;-;DI;101,5;-;-;15/08/2029;236;50105,94;False;PUBLICA;-
LF002100CTT;-;BANCO SAFRA S/A;LF;False;0;-;IPCA;100;5,7;252;25/08/2026;4;50000;False;PUBLICA;-
LF002200CMO;-;BANCO SAFRA S/A;LF;False;0;-;IPCA;100;6,26;252;26/04/2032;3;50000;False;PUBLICA;-
LF002400APA;-;ITAU UNIBANCO S.A.;LF;False;0;-;DI;103;-;-;17/05/2027;83;50421,69;False;PUBLICA;-
LF0022004UI;BRBSAFLNN2L5;BANCO SAFRA S/A;LF;False;0;-;DI;100;1,35;252;10/02/2027;8;50000;False;PUBLICA;-
LF0022000PG;-;BANCO SAFRA S/A;LF;False;0;-;IPCA;100;5,74;252;17/08/2026;2;50000;False;PUBLICA;-
LF0021009F7;-;BANCO SAFRA S/A;LF;False;0;-;IPCA;100;4,16;252;17/08/2026;2;50000;False;PUBLICA;-
LF00220000V;-;BANCO SAFRA S/A;LF;False;0;-;IPCA;100;5,41;252;17/08/2026;1;50000;False;PUBLICA;-
LF002400G4D;BRBSAFLNNDE9;BANCO SAFRA S/A;LF;False;0;-;DI;100;0,45;252;20/08/2026;3;50000;False;PUBLICA;-
LF002100FN2;-;BANCO SAFRA S/A;LF;False;0;-;IPCA;100;5,13;252;30/09/2031;1;58000;False;PUBLICA;-
LF002200DJS;-;BANCO SAFRA S/A;LF;False;0;-;IPCA;100;5,9;252;17/08/2026;11;52181,818182;False;PUBLICA;-
LF002100BYD;-;BANCO SAFRA S/A;LF;False;0;-;IPCA;100;4,87;252;17/08/2026;8;51500;False;PUBLICA;-
LF002400FXY;-;BANCO SAFRA S/A;LF;False;0;-;IPCA;100;6,29;252;15/05/2045;1;50000;False;PUBLICA;-
LF002500M5I;-;ITAU UNIBANCO S.A.;LF;False;0;-;DI;101;-;-;01/10/2027;2;50000;False;PUBLICA;-
LF002500CS3;-;ITAU UNIBANCO S.A.;LF;False;0;-;IPCA;100;7,59;252;19/05/2028;2;50000;False;PUBLICA;-
LF002400P4X;-;ITAU UNIBANCO S.A.;LF;False;0;-;DI;102;-;-;15/10/2027;200;50000;False;PUBLICA;-
LF00210048L;-;BANCO SAFRA S/A;LF;False;0;-;IPCA;100;4,01;252;17/08/2026;4;88000;False;PUBLICA;-
LF002400VEF;-;ITAU UNIBANCO S.A.;LF;False;0;-;DI;102;-;-;16/11/2027;547;50000;False;PUBLICA;-
LF002100IX7;-;BANCO SAFRA S/A;LF;False;0;-;IPCA;100;5,89;252;17/08/2026;1;70000;False;PUBLICA;-
LF002301BUH;-;ITAU UNIBANCO S.A.;LF;False;0;-;IPCA;100;6,38;252;02/03/2028;1;80000;False;PUBLICA;-
LF002200DM8;-;BANCO SAFRA S/A;LF;False;0;-;PREFIXADO;-;12,79;252;10/05/2027;2;50000;False;PUBLICA;-
LF002100CIY;-;BANCO SAFRA S/A;LF;False;0;-;IPCA;100;5,11;252;17/08/2026;1;50000;False;PUBLICA;-
LF002200LCF;-;BANCO SAFRA S/A;LF;False;0;-;PREFIXADO;-;11,6;252;16/08/2027;200;50000;False;PUBLICA;-
LF002500IE5;-;ITAU UNIBANCO S.A.;LF;False;0;-;IPCA;100;7,61;252;15/08/2028;5;50000;False;PUBLICA;-
LF002500577;-;ITAU UNIBANCO S.A.;LF;False;0;-;DI;102;-;-;15/03/2028;656;50000;False;PUBLICA;-
LF002200JGJ;-;BANCO SAFRA S/A;LF;False;0;-;IPCA;100;6,47;252;17/08/2026;4;52500;False;PUBLICA;-
LF0021006FR;-;BANCO SAFRA S/A;LF;False;0;-;IPCA;100;3,97;252;17/08/2026;1;50000;False;PUBLICA;-
LF002200JBP;-;BANCO SAFRA S/A;LF;False;0;-;IPCA;100;6,67;252;21/05/2035;1;50000;False;PUBLICA;-
LF0026003I4;-;ITAU UNIBANCO S.A.;LF;False;0;-;IPCA;100;8;252;31/01/2028;12;50000;False;PUBLICA;-
LFSN21003EB;BRBITALFIX56;ITAU UNIBANCO HOLDING S.A;LFSN;False;0;-;DI;100;2;252;22/09/2031;133;400000;False;PUBLICA;-
LF002400UYB;-;ITAU UNIBANCO S.A.;LF;False;0;-;DI;102;-;-;16/11/2027;20;50000;False;PUBLICA;-
LF00240082U;BRDAYCLFRX60;BANCO DAYCOVAL S/A;LF;False;0;-;DI;100;0,8;252;18/03/2027;8553;50000;False;PUBLICA;-
LFSN210018N;BRBSAFLFNMG1;BANCO SAFRA S/A;LFSN;False;0;-;IPCA;-;5,65;252;05/04/2028;10;300000;False;PUBLICA;-
LF0021009FC;-;BANCO SAFRA S/A;LF;False;0;-;IPCA;100;4,15;252;17/08/2026;6;55000;False;PUBLICA;-
LF002400O8D;-;ITAU UNIBANCO S.A.;LF;False;0;-;DI;102;-;-;15/09/2027;424;50058,97;False;PUBLICA;-
LF0021008VT;-;BANCO SAFRA S/A;LF;False;0;-;IPCA;100;4,67;252;30/06/2031;2;50000;False;PUBLICA;-
LFSN21003E2;BRBITALFIX31;ITAU UNIBANCO HOLDING S.A;LFSN;False;0;-;DI;100;2;252;22/09/2031;2;400000;False;PUBLICA;-
LF002600LPL;-;ITAU UNIBANCO S.A.;LF;False;0;-;DI;102;-;-;15/08/2029;55;54029,07;False;PUBLICA;-
LF002400PD8;-;ITAU UNIBANCO S.A.;LF;False;0;-;DI;102;-;-;15/10/2027;100;50000;False;PUBLICA;-
LF0026004P2;-;ITAU UNIBANCO S.A.;LF;False;0;-;DI;101,5;-;-;14/02/2028;38;50000;False;PUBLICA;-
LFSC220027R;BRITUBLFI1H4;ITAU UNIBANCO HOLDING S.A;LFSC;False;0;-;DI;100;2,4;252;22/09/9999;3;300000;False;PUBLICA;-
LF002400O85;-;ITAU UNIBANCO S.A.;LF;False;0;-;DI;102;-;-;15/09/2027;320;50000;False;PUBLICA;-
LF0021001MJ;BRBSAFLTFDW4;BANCO SAFRA S/A;LF;False;0;-;IPCA;100;3,36;252;17/08/2026;1;80000;False;PUBLICA;-
LF002100FN8;-;BANCO SAFRA S/A;LF;False;0;-;IPCA;100;5,02;252;17/08/2026;1;50000;False;PUBLICA;-
LF0021007FO;-;BANCO SAFRA S/A;LF;False;0;-;IPCA;100;4,56;252;10/06/2031;2;50000;False;PUBLICA;-
LF002400PI9;-;BANCO SAFRA S/A;LF;False;0;-;DI;101;-;-;20/09/2029;4;58275;False;PUBLICA;-
LF0022009LL;-;BANCO SAFRA S/A;LF;False;0;-;IPCA;100;5,81;252;24/03/2032;3;50000;False;PUBLICA;-
LF002100GQJ;-;BANCO SAFRA S/A;LF;False;0;-;IPCA;100;5,08;252;17/08/2026;4;50000;False;PUBLICA;-
LF002400TJ9;-;ITAU UNIBANCO S.A.;LF;False;0;-;PREFIXADO;-;12,9;252;23/10/2034;58;50000;False;PUBLICA;-
LF0021003BU;-;BANCO SAFRA S/A;LF;False;0;-;IPCA;100;3,95;252;17/08/2026;1;50000;False;PUBLICA;-
LFSC220028E;BRITUBLFI1H4;ITAU UNIBANCO HOLDING S.A;LFSC;False;0;-;DI;100;2,4;252;22/09/9999;17;300000;False;PUBLICA;-
LF002100H7T;-;BANCO SAFRA S/A;LF;False;0;-;IPCA;100;5,22;252;17/08/2026;6;50000;False;PUBLICA;-
LF0021009PU;-;BANCO SAFRA S/A;LF;False;0;-;IPCA;100;4,14;252;17/08/2026;20;50000;False;PUBLICA;-
LF00220000P;-;BANCO SAFRA S/A;LF;False;0;-;IPCA;100;5,63;252;15/05/2035;3;50000;False;PUBLICA;-
LFSN21003IT;BRBITALFIX72;ITAU UNIBANCO HOLDING S.A;LFSN;False;0;-;DI;100;2;252;22/09/2031;2;400000;False;PUBLICA;-
LF002308E0L;-;BANCO SAFRA S/A;LF;False;0;-;DI;104,75;-;-;07/12/2026;10;53300;False;PUBLICA;-
LFSC23006O9;BRITUBLFI1Q5;ITAU UNIBANCO HOLDING S.A;LFSC;False;0;-;DI;100;1,9;252;08/11/9999;70;350000;False;PUBLICA;-
LF0021009FB;-;BANCO SAFRA S/A;LF;False;0;-;IPCA;100;4,15;252;17/08/2026;1;54000;False;PUBLICA;-
LF002200S4I;-;ITAU UNIBANCO S.A.;LF;False;0;-;PREFIXADO;-;13,21;252;06/12/2027;1;125000;False;PUBLICA;-
LF002100G80;-;ITAU UNIBANCO S.A.;LF;False;0;-;PREFIXADO;-;12,18;252;06/10/2036;8;50000;False;PUBLICA;-
LF002100DN7;-;BANCO SAFRA S/A;LF;False;0;-;IPCA;100;5,06;252;15/05/2035;1;50000;False;PUBLICA;-
LF002303EP7;-;ITAU UNIBANCO S.A.;LF;False;0;-;PREFIXADO;-;12;252;17/05/2028;1;200000;False;PUBLICA;-
LF00250057A;-;ITAU UNIBANCO S.A.;LF;False;0;-;DI;101,8;-;-;15/03/2028;2;50000;False;PUBLICA;-
LF002600E44;-;ITAU UNIBANCO S.A.;LF;False;0;-;DI;101,5;-;-;12/05/2031;6;50000;False;PUBLICA;-
LF0022006GN;-;BANCO SAFRA S/A;LF;False;0;-;IPCA;100;5,72;252;17/08/2026;1;50000;False;PUBLICA;-
LF0021008PV;-;BANCO SAFRA S/A;LF;False;0;-;IPCA;100;4,2;252;17/08/2026;2;62000;False;PUBLICA;-
LF002600MCJ;-;ITAU UNIBANCO S.A.;LF;False;0;-;DI;101,5;-;-;15/08/2029;80;57125;False;PUBLICA;-
LF0025001RT;-;ITAU UNIBANCO S.A.;LF;False;0;-;DI;102;-;-;17/01/2028;18;50000;False;PUBLICA;-
LF002400LZK;-;BANCO SAFRA S/A;LF;False;0;-;IPCA;100;6,27;252;15/05/2029;1;50000;False;PUBLICA;-
LF0021007Y9;-;BANCO SAFRA S/A;LF;False;0;-;IPCA;100;4,22;252;17/08/2026;6;50000;False;PUBLICA;-
LF002100CR2;-;BANCO SAFRA S/A;LF;False;0;-;IPCA;100;4,97;252;17/08/2026;5;52000;False;PUBLICA;-
LF002400MY8;-;BANCO SAFRA S/A;LF;False;0;-;PREFIXADO;-;11,05;252;25/08/2026;1;75000;False;PUBLICA;-
LF002400T8B;-;ITAU UNIBANCO S.A.;LF;False;0;-;DI;102;-;-;16/11/2027;42;50000;False;PUBLICA;-
LF002100410;-;BANCO SAFRA S/A;LF;False;0;-;IPCA;100;4,47;252;15/05/2035;1;50000;False;PUBLICA;-
LF002400P5B;-;ITAU UNIBANCO S.A.;LF;False;0;-;DI;102;-;-;15/10/2027;92;50000;False;PUBLICA;-
LF002400K65;-;ITAU UNIBANCO S.A.;LF;False;0;-;DI;102;-;-;16/08/2027;160;50000;False;PUBLICA;-
LF002400JOD;-;ITAU UNIBANCO S.A.;LF;False;0;-;DI;102;-;-;16/08/2027;5;66000;False;PUBLICA;-
LF002306HCD;-;BANCO SAFRA S/A;LF;False;0;-;DI;103;-;-;25/08/2026;6;52666,666667;False;PUBLICA;-
LF002600MGT;-;ITAU UNIBANCO S.A.;LF;False;0;-;PREFIXADO;-;13,8;252;31/07/2028;5;50000;False;PUBLICA;-
LF002100HPE;-;BANCO SAFRA S/A;LF;False;0;-;IPCA;100;5,55;252;17/08/2026;1;60000;False;PUBLICA;-
LF002400HZ7;-;ITAU UNIBANCO S.A.;LF;False;0;-;DI;102;-;-;15/07/2027;20;50000;False;PUBLICA;-
LF002400BHV;BRBSAFLNNCR3;BANCO SAFRA S/A;LF;False;0;-;IPCA;100;6,75;252;25/04/2029;10;50000;False;PUBLICA;-
LF002400KV2;BRBSAFLNNDN0;BANCO SAFRA S/A;LF;False;0;-;DI;100;0,4;252;05/01/2027;2000;50000;False;PUBLICA;-
LF0025003P5;-;ITAU UNIBANCO S.A.;LF;False;0;-;DI;102;-;-;14/02/2028;20;50566,53;False;PUBLICA;-
LF002600NLR;-;ITAU UNIBANCO S.A.;LF;False;0;-;DI;101,8;-;-;15/08/2029;626;50000;False;PUBLICA;-
LF002200F5Z;-;BANCO SAFRA S/A;LF;False;0;-;IPCA;100;5,88;252;17/08/2026;4;62250;False;PUBLICA;-
LF002400DBK;-;ITAU UNIBANCO S.A.;LF;False;0;-;DI;103;-;-;16/05/2028;250;50000;False;PUBLICA;-
LF002400J1N;-;ITAU UNIBANCO S.A.;LF;False;0;-;DI;102;-;-;16/08/2027;8;50000;False;PUBLICA;-
LFSN21003KD;BRBITALFIX80;ITAU UNIBANCO HOLDING S.A;LFSN;False;0;-;DI;100;2;252;22/09/2031;241;400000;False;PUBLICA;-
LF002600KES;-;ITAU UNIBANCO S.A.;LF;False;0;-;DI;101;-;-;06/07/2028;1;523226;False;PUBLICA;-
LF0021003GG;-;BANCO SAFRA S/A;LF;False;0;-;IPCA;100;4;252;17/08/2026;4;50000;False;PUBLICA;-
LF002302N80;-;ITAU UNIBANCO S.A.;LF;False;0;-;PREFIXADO;-;13,35;252;25/04/2033;1;350000;False;PUBLICA;-
LFSC26004BL;BRITUBLFI282;ITAU UNIBANCO HOLDING S.A;LFSC;False;0;-;DI;100;1,05;252;08/06/9999;4722;300000;False;PUBLICA;-
LF002100H2D;-;BANCO SAFRA S/A;LF;False;0;-;IPCA;100;5,15;252;17/08/2026;1;50000;False;PUBLICA;-
LF002400KPY;-;ITAU UNIBANCO S.A.;LF;False;0;-;DI;102;-;-;16/08/2027;1000;89615;False;PUBLICA;-
LF0025006GR;-;ITAU UNIBANCO S.A.;LF;False;0;-;IPCA;100;7,82;252;08/03/2027;1;200000;False;PUBLICA;-
LF002100B9N;-;BANCO SAFRA S/A;LF;False;0;-;IPCA;100;4,66;252;17/08/2026;8;50000;False;PUBLICA;-
LF0021006N8;-;BANCO SAFRA S/A;LF;False;0;-;IPCA;100;3,97;252;17/08/2026;7;50000;False;PUBLICA;-
LF002100BFF;-;BANCO SAFRA S/A;LF;False;0;-;IPCA;100;4,65;252;17/08/2026;1;50000;False;PUBLICA;-
LF002100DQD;-;BANCO SAFRA S/A;LF;False;0;-;IPCA;100;4,87;252;17/08/2026;13;52692,307693;False;PUBLICA;-
LF002100H9J;-;BANCO SAFRA S/A;LF;False;0;-;IPCA;100;5,22;252;17/08/2026;1;50000;False;PUBLICA;-
LF002100482;-;BANCO SAFRA S/A;LF;False;0;-;IPCA;100;4,08;252;17/08/2026;1;50000;False;PUBLICA;-
LF0021009F5;-;BANCO SAFRA S/A;LF;False;0;-;IPCA;100;4,6;252;15/05/2035;2;50000;False;PUBLICA;-
LF002100BHR;-;BANCO SAFRA S/A;LF;False;0;-;IPCA;100;4,63;252;17/08/2026;6;50000;False;PUBLICA;-
LF00260063V;-;ITAU UNIBANCO S.A.;LF;False;0;-;DI;101;-;-;15/03/2029;130;50000;False;PUBLICA;-
LF0022008JS;-;BANCO SAFRA S/A;LF;False;0;-;IPCA;100;6,52;252;17/03/2032;4;50000;False;PUBLICA;-
LF002400HG2;-;BANCO SAFRA S/A;LF;False;0;-;IPCA;100;6,38;252;15/05/2045;1;50000;False;PUBLICA;-
LF002400IVN;-;BANCO SAFRA S/A;LF;False;0;-;PREFIXADO;-;12,03;252;17/07/2028;6;50000;False;PUBLICA;-
LF002100G6L;-;BANCO SAFRA S/A;LF;False;0;-;IPCA;100;5,17;252;17/08/2026;2;72000;False;PUBLICA;-
LF002400RIE;-;ITAU UNIBANCO S.A.;LF;False;0;-;IPCA;100;6,87;252;05/10/2026;1;1270000;False;PUBLICA;-
LF002600BIS;-;ITAU UNIBANCO S.A.;LF;False;0;-;DI;101,5;-;-;22/04/2030;5;54000;False;PUBLICA;-
LF002100CHM;-;BANCO SAFRA S/A;LF;False;0;-;IPCA;100;5,06;252;20/08/2026;1;50000;False;PUBLICA;-
LFSC22002BR;BRITUBLFI1I2;ITAU UNIBANCO HOLDING S.A;LFSC;False;0;-;DI;100;2,4;252;23/09/9999;1;300000;False;PUBLICA;-
LF0025002D7;-;ITAU UNIBANCO S.A.;LF;False;0;-;PREFIXADO;-;14,98;252;15/01/2027;1;300000;False;PUBLICA;-
LF002308D8I;-;BANCO SAFRA S/A;LF;False;0;-;PREFIXADO;-;11,18;252;01/12/2028;8;50000;False;PUBLICA;-
LF002100JXW;BRBSAFLTR9B1;BANCO SAFRA S/A;LF;False;0;-;IPCA;100;5,61;252;17/08/2026;6;55150;False;PUBLICA;-
LF002500HOH;-;ITAU UNIBANCO S.A.;LF;False;0;-;DI;101;-;-;12/08/2027;10;64000;False;PUBLICA;-
LF002100MUM;BRBSAFLFEQW8;BANCO SAFRA S/A;LF;False;0;-;IPCA;100;5,51;252;17/08/2026;2;50000;False;PUBLICA;-
LF002400JOB;-;ITAU UNIBANCO S.A.;LF;False;0;-;DI;102;-;-;17/08/2027;40;50000;False;PUBLICA;-
LF0021004A2;-;BANCO SAFRA S/A;LF;False;0;-;IPCA;100;4,11;252;17/08/2026;10;50000;False;PUBLICA;-
LF002200I8B;-;BANCO SAFRA S/A;LF;False;0;-;IPCA;100;5,94;252;17/08/2026;12;50000;False;PUBLICA;-
LF0022009RA;-;BANCO SAFRA S/A;LF;False;0;-;IPCA;100;5,57;252;29/03/2027;2;50000;False;PUBLICA;-
LF0021001XC;BRBSAFLTFIA9;BANCO SAFRA S/A;LF;False;0;-;IPCA;100;3,48;252;17/08/2026;2;65000;False;PUBLICA;-
LF002100EVO;-;BANCO SAFRA S/A;LF;False;0;-;IPCA;100;4,89;252;17/08/2026;2;50000;False;PUBLICA;-
LF002500G6Y;-;ITAU UNIBANCO S.A.;LF;False;0;-;DI;100;-;-;17/01/2028;200;50000;False;PUBLICA;-
LF002100D1H;-;BANCO SAFRA S/A;LF;False;0;-;IPCA;100;4,77;252;17/08/2026;4;50000;False;PUBLICA;-
LF00210065V;-;BANCO SAFRA S/A;LF;False;0;-;IPCA;100;3,88;252;17/08/2026;20;50000;False;PUBLICA;-
LF002400KED;-;ITAU UNIBANCO S.A.;LF;False;0;-;IPCA;100;6,36;252;31/07/2028;7;50000;False;PUBLICA;-
LF002400N3Q;-;BANCO SAFRA S/A;LF;False;0;-;IPCA;100;5,84;252;15/05/2035;4;58750;False;PUBLICA;-
LF0021002RN;-;BANCO SAFRA S/A;LF;False;0;-;IPCA;100;3,46;252;17/08/2026;1;50000;False;PUBLICA;-
LF002500F7O;BRBBNPLFIHC8;BANCO BNP PARIBAS BRASIL S/A;LF;False;0;-;DI;100;0,3;252;01/07/2027;17;50000;False;PUBLICA;-
LF002400JZ5;-;ITAU UNIBANCO S.A.;LF;False;0;-;DI;101;-;-;17/08/2026;30;50000;False;PUBLICA;-
LF002400TJ8;-;ITAU UNIBANCO S.A.;LF;False;0;-;IPCA;100;7,08;252;22/10/2029;1;1000000;False;PUBLICA;-
LF002100FN0;-;BANCO SAFRA S/A;LF;False;0;-;IPCA;100;5,13;252;30/09/2031;1;50000;False;PUBLICA;-
LF002600C4F;-;ITAU UNIBANCO S.A.;LF;False;0;-;DI;101;-;-;15/05/2029;663;50042,77;False;PUBLICA;-
LF002100ARG;-;BANCO SAFRA S/A;LF;False;0;-;IPCA;100;4,45;252;17/08/2026;2;90000;False;PUBLICA;-
LF0021009XZ;-;BANCO SAFRA S/A;LF;False;0;-;IPCA;100;4,04;252;17/08/2026;2;50000;False;PUBLICA;-
LFSN21003NI;BRBITALFIXG0;ITAU UNIBANCO HOLDING S.A;LFSN;False;0;-;DI;100;2;252;21/10/2031;3;400000;False;PUBLICA;-
LF002100B9M;-;BANCO SAFRA S/A;LF;False;0;-;IPCA;100;4,67;252;17/08/2026;8;50000;False;PUBLICA;-
LF002200MWI;-;BANCO SAFRA S/A;LF;False;0;-;PREFIXADO;-;11,96;252;18/09/2028;1;50000;False;PUBLICA;-
LF002100AEX;-;BANCO SAFRA S/A;LF;False;0;-;IPCA;100;4,34;252;17/08/2026;3;50000;False;PUBLICA;-
LF002200EBF;-;BANCO SAFRA S/A;LF;False;0;-;IPCA;100;6,3;252;08/05/2028;20;50000;False;PUBLICA;-
LF002200DX1;-;BANCO SAFRA S/A;LF;False;0;-;IPCA;100;6;252;17/08/2026;7;51000;False;PUBLICA;-
LF002100GZC;-;BANCO SAFRA S/A;LF;False;0;-;IPCA;100;5,15;252;17/08/2026;1;50000;False;PUBLICA;-
LF002400I54;-;ITAU UNIBANCO S.A.;LF;False;0;-;DI;102;-;-;15/07/2027;380;50000;False;PUBLICA;-
LF00210048V;-;BANCO SAFRA S/A;LF;False;0;-;IPCA;100;4,01;252;17/08/2026;2;50000;False;PUBLICA;-
LF002100CLR;-;BANCO SAFRA S/A;LF;False;0;-;IPCA;100;5,02;252;17/08/2026;5;50000;False;PUBLICA;-
LF002500A7G;-;ITAU UNIBANCO S.A.;LF;False;0;-;DI;101;-;-;17/04/2028;25;52400;False;PUBLICA;-
LF002400L40;-;ITAU UNIBANCO S.A.;LF;False;0;-;DI;102;-;-;16/08/2027;40;50000;False;PUBLICA;-
LF002400PYX;-;BANCO SAFRA S/A;LF;False;0;-;IPCA;100;6,4;252;25/09/2045;4;53750;False;PUBLICA;-
LF002100GDK;-;BANCO SAFRA S/A;LF;False;0;-;IPCA;100;5,06;252;17/08/2026;4;50000;False;PUBLICA;-
LF002100G3U;-;BANCO SAFRA S/A;LF;False;0;-;IPCA;100;5,06;252;17/08/2026;1;53000;False;PUBLICA;-
LF002500571;-;ITAU UNIBANCO S.A.;LF;False;0;-;DI;101,8;-;-;15/03/2028;30;50000;False;PUBLICA;-
LF00220088J;-;BANCO SAFRA S/A;LF;False;0;-;IPCA;100;6,01;252;17/08/2026;2;50000;False;PUBLICA;-
LFSC22002SD;BRITUBLFI1M4;ITAU UNIBANCO HOLDING S.A;LFSC;False;0;-;DI;100;2,4;252;29/09/9999;10;300000;False;PUBLICA;-
LF002600MMS;-;ITAU UNIBANCO S.A.;LF;False;0;-;DI;101,5;-;-;15/05/2029;80;50000;False;PUBLICA;-
LF002100LWL;BRBSAFLFE240;BANCO SAFRA S/A;LF;False;0;-;IPCA;100;5,67;252;17/08/2026;2;70000;False;PUBLICA;-
LF002100BYJ;-;BANCO SAFRA S/A;LF;False;0;-;IPCA;100;4,87;252;17/08/2026;1;50000;False;PUBLICA;-
LF0023054KJ;-;ITAU UNIBANCO S.A.;LF;False;0;-;PREFIXADO;-;10,88;252;18/07/2030;1;760000;False;PUBLICA;-
LF002100G3V;-;BANCO SAFRA S/A;LF;False;0;-;IPCA;100;5,06;252;17/08/2026;1;53000;False;PUBLICA;-
LF002100I42;-;BANCO SAFRA S/A;LF;False;0;-;IPCA;100;5,61;252;22/10/2026;2;50000;False;PUBLICA;-
LF0023015D1;-;ITAU UNIBANCO S.A.;LF;False;0;-;PREFIXADO;-;13,96;252;23/02/2028;1;211000;False;PUBLICA;-
LF002400RZ8;-;ITAU UNIBANCO S.A.;LF;False;0;-;DI;102;-;-;15/10/2027;30;50908,4;False;PUBLICA;-
LF002600EY4;-;ITAU UNIBANCO S.A.;LF;False;0;-;DI;101;-;-;18/05/2028;4;50000;False;PUBLICA;-
LF002100DIR;-;BANCO SAFRA S/A;LF;False;0;-;IPCA;100;4,86;252;01/09/2026;1;50000;False;PUBLICA;-
LF002306HC8;-;ITAU UNIBANCO S.A.;LF;False;0;-;IPCA;100;5,36;252;24/08/2028;20;50000;False;PUBLICA;-
LF0022004I8;-;BANCO SAFRA S/A;LF;False;0;-;IPCA;100;5,51;252;17/08/2026;2;66000;False;PUBLICA;-
LF002100OS9;-;BANCO SAFRA S/A;LF;False;0;-;IPCA;100;5,29;252;17/08/2026;1;50000;False;PUBLICA;-
LF00230498X;-;BANCO SAFRA S/A;LF;False;0;-;IPCA;100;5,54;252;16/06/2027;4;50000;False;PUBLICA;-
LF002100EVP;-;BANCO SAFRA S/A;LF;False;0;-;IPCA;100;4,89;252;17/08/2026;2;50000;False;PUBLICA;-
LF0024009TU;-;BANCO SAFRA S/A;LF;False;0;-;PREFIXADO;-;10,95;252;12/04/2027;48;50416,666667;False;PUBLICA;-
LF002100HI8;-;BANCO SAFRA S/A;LF;False;0;-;IPCA;100;5,46;252;17/08/2026;1;70000;False;PUBLICA;-
LF002100852;-;BANCO SAFRA S/A;LF;False;0;-;IPCA;100;4,26;252;17/08/2026;2;50000;False;PUBLICA;-
LF002200NBZ;-;ITAU UNIBANCO S.A.;LF;False;0;-;PREFIXADO;-;12,64;252;30/09/2027;5;89000;False;PUBLICA;-
LF002100JY6;BRBSAFLTR9D7;BANCO SAFRA S/A;LF;False;0;-;IPCA;100;5,61;252;17/08/2026;1;50000;False;PUBLICA;-
LF00210052T;-;BANCO SAFRA S/A;LF;False;0;-;IPCA;100;4,11;252;17/08/2026;1;75000;False;PUBLICA;-
LFSN2100C1Q;-;BANCO SAFRA S/A;LFSN;False;0;-;PREFIXADO;-;11,3;252;10/12/2031;1;300000;False;PUBLICA;-
LF002100JB9;-;BANCO SAFRA S/A;LF;False;0;-;IPCA;100;6,01;252;17/08/2026;1;50000;False;PUBLICA;-
LFSC22002BP;BRITUBLFI1I2;ITAU UNIBANCO HOLDING S.A;LFSC;False;0;-;DI;100;2,4;252;23/09/9999;1;300000;False;PUBLICA;-
LF0021005LG;-;BANCO SAFRA S/A;LF;False;0;-;IPCA;100;3,86;252;17/08/2026;1;51000;False;PUBLICA;-
LF002400HPL;-;BANCO SAFRA S/A;LF;False;0;-;PREFIXADO;-;11,97;252;02/07/2030;2;54000;False;PUBLICA;-
LFSN21003NK;BRBITALFIXG0;ITAU UNIBANCO HOLDING S.A;LFSN;False;0;-;DI;100;2;252;21/10/2031;13;400000;False;PUBLICA;-
LF002200B0G;-;BANCO SAFRA S/A;LF;False;0;-;IPCA;100;5,68;252;17/08/2026;1;52092;False;PUBLICA;-
LF002400PO2;-;ITAU UNIBANCO S.A.;LF;False;0;-;DI;102;-;-;15/10/2027;8;53750;False;PUBLICA;-
LF0021007OU;-;BANCO SAFRA S/A;LF;False;0;-;IPCA;100;3,99;252;17/08/2026;1;50000;False;PUBLICA;-
LF002500572;-;ITAU UNIBANCO S.A.;LF;False;0;-;DI;102;-;-;18/02/2028;10;74900;False;PUBLICA;-
LF002400U9S;-;ITAU UNIBANCO S.A.;LF;False;0;-;DI;102;-;-;16/11/2027;50;50000;False;PUBLICA;-
LF00250085D;-;ITAU UNIBANCO S.A.;LF;False;0;-;IPCA;100;8,2;252;22/03/2027;1;65000;False;PUBLICA;-
LF002400LTA;-;ITAU UNIBANCO S.A.;LF;False;0;-;DI;102;-;-;16/08/2027;400;50000;False;PUBLICA;-
LFSN21003DD;BRBITALFIX07;ITAU UNIBANCO HOLDING S.A;LFSN;False;0;-;DI;100;2;252;21/10/2031;2;400000;False;PUBLICA;-
LF0021008LW;-;BANCO SAFRA S/A;LF;False;0;-;IPCA;100;4,17;252;17/08/2026;4;50000;False;PUBLICA;-
LFSN21003KZ;BRBITALFIXA3;ITAU UNIBANCO HOLDING S.A;LFSN;False;0;-;DI;100;2;252;21/10/2031;3;400000;False;PUBLICA;-
LF002100G6D;-;BANCO SAFRA S/A;LF;False;0;-;IPCA;100;5,17;252;17/08/2026;3;50000;False;PUBLICA;-
LF0021001XD;BRBSAFLTFI80;BANCO SAFRA S/A;LF;False;0;-;IPCA;100;3,48;252;17/08/2026;1;50000;False;PUBLICA;-
LF0021002RQ;-;BANCO SAFRA S/A;LF;False;0;-;IPCA;100;3,53;252;17/08/2026;1;50000;False;PUBLICA;-
LF0026005AZ;-;ITAU UNIBANCO S.A.;LF;False;0;-;DI;101,5;-;-;21/02/2028;10;50000;False;PUBLICA;-
LF002100BA6;-;BANCO SAFRA S/A;LF;False;0;-;IPCA;100;4,66;252;17/08/2026;1;50000;False;PUBLICA;-
LF0021002B8;-;BANCO SAFRA S/A;LF;False;0;-;IPCA;100;3,61;252;17/08/2026;1;50000;False;PUBLICA;-
LF002100OS2;-;BANCO SAFRA S/A;LF;False;0;-;IPCA;100;5,29;252;17/08/2026;1;80000;False;PUBLICA;-
LF002100JB2;-;BANCO SAFRA S/A;LF;False;0;-;IPCA;100;6,01;252;17/08/2026;2;62500;False;PUBLICA;-
LF002100FRD;-;BANCO SAFRA S/A;LF;False;0;-;IPCA;100;5,51;252;01/10/2026;20;50000;False;PUBLICA;-
LF002500BVG;-;ITAU UNIBANCO S.A.;LF;False;0;-;DI;101;-;-;15/05/2028;10;50000;False;PUBLICA;-
LF002400JK6;-;ITAU UNIBANCO S.A.;LF;False;0;-;DI;102;-;-;16/08/2027;2106;50000;False;PUBLICA;-
LF002307XV6;-;BANCO SAFRA S/A;LF;False;0;-;PREFIXADO;-;11,33;252;24/10/2028;8;50000;False;PUBLICA;-
LF0024001R5;-;ITAU UNIBANCO S.A.;LF;False;0;-;IPCA;100;5,19;252;12/01/2028;1;879000;False;PUBLICA;-
LF002400JJM;-;BANCO SAFRA S/A;LF;False;0;-;IPCA;100;6,18;252;15/05/2029;7;51714,285715;False;PUBLICA;-
LF002400PO3;-;ITAU UNIBANCO S.A.;LF;False;0;-;DI;102;-;-;15/10/2027;100;50000;False;PUBLICA;-
LF002200CY1;-;BANCO SAFRA S/A;LF;False;0;-;IPCA;100;5,74;252;17/08/2026;1;50000;False;PUBLICA;-
LF002100B6P;BRBSAFLFNQO6;BANCO SAFRA S/A;LF;False;0;-;IPCA;100;5,65;252;06/08/2028;120;50000;False;PUBLICA;-
LF0021006J5;-;BANCO SAFRA S/A;LF;False;0;-;IPCA;100;3,9;252;17/08/2026;2;50000;False;PUBLICA;-
LF002500KLV;-;ITAU UNIBANCO S.A.;LF;False;0;-;DI;101;-;-;09/09/2027;50;50000;False;PUBLICA;-
LF002400IW7;-;ITAU UNIBANCO S.A.;LF;False;0;-;DI;102;-;-;16/08/2027;40;50000;False;PUBLICA;-
LF002500PM7;-;ITAU UNIBANCO S.A.;LF;False;0;-;DI;101,5;-;-;27/11/2030;2000;50000;False;PUBLICA;-
LF002100H7U;-;BANCO SAFRA S/A;LF;False;0;-;IPCA;100;5,22;252;17/08/2026;3;50000;False;PUBLICA;-
LFSN21003KF;BRBITALFIX80;ITAU UNIBANCO HOLDING S.A;LFSN;False;0;-;DI;100;2;252;22/09/2031;15;400000;False;PUBLICA;-
LF002400NMR;-;BANCO SAFRA S/A;LF;False;0;-;PREFIXADO;-;12,11;252;04/09/2026;16;50000;False;PUBLICA;-
LF002500C64;-;ITAU UNIBANCO S.A.;LF;False;0;-;DI;101,5;-;-;09/05/2030;3;62000;False;PUBLICA;-
LF002500L9Z;-;ITAU UNIBANCO S.A.;LF;False;0;-;DI;101,5;-;-;20/09/2027;2;60000;False;PUBLICA;-
LFSN21003LV;BRBITALFIXC9;ITAU UNIBANCO HOLDING S.A;LFSN;False;0;-;DI;100;2;252;21/10/2031;112;400000;False;PUBLICA;-
LF002500BXO;-;ITAU UNIBANCO S.A.;LF;False;0;-;DI;101,5;-;-;15/05/2028;1000;50000;False;PUBLICA;-
LF002400I7F;-;ITAU UNIBANCO S.A.;LF;False;0;-;DI;102;-;-;19/07/2027;280;50000;False;PUBLICA;-
LF002400T7R;-;BANCO SAFRA S/A;LF;False;0;-;DI;103,25;-;-;20/10/2026;22;51272,727273;False;PUBLICA;-
LF002100HDF;-;BANCO SAFRA S/A;LF;False;0;-;IPCA;100;5,48;252;20/10/2031;6;50000;False;PUBLICA;-
LF002400R70;-;BANCO SAFRA S/A;LF;False;0;-;IPCA;100;6,71;252;04/10/2027;37;51081,081082;False;PUBLICA;-
LF0023075PX;-;ITAU UNIBANCO S.A.;LF;False;0;-;PREFIXADO;-;10,97;252;20/09/2027;1;100000;False;PUBLICA;-
LF0021006LI;-;BANCO SAFRA S/A;LF;False;0;-;IPCA;100;4,6;252;15/05/2035;8;50000;False;PUBLICA;-
LF002301EBH;-;BANCO SAFRA S/A;LF;False;0;-;PREFIXADO;-;13,35;252;05/03/2029;1;50000;False;PUBLICA;-
LF002100CR6;-;BANCO SAFRA S/A;LF;False;0;-;IPCA;100;4,97;252;17/08/2026;6;50000;False;PUBLICA;-
LF002400S4T;-;ITAU UNIBANCO S.A.;LF;False;0;-;DI;102;-;-;15/10/2027;100;50000;False;PUBLICA;-
LF002400PI6;-;BANCO SAFRA S/A;LF;False;0;-;IPCA;100;6,43;252;15/05/2029;2;50000;False;PUBLICA;-
LF002100HC2;-;BANCO SAFRA S/A;LF;False;0;-;IPCA;100;5,37;252;17/08/2026;1;58000;False;PUBLICA;-
LF002400VKN;-;ITAU UNIBANCO S.A.;LF;False;0;-;PREFIXADO;-;13,35;252;12/11/2026;20;50000;False;PUBLICA;-
LF002600CGW;-;ITAU UNIBANCO S.A.;LF;False;0;-;DI;101,5;-;-;15/05/2029;1277;50000;False;PUBLICA;-
LF002301DDX;-;ITAU UNIBANCO S.A.;LF;False;0;-;IPCA;100;7,14;252;03/03/2033;1;780000;False;PUBLICA;-
LF002400EXU;BRBCGMLFI9G0;BANCO GM S.A;LF;False;0;-;DI;100;0,75;252;06/06/2028;3518;50000;False;PUBLICA;-
LF002100PU3;-;BANCO SAFRA S/A;LF;False;0;-;IPCA;100;5,43;252;17/08/2026;1;98000;False;PUBLICA;-
LF002400M51;-;BANCO SAFRA S/A;LF;False;0;-;IPCA;100;6,35;252;15/05/2029;1;50000;False;PUBLICA;-
LF0022006PR;-;BANCO SAFRA S/A;LF;False;0;-;IPCA;100;5,82;252;17/08/2026;1;80000;False;PUBLICA;-
LFSN21001PS;BRBSAFLFNNT2;BANCO SAFRA S/A;LFSN;False;0;-;DI;100;2;252;17/05/2028;2;1000000;False;PUBLICA;-
LF00210089H;-;BANCO SAFRA S/A;LF;False;0;-;IPCA;100;4,28;252;17/08/2026;1;86900;False;PUBLICA;-
LF0022006IK;-;BANCO SAFRA S/A;LF;False;0;-;IPCA;100;5,76;252;17/08/2026;3;50000;False;PUBLICA;-
LF002400NI4;-;BANCO SAFRA S/A;LF;False;0;-;IPCA;100;6,56;252;30/08/2028;38;50049,736843;False;PUBLICA;-
LF002200BRE;-;BANCO SAFRA S/A;LF;False;0;-;IPCA;100;6,85;252;19/04/2029;10;61500;False;PUBLICA;-
LFSN2200ACG;-;BANCO SAFRA S/A;LFSN;False;0;-;PREFIXADO;-;13,42;252;23/08/2032;2;300000;False;PUBLICA;-
LF002303CUH;-;BANCO BRADESCO S/A;LF;False;0;-;DI;106;-;-;17/05/2028;12;50000;False;PUBLICA;-
LF002100BHN;-;BANCO SAFRA S/A;LF;False;0;-;IPCA;100;4,63;252;17/08/2026;1;50000;False;PUBLICA;-
LF002400KUQ;BRBSAFLNNDM2;BANCO SAFRA S/A;LF;False;0;-;DI;100;0,4;252;05/10/2026;48;50000;False;PUBLICA;-
LF002400Q47;-;BANCO SAFRA S/A;LF;False;0;-;PREFIXADO;-;11,49;252;28/09/2026;10;50000;False;PUBLICA;-
LF002100GZB;-;BANCO SAFRA S/A;LF;False;0;-;IPCA;100;5,15;252;17/08/2026;1;50000;False;PUBLICA;-
LF002400NI3;-;BANCO SAFRA S/A;LF;False;0;-;IPCA;100;5,98;252;15/05/2035;1;50000;False;PUBLICA;-
LF002400QM7;-;ITAU UNIBANCO S.A.;LF;False;0;-;DI;102;-;-;15/10/2027;106;50000;False;PUBLICA;-
LF002100JFL;BRBSAFLTR755;BANCO SAFRA S/A;LF;False;0;-;IPCA;100;5,83;252;17/08/2026;4;50000;False;PUBLICA;-
LF0021004D9;-;BANCO SAFRA S/A;LF;False;0;-;IPCA;100;4,1;252;17/08/2026;2;70500;False;PUBLICA;-
LFSN21003HN;BRBITALFIX72;ITAU UNIBANCO HOLDING S.A;LFSN;False;0;-;DI;100;2;252;22/09/2031;41;400000;False;PUBLICA;-
LF002100E8Q;-;BANCO SAFRA S/A;LF;False;0;-;IPCA;100;5,5;252;10/09/2026;4;50500;False;PUBLICA;-
LF002100LB4;BRBSAFLTRG39;BANCO SAFRA S/A;LF;False;0;-;IPCA;100;5,57;252;17/08/2026;6;77000;False;PUBLICA;-
LF002100B9W;-;BANCO SAFRA S/A;LF;False;0;-;IPCA;100;4,59;252;17/08/2026;6;50000;False;PUBLICA;-
LFSC23006T3;BRITUBLFI1R3;ITAU UNIBANCO HOLDING S.A;LFSC;False;0;-;DI;100;1,9;252;09/11/9999;1;350000;False;PUBLICA;-
LF002100J8W;-;ITAU UNIBANCO S.A.;LF;False;0;-;PREFIXADO;-;12,36;252;29/10/2036;5;50000;False;PUBLICA;-
LF002400OKG;-;ITAU UNIBANCO S.A.;LF;False;0;-;DI;102;-;-;15/09/2027;26;51538,47;False;PUBLICA;-
LF002100H2H;-;BANCO SAFRA S/A;LF;False;0;-;IPCA;100;5,15;252;17/08/2026;16;50000;False;PUBLICA;-
LF002600L9R;-;ITAU UNIBANCO S.A.;LF;False;0;-;DI;101;-;-;15/08/2029;7;54505,79;False;PUBLICA;-
LF0025007GZ;-;BANCO SAFRA S/A;LF;False;0;-;IPCA;100;7,4;252;18/09/2035;2;50000;False;PUBLICA;-
LF002500L7I;BRBPSALFI067;STELLANTIS FINANCIAMENTOS SOCIEDADE DE CREDITO FINANCIAMENTO E INVESTIMENTO S.A.;LF;False;0;-;DI;100;0,65;252;18/09/2029;5694;50000;False;PUBLICA;-
LF002100EBE;-;BANCO SAFRA S/A;LF;False;0;-;IPCA;100;4,87;252;15/09/2031;1;65000;False;PUBLICA;-
LF002100QYA;-;BANCO SAFRA S/A;LF;False;0;-;IPCA;100;5,43;252;17/08/2026;1;50000;False;PUBLICA;-
LF002200IQ2;-;BANCO SAFRA S/A;LF;False;0;-;IPCA;100;6,18;252;15/05/2035;18;51666,666667;False;PUBLICA;-
LF0021007MY;-;BANCO SAFRA S/A;LF;False;0;-;IPCA;100;3,94;252;17/08/2026;6;50000;False;PUBLICA;-
LF0022001VD;BRBSAFLNNAA3;BANCO SAFRA S/A;LF;False;0;-;IPCA;100;5,62;252;17/08/2026;3;59000;False;PUBLICA;-
LF002600K0R;-;ITAU UNIBANCO S.A.;LF;False;0;-;DI;101,5;-;-;03/07/2028;30;53000;False;PUBLICA;-
LF002100890;-;BANCO SAFRA S/A;LF;False;0;-;IPCA;100;4,28;252;17/08/2026;1;50000;False;PUBLICA;-
LF0021004JS;-;BANCO SAFRA S/A;LF;False;0;-;IPCA;100;4,17;252;17/08/2026;2;50000;False;PUBLICA;-
LF002400M58;-;BANCO SAFRA S/A;LF;False;0;-;IPCA;100;6,35;252;15/05/2029;4;57500;False;PUBLICA;-
LF0021005OV;-;BANCO SAFRA S/A;LF;False;0;-;IPCA;100;3,91;252;17/08/2026;1;50000;False;PUBLICA;-
LF0021007J4;-;BANCO SAFRA S/A;LF;False;0;-;IPCA;100;4,25;252;14/06/2027;1;50000;False;PUBLICA;-
LF002400NSW;-;BANCO SAFRA S/A;LF;False;0;-;IPCA;100;6,05;252;08/09/2026;1;56000;False;PUBLICA;-
LF002100FF0;-;BANCO SAFRA S/A;LF;False;0;-;IPCA;100;5,06;252;17/08/2026;1;50000;False;PUBLICA;-
LF002100C5L;-;BANCO SAFRA S/A;LF;False;0;-;IPCA;100;4,87;252;17/08/2026;8;50000;False;PUBLICA;-
LF002100G7B;-;BANCO SAFRA S/A;LF;False;0;-;IPCA;100;5,67;252;06/10/2026;12;50000;False;PUBLICA;-
LF0022004TM;BRBSAFLNN2L5;BANCO SAFRA S/A;LF;False;0;-;DI;100;1,35;252;10/02/2027;3;50000;False;PUBLICA;-
LF002100QFK;-;BANCO SAFRA S/A;LF;False;0;-;IPCA;100;5,37;252;17/08/2026;2;50000;False;PUBLICA;-
LF00210057B;-;BANCO SAFRA S/A;LF;False;0;-;IPCA;100;4,47;252;15/05/2035;10;50000;False;PUBLICA;-
LF002400PZ0;-;BANCO SAFRA S/A;LF;False;0;-;IPCA;100;6,4;252;25/09/2045;1;55000;False;PUBLICA;-
LF002100CG6;-;BANCO SAFRA S/A;LF;False;0;-;IPCA;100;5,17;252;17/08/2026;18;62000;False;PUBLICA;-
LF0021001MO;BRBSAFLTFDY0;BANCO SAFRA S/A;LF;False;0;-;IPCA;100;3,27;252;17/08/2026;2;95000;False;PUBLICA;-
LF0022008JW;-;BANCO SAFRA S/A;LF;False;0;-;IPCA;100;6,02;252;17/08/2026;3;53666,666667;False;PUBLICA;-
LF002200TJ2;-;ITAU UNIBANCO S.A.;LF;False;0;-;PREFIXADO;-;14,19;252;21/12/2026;1;190000;False;PUBLICA;-
LF002400PI5;-;BANCO SAFRA S/A;LF;False;0;-;IPCA;100;6,36;252;19/09/2045;2;69000;False;PUBLICA;-
LF002400O4I;-;ITAU UNIBANCO S.A.;LF;False;0;-;DI;102;-;-;15/09/2027;19;50526,32;False;PUBLICA;-
LF00250041C;-;ITAU UNIBANCO S.A.;LF;False;0;-;PREFIXADO;-;14,84;252;01/02/2027;60;50000;False;PUBLICA;-
LF0025000CM;-;ITAU UNIBANCO S.A.;LF;False;0;-;PREFIXADO;-;15,3;252;06/01/2027;20;50000;False;PUBLICA;-
LF0025003VH;-;ITAU UNIBANCO S.A.;LF;False;0;-;DI;102;-;-;15/02/2028;1500;55154,62;False;PUBLICA;-
LF002400IVS;-;ITAU UNIBANCO S.A.;LF;False;0;-;DI;102;-;-;16/08/2027;10;82070;False;PUBLICA;-
LF002400MV3;-;BANCO SAFRA S/A;LF;False;0;-;IPCA;100;6,32;252;15/05/2029;1;50000;False;PUBLICA;-
LF0021006NB;-;BANCO SAFRA S/A;LF;False;0;-;IPCA;100;3,97;252;17/08/2026;1;70000;False;PUBLICA;-
LF002400WEN;-;ITAU UNIBANCO S.A.;LF;False;0;-;DI;102;-;-;16/12/2027;26;50497,12;False;PUBLICA;-
LF002500J31;-;ITAU UNIBANCO S.A.;LF;False;0;-;IPCA;100;8,2;252;23/08/2027;1;80000;False;PUBLICA;-
LF002301UII;-;BANCO SAFRA S/A;LF;False;0;-;IPCA;100;5,64;252;21/03/2028;1;60000;False;PUBLICA;-
LF002400GW5;-;ITAU UNIBANCO S.A.;LF;False;0;-;DI;102;-;-;15/07/2027;192;50000;False;PUBLICA;-
LF002400O4J;-;ITAU UNIBANCO S.A.;LF;False;0;-;DI;102;-;-;08/09/2026;240;100000;False;PUBLICA;-
LF002500S1L;-;ITAU UNIBANCO S.A.;LF;False;0;-;DI;101;-;-;23/12/2027;4;60000;False;PUBLICA;-
LF0021003PA;-;BANCO SAFRA S/A;LF;False;0;-;IPCA;100;3,99;252;17/08/2026;4;50000;False;PUBLICA;-
LF0024004UP;-;BANCO SAFRA S/A;LF;False;0;-;PREFIXADO;-;10,42;252;10/02/2027;13;50307,692308;False;PUBLICA;-
LFSN21003HZ;BRBITALFIX64;ITAU UNIBANCO HOLDING S.A;LFSN;False;0;-;DI;100;2;252;21/10/2031;2;400000;False;PUBLICA;-
LF002100NEH;BRBSAFLFETM3;BANCO SAFRA S/A;LF;False;0;-;IPCA;100;5,56;252;17/08/2026;4;50000;False;PUBLICA;-
LF002100PTB;-;BANCO SAFRA S/A;LF;False;0;-;IPCA;100;5,43;252;17/08/2026;1;56000;False;PUBLICA;-
LF002100EOW;-;BANCO SAFRA S/A;LF;False;0;-;IPCA;100;4,91;252;17/08/2026;1;50000;False;PUBLICA;-
LF002400Q6I;-;BANCO SAFRA S/A;LF;False;0;-;IPCA;100;6,21;252;15/05/2045;1;50000;False;PUBLICA;-
LF002200JKJ;-;BANCO SAFRA S/A;LF;False;0;-;IPCA;100;6,5;252;17/08/2026;3;65333,333334;False;PUBLICA;-
LF0025000TF;-;ITAU UNIBANCO S.A.;LF;False;0;-;PREFIXADO;-;15,29;252;11/01/2027;1;125000;False;PUBLICA;-
LF002400NSZ;-;BANCO SAFRA S/A;LF;False;0;-;DI;103,2;-;-;08/09/2026;2;52500;False;PUBLICA;-
LF002600M5J;-;ITAU UNIBANCO S.A.;LF;False;0;-;DI;101,5;-;-;27/08/2029;66;50000;False;PUBLICA;-
LF0025002HM;-;ITAU UNIBANCO S.A.;LF;False;0;-;DI;102;-;-;18/01/2028;720;50259,42;False;PUBLICA;-
LFSN21003DH;BRBITALFIX07;ITAU UNIBANCO HOLDING S.A;LFSN;False;0;-;DI;100;2;252;21/10/2031;81;400000;False;PUBLICA;-
LF002400PYW;-;BANCO SAFRA S/A;LF;False;0;-;IPCA;100;6,4;252;25/09/2045;1;52000;False;PUBLICA;-
LF002400TUO;-;ITAU UNIBANCO S.A.;LF;False;0;-;DI;102;-;-;16/11/2027;235;50171,31;False;PUBLICA;-
LF002100G01;-;BANCO SAFRA S/A;LF;False;0;-;IPCA;100;5;252;17/08/2026;6;50000;False;PUBLICA;-
LF0022000PF;-;BANCO SAFRA S/A;LF;False;0;-;IPCA;100;5,74;252;17/08/2026;1;50000;False;PUBLICA;-
LF002200B8L;-;BANCO SAFRA S/A;LF;False;0;-;IPCA;100;5,79;252;17/08/2026;19;50000;False;PUBLICA;-
LF002400M5A;-;BANCO SAFRA S/A;LF;False;0;-;IPCA;100;6,5;252;17/08/2026;10;50000;False;PUBLICA;-
LF002400MYH;-;BANCO SAFRA S/A;LF;False;0;-;PREFIXADO;-;11,05;252;25/08/2026;6;50000;False;PUBLICA;-
LF002400OQ3;-;BANCO SAFRA S/A;LF;False;0;-;DI;102;-;-;12/09/2029;4;57925;False;PUBLICA;-
LF002500HAH;-;ITAU UNIBANCO S.A.;LF;False;0;-;IPCA;100;8,05;252;06/08/2029;5;76000;False;PUBLICA;-
LF002200E7I;-;BANCO SAFRA S/A;LF;False;0;-;IPCA;100;5,94;252;17/08/2026;20;50000;False;PUBLICA;-
LF002400R1N;-;BANCO SAFRA S/A;LF;False;0;-;IPCA;100;6,31;252;15/05/2045;1;60000;False;PUBLICA;-
LF002400MPZ;-;BANCO SAFRA S/A;LF;False;0;-;IPCA;100;6,02;252;24/08/2026;1;56000;False;PUBLICA;-
LF002308J9M;BRBPANLFIBU5;BANCO PAN S/A;LF;False;0;-;PREFIXADO;-;11,6;252;24/12/2029;113;50000;False;PUBLICA;-
LF002100JX5;BRBSAFLTR9D7;BANCO SAFRA S/A;LF;False;0;-;IPCA;100;5,61;252;17/08/2026;1;50000;False;PUBLICA;-
LF002600MCP;-;ITAU UNIBANCO S.A.;LF;False;0;-;DI;101,5;-;-;31/07/2028;1;80000;False;PUBLICA;-
LF0021006YK;-;BANCO SAFRA S/A;LF;False;0;-;IPCA;100;4,61;252;04/06/2031;1;50000;False;PUBLICA;-
LF002100A8X;-;BANCO SAFRA S/A;LF;False;0;-;IPCA;100;4,27;252;17/08/2026;1;732000;False;PUBLICA;-
LF002400PIS;-;ITAU UNIBANCO S.A.;LF;False;0;-;DI;102;-;-;15/10/2027;500;59372;False;PUBLICA;-
LF002100K67;BRBSAFLTRB67;BANCO SAFRA S/A;LF;False;0;-;IPCA;100;5,68;252;17/08/2026;20;50000;False;PUBLICA;-
LF002400OKK;-;ITAU UNIBANCO S.A.;LF;False;0;-;DI;102;-;-;15/09/2027;120;50000;False;PUBLICA;-
LF002400WNE;-;ITAU UNIBANCO S.A.;LF;False;0;-;DI;102;-;-;16/11/2027;200;50000;False;PUBLICA;-
LF002500DAA;-;ITAU UNIBANCO S.A.;LF;False;0;-;IPCA;100;7,6;252;28/05/2030;50;50000;False;PUBLICA;-
LFSC24004NX;BRITUBLFI1X1;ITAU UNIBANCO HOLDING S.A;LFSC;False;0;-;DI;100;0,9;252;18/09/9999;3334;300000;False;PUBLICA;-
LF002304FF8;-;BANCO BRADESCO S/A;LF;False;0;-;DI;106;-;-;23/06/2028;1;50000;False;PUBLICA;-
LF002100F4Y;-;BANCO SAFRA S/A;LF;False;0;-;IPCA;100;5,03;252;17/08/2026;2;50000;False;PUBLICA;-
LF002100GYG;-;BANCO SAFRA S/A;LF;False;0;-;IPCA;100;5,05;252;17/08/2026;4;50000;False;PUBLICA;-
LF002100BO8;-;BANCO SAFRA S/A;LF;False;0;-;IPCA;100;4,65;252;17/08/2026;6;50000;False;PUBLICA;-
LF0021003P7;-;BANCO SAFRA S/A;LF;False;0;-;IPCA;100;3,99;252;17/08/2026;6;50000;False;PUBLICA;-
LF002500MWT;BRNUFNLFI773;NU FINANCEIRA SA SOCIEDADE DE CREDITO FINANCIAMENTO E INVESTIMENTO;LF;False;0;-;DI;100;0,57;252;25/10/2028;26613;50000;False;PUBLICA;-
LF002400IVX;-;ITAU UNIBANCO S.A.;LF;False;0;-;DI;102;-;-;16/08/2027;16;50000;False;PUBLICA;-
LF002400PD4;-;ITAU UNIBANCO S.A.;LF;False;0;-;DI;102;-;-;15/10/2027;300;50000;False;PUBLICA;-
LF002400M4Q;-;BANCO SAFRA S/A;LF;False;0;-;IPCA;100;6,35;252;15/05/2029;7;50142,857143;False;PUBLICA;-
LF0021002I9;-;BANCO SAFRA S/A;LF;False;0;-;IPCA;100;3,4;252;17/08/2026;1;60000;False;PUBLICA;-
LF0022004TN;BRBSAFLNN2L5;BANCO SAFRA S/A;LF;False;0;-;DI;100;1,35;252;10/02/2027;11;50000;False;PUBLICA;-
LFSC22002BM;BRITUBLFI1I2;ITAU UNIBANCO HOLDING S.A;LFSC;False;0;-;DI;100;2,4;252;23/09/9999;33;300000;False;PUBLICA;-
LF002400PIJ;-;ITAU UNIBANCO S.A.;LF;False;0;-;DI;102;-;-;15/10/2027;10;52500;False;PUBLICA;-
LFSN21003TH;BRBITALFIXI6;ITAU UNIBANCO HOLDING S.A;LFSN;False;0;-;DI;100;2;252;22/09/2031;16;400000;False;PUBLICA;-
LF002100A2F;-;BANCO SAFRA S/A;LF;False;0;-;IPCA;100;4,1;252;17/08/2026;1;80000;False;PUBLICA;-
LF002100LAY;BRBSAFLTRFZ7;BANCO SAFRA S/A;LF;False;0;-;IPCA;100;5,56;252;17/08/2026;2;61500;False;PUBLICA;-
LF002100EE5;-;BANCO SAFRA S/A;LF;False;0;-;IPCA;100;4,93;252;17/08/2026;1;60000;False;PUBLICA;-
LF002100GV9;-;BANCO SAFRA S/A;LF;False;0;-;IPCA;100;5,07;252;17/08/2026;1;50000;False;PUBLICA;-
LF0022000A6;-;BANCO SAFRA S/A;LF;False;0;-;IPCA;100;5,74;252;17/08/2026;1;50403,55;False;PUBLICA;-
LF00210089B;-;BANCO SAFRA S/A;LF;False;0;-;IPCA;100;4,77;252;23/06/2031;8;50000;False;PUBLICA;-
LF002200MUL;-;BANCO SAFRA S/A;LF;False;0;-;PREFIXADO;-;12,21;252;20/09/2027;5;58000;False;PUBLICA;-
LF002400V3N;-;ITAU UNIBANCO S.A.;LF;False;0;-;DI;102;-;-;16/11/2027;180;50000;False;PUBLICA;-
LF002308DEU;-;BANCO BMG S/A;LF;False;0;-;DI;100;1,5;252;13/11/2028;405;100154,3513;False;PUBLICA;-
LF0025005M4;-;ITAU UNIBANCO S.A.;LF;False;0;-;DI;101,8;-;-;15/03/2028;60;50000;False;PUBLICA;-
LF002100G73;-;BANCO SAFRA S/A;LF;False;0;-;IPCA;100;5,41;252;15/05/2035;2;50000;False;PUBLICA;-
LF002100A40;-;BANCO SAFRA S/A;LF;False;0;-;IPCA;100;4,53;252;28/07/2031;9;50000;False;PUBLICA;-
LF0022004U3;BRBSAFLNN2L5;BANCO SAFRA S/A;LF;False;0;-;DI;100;1,35;252;10/02/2027;9;50000;False;PUBLICA;-
LF002400ZUF;BRBITALFN3Q8;ITAU UNIBANCO S.A.;LF;False;0;-;IPCA;100;7,7;252;06/12/2027;1;4200000;False;PUBLICA;-
LF002400I7E;-;ITAU UNIBANCO S.A.;LF;False;0;-;DI;102;-;-;19/07/2027;46;50000;False;PUBLICA;-
LFSC22002CS;BRITUBLFI1I2;ITAU UNIBANCO HOLDING S.A;LFSC;False;0;-;DI;100;2,4;252;23/09/9999;1;300000;False;PUBLICA;-
LF002100854;-;BANCO SAFRA S/A;LF;False;0;-;IPCA;100;4,26;252;17/08/2026;2;65000;False;PUBLICA;-
LF002400NIH;-;ITAU UNIBANCO S.A.;LF;False;0;-;DI;102;-;-;15/09/2027;20;50000;False;PUBLICA;-
LF002100IYN;-;BANCO SAFRA S/A;LF;False;0;-;IPCA;100;5,89;252;17/08/2026;7;50142,857143;False;PUBLICA;-
LF002100LIC;BRBSAFLFE0O4;BANCO SAFRA S/A;LF;False;0;-;PREFIXADO;-;11,98;252;12/11/2026;10;72300;False;PUBLICA;-
LF0021002BA;-;BANCO SAFRA S/A;LF;False;0;-;IPCA;100;3,46;252;17/08/2026;2;50000;False;PUBLICA;-
LF002100IDJ;-;BANCO SAFRA S/A;LF;False;0;-;IPCA;100;6,5;252;26/10/2026;2;50000;False;PUBLICA;-
LF002600JO2;-;ITAU UNIBANCO S.A.;LF;False;0;-;DI;102;-;-;29/06/2029;390;50000;False;PUBLICA;-
LF002400CEK;-;ITAU UNIBANCO S.A.;LF;False;0;-;PREFIXADO;-;11,27;252;08/05/2028;60;50000;False;PUBLICA;-
LF0026008LJ;-;ITAU UNIBANCO S.A.;LF;False;0;-;DI;101,5;-;-;25/03/2030;2;50250;False;PUBLICA;-
LF002100MCP;-;BANCO SAFRA S/A;LF;False;0;-;IPCA;100;5,57;252;17/08/2026;1;50000;False;PUBLICA;-
LF002400P55;-;ITAU UNIBANCO S.A.;LF;False;0;-;DI;102;-;-;15/10/2027;37;51062,13;False;PUBLICA;-
LF0022000N3;-;BANCO SAFRA S/A;LF;False;0;-;IPCA;100;5,76;252;17/08/2026;1;50000;False;PUBLICA;-
LF002400WNC;-;ITAU UNIBANCO S.A.;LF;False;0;-;DI;102;-;-;15/12/2027;3;65000;False;PUBLICA;-
LF00240001B;-;ITAU UNIBANCO S.A.;LF;False;0;-;PREFIXADO;-;10,51;252;02/01/2029;1;247000;False;PUBLICA;-
LFSC22002CW;BRITUBLFI1I2;ITAU UNIBANCO HOLDING S.A;LFSC;False;0;-;DI;100;2,4;252;23/09/9999;1;300000;False;PUBLICA;-
LF0021008VJ;-;BANCO SAFRA S/A;LF;False;0;-;IPCA;100;4,17;252;17/08/2026;1;50000;False;PUBLICA;-
LF002100D0V;-;BANCO SAFRA S/A;LF;False;0;-;IPCA;100;4,73;252;17/08/2026;1;58000;False;PUBLICA;-
LF002100IXC;-;BANCO SAFRA S/A;LF;False;0;-;IPCA;100;5,89;252;17/08/2026;4;50000;False;PUBLICA;-
LF002600BIV;-;ITAU UNIBANCO S.A.;LF;False;0;-;DI;101,5;-;-;15/05/2029;88;50000;False;PUBLICA;-
LF002100Q4M;BRBSAFLNN1L7;BANCO SAFRA S/A;LF;False;0;-;IPCA;100;6,15;252;20/12/2028;150;100000;False;PUBLICA;-
LF002200AZT;-;BANCO SAFRA S/A;LF;False;0;-;IPCA;100;3,97;252;17/08/2026;4;50000;False;PUBLICA;-
LF0021006K3;-;BANCO SAFRA S/A;LF;False;0;-;IPCA;100;3,93;252;17/08/2026;3;56000;False;PUBLICA;-
LF002600MMN;-;ITAU UNIBANCO S.A.;LF;False;0;-;DI;101,5;-;-;15/08/2029;60;50000;False;PUBLICA;-
LF002100NPT;BRBSAFLFEW48;BANCO SAFRA S/A;LF;False;0;-;IPCA;100;5,85;252;01/12/2026;3;60000;False;PUBLICA;-
LF002400IRO;-;ITAU UNIBANCO S.A.;LF;False;0;-;DI;102;-;-;15/07/2027;74;50000;False;PUBLICA;-
LF002500574;-;ITAU UNIBANCO S.A.;LF;False;0;-;DI;101,8;-;-;15/03/2028;36;50000;False;PUBLICA;-
LFSN21001PX;BRBSAFLFNNT2;BANCO SAFRA S/A;LFSN;False;0;-;DI;100;2;252;17/05/2028;5;1000000;False;PUBLICA;-
LF002400RP2;-;BANCO SAFRA S/A;LF;False;0;-;IPCA;100;6,44;252;15/05/2045;3;50000;False;PUBLICA;-
LF002400GDR;-;ITAU UNIBANCO S.A.;LF;False;0;-;DI;102;-;-;15/07/2027;200;50000;False;PUBLICA;-
LF002400HGJ;-;ITAU UNIBANCO S.A.;LF;False;0;-;DI;102;-;-;15/07/2027;25;59320;False;PUBLICA;-
LF002100NX0;BRBSAFLFEXQ6;BANCO SAFRA S/A;LF;False;0;-;IPCA;100;5,36;252;17/08/2026;1;50000;False;PUBLICA;-
LF0021002X5;-;BANCO SAFRA S/A;LF;False;0;-;IPCA;100;3,62;252;17/08/2026;1;50000;False;PUBLICA;-
LF002500COZ;-;ITAU UNIBANCO S.A.;LF;False;0;-;DI;101,8;-;-;16/05/2028;230;50000;False;PUBLICA;-
LF002306QFW;-;BANCO BRADESCO S/A;LF;False;0;-;PREFIXADO;-;10,18;252;04/09/2026;5;50000;False;PUBLICA;-
LF002500A3T;-;ITAU UNIBANCO S.A.;LF;False;0;-;DI;101;-;-;17/04/2028;240;50107,75;False;PUBLICA;-
LF002600ERZ;-;ITAU UNIBANCO S.A.;LF;False;0;-;DI;102;-;-;15/06/2029;10;50000;False;PUBLICA;-
LFSN21003DB;BRBITALFIX07;ITAU UNIBANCO HOLDING S.A;LFSN;False;0;-;DI;100;2;252;21/10/2031;1;400000;False;PUBLICA;-
LF002400JTZ;-;ITAU UNIBANCO S.A.;LF;False;0;-;DI;102;-;-;16/08/2027;60;50000;False;PUBLICA;-
LF002100DYS;-;BANCO SAFRA S/A;LF;False;0;-;IPCA;100;4,96;252;17/08/2026;1;80000;False;PUBLICA;-
LF002400MY9;-;BANCO SAFRA S/A;LF;False;0;-;IPCA;100;6,01;252;25/08/2026;1;75000;False;PUBLICA;-
LF0022004TO;BRBSAFLNN2L5;BANCO SAFRA S/A;LF;False;0;-;DI;100;1,35;252;10/02/2027;6;50000;False;PUBLICA;-
LF002200GDV;-;BANCO SAFRA S/A;LF;False;0;-;IPCA;100;5,86;252;17/08/2026;3;60000;False;PUBLICA;-
LF002100DHI;-;BANCO SAFRA S/A;LF;False;0;-;IPCA;100;5,01;252;31/08/2026;10;50000;False;PUBLICA;-
LF002100K6L;BRBSAFLTRB59;BANCO SAFRA S/A;LF;False;0;-;IPCA;100;5,61;252;17/08/2026;5;50000;False;PUBLICA;-
LF002200KCR;-;BANCO SAFRA S/A;LF;False;0;-;PREFIXADO;-;13,6;252;25/07/2028;3;50000;False;PUBLICA;-
LF002100NX1;BRBSAFLFEXQ6;BANCO SAFRA S/A;LF;False;0;-;IPCA;100;5,36;252;17/08/2026;1;50000;False;PUBLICA;-
LF002100NT7;BRBSAFLFEWQ8;BANCO SAFRA S/A;LF;False;0;-;IPCA;100;5,53;252;17/08/2026;8;50000;False;PUBLICA;-
LF0025004U9;-;ITAU UNIBANCO S.A.;LF;False;0;-;DI;101,8;-;-;15/02/2028;30;54966,67;False;PUBLICA;-
LF002400JK3;-;ITAU UNIBANCO S.A.;LF;False;0;-;DI;102;-;-;16/08/2027;16;51875;False;PUBLICA;-
LF002600LS5;-;ITAU UNIBANCO S.A.;LF;False;0;-;DI;101,5;-;-;24/07/2028;1;3000000;False;PUBLICA;-
LF0022001BX;-;BANCO SAFRA S/A;LF;False;0;-;IPCA;100;5,77;252;17/08/2026;1;60000;False;PUBLICA;-
LF002100N3L;BRBSAFLFERN5;BANCO SAFRA S/A;LF;False;0;-;IPCA;100;5,45;252;17/08/2026;6;52500;False;PUBLICA;-
LF002400OTP;-;ITAU UNIBANCO S.A.;LF;False;0;-;DI;102;-;-;15/09/2027;2900;50000;False;PUBLICA;-
LF002600NFR;-;ITAU UNIBANCO S.A.;LF;False;0;-;DI;101,5;-;-;15/08/2029;60;50000;False;PUBLICA;-
LF0025007J0;-;ITAU UNIBANCO S.A.;LF;False;0;-;IPCA;100;8,13;252;17/03/2027;34;50000;False;PUBLICA;-
LF002307KJ6;BRCAMRLFI2K5;BANCO RCI BRASIL S.A.;LF;False;0;-;DI;100;1,05;252;02/10/2026;5214;50000;False;PUBLICA;-
LFSC22002BT;BRITUBLFI1I2;ITAU UNIBANCO HOLDING S.A;LFSC;False;0;-;DI;100;2,4;252;23/09/9999;3;300000;False;PUBLICA;-
LFSN21003KB;BRBITALFIX80;ITAU UNIBANCO HOLDING S.A;LFSN;False;0;-;DI;100;2;252;22/09/2031;5;400000;False;PUBLICA;-
LFSN21003TS;BRBITALFIXJ4;ITAU UNIBANCO HOLDING S.A;LFSN;False;0;-;DI;100;2;252;21/10/2031;5;400000;False;PUBLICA;-
LF0021003V0;-;BANCO SAFRA S/A;LF;False;0;-;IPCA;100;3,93;252;17/08/2026;40;50000;False;PUBLICA;-
LF002500CIG;-;ITAU UNIBANCO S.A.;LF;False;0;-;IPCA;100;7,43;252;14/05/2029;10;76600;False;PUBLICA;-
LF002400JG2;-;ITAU UNIBANCO S.A.;LF;False;0;-;DI;102;-;-;16/08/2027;61;50000;False;PUBLICA;-
LFSN21003J0;BRBITALFIX72;ITAU UNIBANCO HOLDING S.A;LFSN;False;0;-;DI;100;2;252;22/09/2031;1;400000;False;PUBLICA;-
LF002400KQ0;-;ITAU UNIBANCO S.A.;LF;False;0;-;DI;102;-;-;16/08/2027;120;50000;False;PUBLICA;-
LF002600ERQ;-;ITAU UNIBANCO S.A.;LF;False;0;-;DI;102;-;-;15/05/2029;100;50000;False;PUBLICA;-
LF0021009W5;-;BANCO SAFRA S/A;LF;False;0;-;IPCA;100;4,03;252;17/08/2026;3;50000;False;PUBLICA;-
LF002400KEG;-;ITAU UNIBANCO S.A.;LF;False;0;-;DI;102;-;-;16/08/2027;160;50000;False;PUBLICA;-
LFSC22002H3;BRITUBLFI1K8;ITAU UNIBANCO HOLDING S.A;LFSC;False;0;-;DI;100;2,4;252;27/09/9999;57;300000;False;PUBLICA;-
LF002600I7C;-;ITAU UNIBANCO S.A.;LF;False;0;-;IPCA;100;7,88;252;16/06/2028;1;357000;False;PUBLICA;-
LF0025004CA;-;ITAU UNIBANCO S.A.;LF;False;0;-;IPCA;100;7,93;252;05/02/2029;1;560000;False;PUBLICA;-
LF00260055Y;-;ITAU UNIBANCO S.A.;LF;False;0;-;DI;101,5;-;-;19/02/2031;20;50000;False;PUBLICA;-
LF002400PO9;-;ITAU UNIBANCO S.A.;LF;False;0;-;DI;101;-;-;21/09/2026;815;50000;False;PUBLICA;-
LF002600F5P;-;ITAU UNIBANCO S.A.;LF;False;0;-;DI;101;-;-;15/06/2029;110;50000;False;PUBLICA;-
LF002500NM2;BRBCGMLFIA35;BANCO GM S.A;LF;False;0;-;DI;100;0,4;252;27/10/2028;2546;50000;False;PUBLICA;-
LF002100H7Y;-;BANCO SAFRA S/A;LF;False;0;-;IPCA;100;5,22;252;17/08/2026;1;50000;False;PUBLICA;-
LFSC22002CT;BRITUBLFI1I2;ITAU UNIBANCO HOLDING S.A;LFSC;False;0;-;DI;100;2,4;252;23/09/9999;110;300000;False;PUBLICA;-
LF002400L3V;-;ITAU UNIBANCO S.A.;LF;False;0;-;DI;102;-;-;16/08/2027;460;50000;False;PUBLICA;-
LF002600L99;-;ITAU UNIBANCO S.A.;LF;False;0;-;DI;101,5;-;-;15/08/2029;1;800000;False;PUBLICA;-
LF002100HPQ;-;BANCO SAFRA S/A;LF;False;0;-;IPCA;100;5,55;252;17/08/2026;1;50000;False;PUBLICA;-
LF002100AX3;-;BANCO SAFRA S/A;LF;False;0;-;IPCA;100;4,56;252;17/08/2026;1;55000;False;PUBLICA;-
LF002303BGA;-;BANCO BRADESCO S/A;LF;False;0;-;PREFIXADO;-;11,78;252;16/05/2028;1;50000;False;PUBLICA;-
LF002400M4T;-;BANCO SAFRA S/A;LF;False;0;-;IPCA;100;6,35;252;15/05/2029;2;50000;False;PUBLICA;-
LF002400F2V;-;BANCO SAFRA S/A;LF;False;0;-;IPCA;100;6,18;252;15/05/2029;4;50000;False;PUBLICA;-
LF002400PTR;-;BANCO SAFRA S/A;LF;False;0;-;IPCA;100;6,43;252;26/09/2045;3;50000;False;PUBLICA;-
LF002100E2Y;-;BANCO SAFRA S/A;LF;False;0;-;IPCA;100;5,12;252;17/08/2026;13;53607,692308;False;PUBLICA;-
LF002100N4E;BRBSAFLFERS4;BANCO SAFRA S/A;LF;False;0;-;IPCA;100;5,45;252;17/08/2026;1;79000;False;PUBLICA;-
LF002100H20;-;BANCO SAFRA S/A;LF;False;0;-;IPCA;100;5,15;252;17/08/2026;8;50000;False;PUBLICA;-
LF0021004AI;-;BANCO SAFRA S/A;LF;False;0;-;IPCA;100;4,11;252;17/08/2026;60;50000;False;PUBLICA;-
LF002100DMQ;-;BANCO SAFRA S/A;LF;False;0;-;IPCA;100;4,86;252;17/08/2026;2;50000;False;PUBLICA;-
LF002600NBM;-;ITAU UNIBANCO S.A.;LF;False;0;-;DI;101,5;-;-;15/08/2029;80;52200;False;PUBLICA;-
LF002100G30;-;BANCO SAFRA S/A;LF;False;0;-;IPCA;100;5,06;252;17/08/2026;4;52500;False;PUBLICA;-
LF002500OLB;-;ITAU UNIBANCO S.A.;LF;False;0;-;DI;101,5;-;-;12/11/2029;5;50000;False;PUBLICA;-
LFSN21003N5;BRBITALFIXH8;ITAU UNIBANCO HOLDING S.A;LFSN;False;0;-;DI;100;2;252;22/09/2031;1;400000;False;PUBLICA;-
LF002400POA;-;ITAU UNIBANCO S.A.;LF;False;0;-;DI;102;-;-;15/09/2027;8;50000;False;PUBLICA;-
LF002100N40;BRBSAFLFER45;BANCO SAFRA S/A;LF;False;0;-;IPCA;100;5,44;252;17/08/2026;1;50000;False;PUBLICA;-
LF002100PLS;-;BANCO SAFRA S/A;LF;False;0;-;IPCA;100;5,34;252;17/08/2026;1;50000;False;PUBLICA;-
LF002100OYA;-;BANCO SAFRA S/A;LF;False;0;-;IPCA;100;5,25;252;17/08/2026;10;50000;False;PUBLICA;-
LF002600MLO;-;ITAU UNIBANCO S.A.;LF;False;0;-;DI;101,5;-;-;15/08/2029;20;50000;False;PUBLICA;-
LF002400G4G;BRBSAFLNNDE9;BANCO SAFRA S/A;LF;False;0;-;DI;100;0,45;252;20/08/2026;340;50000;False;PUBLICA;-
LF002400TUS;-;ITAU UNIBANCO S.A.;LF;False;0;-;DI;102;-;-;16/11/2027;12;50000;False;PUBLICA;-
LFSC22002CA;BRITUBLFI1I2;ITAU UNIBANCO HOLDING S.A;LFSC;False;0;-;DI;100;2,4;252;23/09/9999;1;300000;False;PUBLICA;-
LFSN21003KW;BRBITALFIXA3;ITAU UNIBANCO HOLDING S.A;LFSN;False;0;-;DI;100;2;252;21/10/2031;81;400000;False;PUBLICA;-
LF002100G36;-;BANCO SAFRA S/A;LF;False;0;-;IPCA;100;5,06;252;17/08/2026;1;50000;False;PUBLICA;-
LF002100KYI;BRBSAFLTRE64;BANCO SAFRA S/A;LF;False;0;-;IPCA;100;5,65;252;17/08/2026;3;50000;False;PUBLICA;-
LF002400JOC;-;ITAU UNIBANCO S.A.;LF;False;0;-;DI;102;-;-;16/08/2027;434;50000;False;PUBLICA;-
LF002100HK2;-;BANCO SAFRA S/A;LF;False;0;-;IPCA;100;5,46;252;17/08/2026;2;50000;False;PUBLICA;-
LF002400GLQ;-;ITAU UNIBANCO S.A.;LF;False;0;-;DI;102;-;-;15/07/2027;521;50000;False;PUBLICA;-
LFSN21003K7;BRBITALFIX80;ITAU UNIBANCO HOLDING S.A;LFSN;False;0;-;DI;100;2;252;22/09/2031;214;400000;False;PUBLICA;-
LF002302OM0;-;ITAU UNIBANCO S.A.;LF;False;0;-;IPCA;100;6,26;252;20/04/2028;1;5000000;False;PUBLICA;-
LF002400BRT;-;BANCO BRADESCO S/A;LF;False;0;-;IPCA;100;6;252;15/05/2035;1;50000;False;PUBLICA;-
LF002600560;-;ITAU UNIBANCO S.A.;LF;False;0;-;DI;101,5;-;-;21/02/2028;10;50000;False;PUBLICA;-
LF002100BVT;-;BANCO SAFRA S/A;LF;False;0;-;IPCA;100;4,81;252;17/08/2026;5;54400;False;PUBLICA;-
LF002308FV3;-;BANCO SAFRA S/A;LF;False;0;-;DI;106;-;-;09/12/2026;50;50000;False;PUBLICA;-
LF0022000MD;-;BANCO SAFRA S/A;LF;False;0;-;IPCA;100;5,76;252;17/08/2026;2;50000;False;PUBLICA;-
LF002307WF5;-;ITAU UNIBANCO S.A.;LF;False;0;-;PREFIXADO;-;11,25;252;19/10/2026;1;300000;False;PUBLICA;-
LF002400LQA;-;ITAU UNIBANCO S.A.;LF;False;0;-;DI;102;-;-;16/08/2027;303;60133,05;False;PUBLICA;-
LF002400LT5;-;ITAU UNIBANCO S.A.;LF;False;0;-;DI;102;-;-;16/08/2027;60;50000;False;PUBLICA;-
LF0021007VH;-;BANCO SAFRA S/A;LF;False;0;-;IPCA;100;4,22;252;17/08/2026;1;50647;False;PUBLICA;-
LF0021005OK;-;BANCO SAFRA S/A;LF;False;0;-;IPCA;100;3,9;252;17/08/2026;1;52000;False;PUBLICA;-
LF002100JX9;BRBSAFLTR9C9;BANCO SAFRA S/A;LF;False;0;-;IPCA;100;5,61;252;17/08/2026;2;50000;False;PUBLICA;-
LFSC22002GX;BRITUBLFI1K8;ITAU UNIBANCO HOLDING S.A;LFSC;False;0;-;DI;100;2,4;252;27/09/9999;20;300000;False;PUBLICA;-
LF002100219;-;BANCO SAFRA S/A;LF;False;0;-;IPCA;100;3,78;252;17/08/2026;6;50000;False;PUBLICA;-
LF00220088A;-;BANCO SAFRA S/A;LF;False;0;-;IPCA;100;6,54;252;18/03/2032;2;50000;False;PUBLICA;-
LF0021003PM;-;BANCO SAFRA S/A;LF;False;0;-;IPCA;100;3,99;252;17/08/2026;10;50000;False;PUBLICA;-
LF002400G3J;BRBSAFLNNDE9;BANCO SAFRA S/A;LF;False;0;-;DI;100;0,45;252;20/08/2026;184;50000;False;PUBLICA;-
LF002400ZUK;-;ITAU UNIBANCO S.A.;LF;False;0;-;DI;102;-;-;15/12/2027;434;50000;False;PUBLICA;-
LF002200CT0;-;BANCO SAFRA S/A;LF;False;0;-;IPCA;100;6,28;252;28/04/2032;2;50000;False;PUBLICA;-
LF002400I7R;-;ITAU UNIBANCO S.A.;LF;False;0;-;DI;102;-;-;19/07/2027;60;50000;False;PUBLICA;-
LF0021007Y4;-;BANCO SAFRA S/A;LF;False;0;-;IPCA;100;4,22;252;17/08/2026;2;50000;False;PUBLICA;-
LF002200GZY;-;BANCO SAFRA S/A;LF;False;0;-;IPCA;100;6,14;252;15/05/2035;1;50000;False;PUBLICA;-
LF0024011V1;BRBITALFN3S4;ITAU UNIBANCO S.A.;LF;False;0;-;IPCA;100;8,01;252;10/12/2026;1;5000000;False;PUBLICA;-
LF0022008U3;-;BANCO SAFRA S/A;LF;False;0;-;PREFIXADO;-;13,16;252;24/03/2032;2;50000;False;PUBLICA;-
LF002100HC8;-;BANCO SAFRA S/A;LF;False;0;-;IPCA;100;5,37;252;17/08/2026;3;56666,666667;False;PUBLICA;-
LF002200ALI;-;BANCO SAFRA S/A;LF;False;0;-;IPCA;100;5,42;252;17/08/2026;5;50000;False;PUBLICA;-
LF0025004UA;-;ITAU UNIBANCO S.A.;LF;False;0;-;DI;101,8;-;-;15/02/2028;37;50000;False;PUBLICA;-
LF00210048Y;-;BANCO SAFRA S/A;LF;False;0;-;IPCA;100;4,51;252;15/05/2035;1;75000;False;PUBLICA;-
LF002400JTO;-;ITAU UNIBANCO S.A.;LF;False;0;-;DI;102;-;-;16/08/2027;40;50000;False;PUBLICA;-
LF00250082X;-;BANCO SAFRA S/A;LF;False;0;-;PREFIXADO;-;14,15;252;24/09/2035;1;230000;False;PUBLICA;-
LF0025003YK;-;ITAU UNIBANCO S.A.;LF;False;0;-;PREFIXADO;-;15,19;252;30/01/2035;50;50000;False;PUBLICA;-
LF002600LDA;-;ITAU UNIBANCO S.A.;LF;False;0;-;DI;101;-;-;15/08/2029;200;50000;False;PUBLICA;-
LF0021007MS;-;BANCO SAFRA S/A;LF;False;0;-;IPCA;100;3,94;252;17/08/2026;1;50000;False;PUBLICA;-
LF002100EE4;-;BANCO SAFRA S/A;LF;False;0;-;IPCA;100;4,93;252;17/08/2026;1;50000;False;PUBLICA;-
LF002100DJI;-;BANCO SAFRA S/A;LF;False;0;-;IPCA;100;4,84;252;17/08/2026;2;50000;False;PUBLICA;-
LF0022000JN;-;BANCO SAFRA S/A;LF;False;0;-;IPCA;100;6,07;252;15/05/2035;2;51785,99;False;PUBLICA;-
LF002500PE7;-;ITAU UNIBANCO S.A.;LF;False;0;-;PREFIXADO;-;12,65;252;14/11/2028;25;54240;False;PUBLICA;-
LF002500KLW;-;ITAU UNIBANCO S.A.;LF;False;0;-;IPCA;100;8,19;252;08/09/2028;3;50000;False;PUBLICA;-
LF002100BO2;-;BANCO SAFRA S/A;LF;False;0;-;IPCA;100;4,69;252;17/08/2026;1;50000;False;PUBLICA;-
LF0021004FK;-;BANCO SAFRA S/A;LF;False;0;-;IPCA;100;4,04;252;17/08/2026;2;50000;False;PUBLICA;-
LF002100HIV;-;BANCO SAFRA S/A;LF;False;0;-;IPCA;100;5,46;252;17/08/2026;1;76000;False;PUBLICA;-
LF002400RP3;-;BANCO SAFRA S/A;LF;False;0;-;PREFIXADO;-;12,24;252;11/10/2027;1;75000;False;PUBLICA;-
LF0021004A1;-;BANCO SAFRA S/A;LF;False;0;-;IPCA;100;4,11;252;17/08/2026;1;50000;False;PUBLICA;-
LF0021006IS;-;BANCO SAFRA S/A;LF;False;0;-;IPCA;100;4,59;252;15/05/2035;2;50000;False;PUBLICA;-
LF002400FH5;-;BANCO SAFRA S/A;LF;False;0;-;IPCA;100;6,39;252;15/05/2045;1;77000;False;PUBLICA;-
LF002200HLQ;-;BANCO SAFRA S/A;LF;False;0;-;IPCA;100;5,99;252;22/06/2027;3;50000;False;PUBLICA;-
LF00220026K;-;BANCO SAFRA S/A;LF;False;0;-;IPCA;100;5,61;252;18/08/2026;1;50000;False;PUBLICA;-
LF002100LVM;BRBSAFLFE1E3;BANCO SAFRA S/A;LF;False;0;-;IPCA;100;5,67;252;17/08/2026;4;52750;False;PUBLICA;-
LF002400LZZ;-;BANCO SAFRA S/A;LF;False;0;-;PREFIXADO;-;11,55;252;17/08/2026;1;55000;False;PUBLICA;-
LF0021008W3;-;BANCO SAFRA S/A;LF;False;0;-;IPCA;100;4,54;252;15/05/2035;3;50000;False;PUBLICA;-
LF002500N9E;BRMCSFLFI178;MERCADO CREDITO SOCIEDADE DE CREDITO FINANCIAMENTO E INVESTIMENTO SA;LF;False;0;-;DI;100;0,55;252;21/10/2028;2900;50000;False;PUBLICA;-
LF002500BV9;-;ITAU UNIBANCO S.A.;LF;False;0;-;IPCA;100;8,2;252;03/05/2027;50;61820;False;PUBLICA;-
LF002400LSV;-;ITAU UNIBANCO S.A.;LF;False;0;-;DI;102;-;-;16/08/2027;40;50000;False;PUBLICA;-
LF002400DI6;-;ITAU UNIBANCO S.A.;LF;False;0;-;DI;103;-;-;17/05/2028;750;64500;False;PUBLICA;-
LF002100HBZ;-;BANCO SAFRA S/A;LF;False;0;-;IPCA;100;5,37;252;17/08/2026;3;50000;False;PUBLICA;-
LF002200DWZ;-;BANCO SAFRA S/A;LF;False;0;-;IPCA;100;6;252;17/08/2026;21;50729,39;False;PUBLICA;-
LFSN22008C8;-;BANCO SAFRA S/A;LFSN;False;0;-;PREFIXADO;-;15,2;252;14/06/2032;2;500000;False;PUBLICA;-
LF002100G6O;-;BANCO SAFRA S/A;LF;False;0;-;IPCA;100;5,17;252;17/08/2026;1;50000;False;PUBLICA;-
LF0025005SE;-;ITAU UNIBANCO S.A.;LF;False;0;-;DI;102;-;-;25/02/2030;1;500000;False;PUBLICA;-
LF002100NU5;BRBSAFLFEX70;BANCO SAFRA S/A;LF;False;0;-;IPCA;100;5,53;252;17/08/2026;2;50000;False;PUBLICA;-
LF0021009PW;-;BANCO SAFRA S/A;LF;False;0;-;IPCA;100;4,6;252;15/05/2035;20;50000;False;PUBLICA;-
LF002400LZY;-;BANCO SAFRA S/A;LF;False;0;-;IPCA;100;6,33;252;17/08/2026;20;50000;False;PUBLICA;-
LF002600H3X;BRCAMRLFI437;BANCO RCI BRASIL S.A.;LF;False;0;-;DI;100;0,53;252;09/06/2030;3000;50000;False;PUBLICA;-
LF002300ASY;BRDAYCLFRAX3;BANCO DAYCOVAL S/A;LF;False;0;-;DI;100;1,5;252;24/01/2028;788;50000;False;PUBLICA;-
LF002100DDX;-;BANCO SAFRA S/A;LF;False;0;-;IPCA;100;4,72;252;17/08/2026;1;50000;False;PUBLICA;-
LF002400PCI;-;BANCO SAFRA S/A;LF;False;0;-;IPCA;100;6,54;252;17/09/2026;1;220000;False;PUBLICA;-
LF0021001J3;BRBSAFLTFCZ9;BANCO SAFRA S/A;LF;False;0;-;IPCA;100;3,31;252;17/08/2026;1;50000;False;PUBLICA;-
LF002400PZW;-;ITAU UNIBANCO S.A.;LF;False;0;-;IPCA;100;6,64;252;25/09/2028;7;50000;False;PUBLICA;-
LFSN21003IJ;BRBITALFIX72;ITAU UNIBANCO HOLDING S.A;LFSN;False;0;-;DI;100;2;252;22/09/2031;9;400000;False;PUBLICA;-
LF0026004MY;BRBTOYLFI3J4;BANCO TOYOTA DO BRASIL S/A;LF;False;0;-;DI;100;0,38;252;09/02/2029;4899;50000;False;PUBLICA;-
LF002500CDL;-;ITAU UNIBANCO S.A.;LF;False;0;-;DI;101,5;-;-;13/05/2030;2;53000;False;PUBLICA;-
LFSC22002MM;BRITUBLFI1L6;ITAU UNIBANCO HOLDING S.A;LFSC;False;0;-;DI;100;2,4;252;28/09/9999;5;300000;False;PUBLICA;-
LF002200CJJ;-;BANCO SAFRA S/A;LF;False;0;-;IPCA;100;6,47;252;26/04/2027;3;50000;False;PUBLICA;-
LF002100E0N;-;BANCO SAFRA S/A;LF;False;0;-;IPCA;100;5,01;252;17/08/2026;1;50000;False;PUBLICA;-
LF002600DTF;-;ITAU UNIBANCO S.A.;LF;False;0;-;DI;101,5;-;-;08/05/2028;6;59000;False;PUBLICA;-
LF002600MT8;-;ITAU UNIBANCO S.A.;LF;False;0;-;DI;101;-;-;15/08/2029;400;50000;False;PUBLICA;-
LF0022002EP;-;BANCO SAFRA S/A;LF;False;0;-;IPCA;100;5,65;252;17/08/2026;1;92000;False;PUBLICA;-
LFSN21003HP;BRBITALFIX64;ITAU UNIBANCO HOLDING S.A;LFSN;False;0;-;DI;100;2;252;21/10/2031;13;400000;False;PUBLICA;-
LF002100323;-;BANCO SAFRA S/A;LF;False;0;-;IPCA;100;3,69;252;17/08/2026;2;50000;False;PUBLICA;-
LFSN2200C1F;-;BANCO SAFRA S/A;LFSN;False;0;-;PREFIXADO;-;13,7;360;29/10/2029;1;400000;False;PUBLICA;-
LF002100KOB;BRBSAFLTRDA5;BANCO SAFRA S/A;LF;False;0;-;IPCA;100;5,61;252;17/08/2026;3;50000;False;PUBLICA;-
LF00210055L;-;BANCO SAFRA S/A;LF;False;0;-;IPCA;100;3,95;252;17/08/2026;1;50000;False;PUBLICA;-
LFSN220099J;-;BANCO SAFRA S/A;LFSN;False;0;-;PREFIXADO;-;14,61;252;12/07/2032;1;300000;False;PUBLICA;-
LF002600N0F;-;ITAU UNIBANCO S.A.;LF;False;0;-;DI;101;-;-;15/08/2029;300;50000;False;PUBLICA;-
LF002100H7V;-;BANCO SAFRA S/A;LF;False;0;-;IPCA;100;5,22;252;17/08/2026;7;52857,142858;False;PUBLICA;-
LF0021002B3;-;BANCO SAFRA S/A;LF;False;0;-;IPCA;100;3,46;252;17/08/2026;4;57750;False;PUBLICA;-
LF0026004E0;-;ITAU UNIBANCO S.A.;LF;False;0;-;DI;101,5;-;-;15/02/2029;600;50000;False;PUBLICA;-
LFSC22002MI;BRITUBLFI1L6;ITAU UNIBANCO HOLDING S.A;LFSC;False;0;-;DI;100;2,4;252;28/09/9999;3;300000;False;PUBLICA;-
LFSC23006TY;BRITUBLFI1R3;ITAU UNIBANCO HOLDING S.A;LFSC;False;0;-;DI;100;1,9;252;09/11/9999;25;350000;False;PUBLICA;-
LF002400RIF;-;ITAU UNIBANCO S.A.;LF;False;0;-;DI;103;-;-;05/10/2026;39;50000;False;PUBLICA;-
LF002307XYJ;-;ITAU UNIBANCO S.A.;LF;False;0;-;PREFIXADO;-;11,95;252;23/10/2028;1;185000;False;PUBLICA;-
LF002308ES9;-;BANCO SAFRA S/A;LF;False;0;-;IPCA;100;5,85;252;07/12/2026;40;50000;False;PUBLICA;-
LF0021003RO;-;BANCO SAFRA S/A;LF;False;0;-;IPCA;100;3,99;252;17/08/2026;1;52000;False;PUBLICA;-
LF002400N3B;-;ITAU UNIBANCO S.A.;LF;False;0;-;DI;102;-;-;15/09/2027;20;50000;False;PUBLICA;-
LF0021005FD;-;BANCO SAFRA S/A;LF;False;0;-;IPCA;100;3,79;252;17/08/2026;1;108000;False;PUBLICA;-
LF002100DMS;-;BANCO SAFRA S/A;LF;False;0;-;IPCA;100;4,86;252;17/08/2026;5;50000;False;PUBLICA;-
LF0022009LC;-;BANCO SAFRA S/A;LF;False;0;-;IPCA;100;5,81;252;24/03/2032;1;50000;False;PUBLICA;-
LF002100HP3;-;BANCO SAFRA S/A;LF;False;0;-;IPCA;100;5,55;252;17/08/2026;1;60000;False;PUBLICA;-
LF002400MKR;-;BANCO SAFRA S/A;LF;False;0;-;PREFIXADO;-;11,59;252;21/08/2026;100;50000;False;PUBLICA;-
LF002100C50;-;BANCO SAFRA S/A;LF;False;0;-;IPCA;100;4,87;252;17/08/2026;4;50000;False;PUBLICA;-
LF002500BY0;BRBTOYLFI3C9;BANCO TOYOTA DO BRASIL S/A;LF;False;0;-;DI;100;0,34;252;16/05/2027;9000;50000;False;PUBLICA;-
LF002500CS2;-;ITAU UNIBANCO S.A.;LF;False;0;-;IPCA;100;8,3;252;19/05/2027;100;56300;False;PUBLICA;-
LF0022003M1;-;BANCO SAFRA S/A;LF;False;0;-;IPCA;100;5,64;252;17/08/2026;2;60000;False;PUBLICA;-
LF002100G7L;-;BANCO SAFRA S/A;LF;False;0;-;IPCA;100;5,17;252;17/08/2026;3;65000;False;PUBLICA;-
LF002200GV3;BRBSAFLNNEE7;BANCO SAFRA S/A;LF;False;0;-;DI;109,85;-;-;14/06/2027;400;50000;False;PUBLICA;-
LF002100ENV;-;BANCO SAFRA S/A;LF;False;0;-;IPCA;100;4,91;252;17/08/2026;10;50000;False;PUBLICA;-
LF0023087DJ;-;ITAU UNIBANCO S.A.;LF;False;0;-;PREFIXADO;-;10,4;252;17/11/2026;1;300000;False;PUBLICA;-
LF002400MC1;-;ITAU UNIBANCO S.A.;LF;False;0;-;PREFIXADO;-;11,39;252;19/08/2026;1;50000;False;PUBLICA;-
LF002400G9C;-;ITAU UNIBANCO S.A.;LF;False;0;-;IPCA;100;6,68;252;20/06/2034;1;1000000;False;PUBLICA;-
LF0021009L1;-;BANCO SAFRA S/A;LF;False;0;-;IPCA;100;4,18;252;17/08/2026;1;50000;False;PUBLICA;-
LF0025009PL;-;ITAU UNIBANCO S.A.;LF;False;0;-;DI;101;-;-;17/04/2028;12;50000;False;PUBLICA;-
LF002100FED;-;ITAU UNIBANCO S.A.;LF;False;0;-;PREFIXADO;-;11,27;252;28/09/2026;1;13000000;False;PUBLICA;-
LF0021003RP;-;BANCO SAFRA S/A;LF;False;0;-;IPCA;100;3,99;252;17/08/2026;1;50000;False;PUBLICA;-
LF002306KF7;-;BANCO BRADESCO S/A;LF;False;0;-;PREFIXADO;-;10,08;252;31/08/2026;8;50000;False;PUBLICA;-
LF002400RZ2;-;ITAU UNIBANCO S.A.;LF;False;0;-;DI;102;-;-;15/10/2027;200;50000;False;PUBLICA;-
LF002100E2M;-;BANCO SAFRA S/A;LF;False;0;-;IPCA;100;5,21;252;09/09/2031;1;50000;False;PUBLICA;-
LF002400LT3;-;ITAU UNIBANCO S.A.;LF;False;0;-;DI;102;-;-;16/08/2027;192;50000;False;PUBLICA;-
LF002100N8H;BRBSAFLFESH5;BANCO SAFRA S/A;LF;False;0;-;IPCA;100;5,53;252;17/08/2026;2;57500;False;PUBLICA;-
LF002200LJE;-;ITAU UNIBANCO S.A.;LF;False;0;-;IPCA;100;6,03;252;19/08/2032;1;80000;False;PUBLICA;-
LF0021009FG;-;BANCO SAFRA S/A;LF;False;0;-;IPCA;100;4,15;252;17/08/2026;1;50000;False;PUBLICA;-
LF002100ICQ;-;BANCO SAFRA S/A;LF;False;0;-;IPCA;100;5,57;252;17/08/2026;1;60000;False;PUBLICA;-
LF002400JG3;-;ITAU UNIBANCO S.A.;LF;False;0;-;DI;102;-;-;16/08/2027;1220;50000;False;PUBLICA;-
LF002100HI6;-;BANCO SAFRA S/A;LF;False;0;-;IPCA;100;5,46;252;17/08/2026;19;50000;False;PUBLICA;-
LF002400MQ5;-;ITAU UNIBANCO S.A.;LF;False;0;-;DI;102;-;-;15/09/2027;2;62500;False;PUBLICA;-
LF00210076F;-;BANCO SAFRA S/A;LF;False;0;-;IPCA;100;3,77;252;17/08/2026;1;87000;False;PUBLICA;-
LF002100C4V;-;BANCO SAFRA S/A;LF;False;0;-;IPCA;100;4,86;252;19/08/2026;1;50000;False;PUBLICA;-
LF002600CPP;-;ITAU UNIBANCO S.A.;LF;False;0;-;IPCA;100;7,31;252;05/05/2028;10;54000;False;PUBLICA;-
LF002400JCF;-;ITAU UNIBANCO S.A.;LF;False;0;-;DI;102;-;-;16/08/2027;16;50000;False;PUBLICA;-
LF002200H0V;-;BANCO SAFRA S/A;LF;False;0;-;IPCA;100;5,99;252;16/06/2027;1;50000;False;PUBLICA;-
LF002100E30;-;BANCO SAFRA S/A;LF;False;0;-;IPCA;100;5,12;252;17/08/2026;1;83000;False;PUBLICA;-
LF002100JKY;BRBSAFLTR870;BANCO SAFRA S/A;LF;False;0;-;IPCA;100;5,85;252;17/08/2026;1;50000;False;PUBLICA;-
LFSC22002SX;BRITUBLFI1M4;ITAU UNIBANCO HOLDING S.A;LFSC;False;0;-;DI;100;2,4;252;29/09/9999;3;300000;False;PUBLICA;-
LF002400P5C;-;ITAU UNIBANCO S.A.;LF;False;0;-;DI;102;-;-;15/10/2027;90;50000;False;PUBLICA;-
LF002100B9Y;-;BANCO SAFRA S/A;LF;False;0;-;IPCA;100;4,67;252;17/08/2026;2;81000;False;PUBLICA;-
LF0023072BV;-;ITAU UNIBANCO S.A.;LF;False;0;-;PREFIXADO;-;11,85;252;19/09/2033;1;500000;False;PUBLICA;-
LF0021007W4;-;BANCO SAFRA S/A;LF;False;0;-;IPCA;100;4,22;252;17/08/2026;2;50000;False;PUBLICA;-
LF002100CIP;-;BANCO SAFRA S/A;LF;False;0;-;IPCA;100;5,1;252;17/08/2026;1;50000;False;PUBLICA;-
LF002500CS1;-;ITAU UNIBANCO S.A.;LF;False;0;-;IPCA;100;8,3;252;19/05/2027;600;52715;False;PUBLICA;-
LF002400FQ5;-;BANCO SAFRA S/A;LF;False;0;-;IPCA;100;6,59;252;15/05/2035;5;50200;False;PUBLICA;-
LF002100G7T;-;BANCO SAFRA S/A;LF;False;0;-;IPCA;100;5,17;252;17/08/2026;2;50000;False;PUBLICA;-
LF002200IRS;-;BANCO SAFRA S/A;LF;False;0;-;IPCA;100;6,3;252;15/05/2035;9;55444,444445;False;PUBLICA;-
LF0025005BX;-;BANCO SAFRA S/A;LF;False;0;-;PREFIXADO;-;14,2;252;21/08/2035;1;54000;False;PUBLICA;-
LF002100IXZ;-;BANCO SAFRA S/A;LF;False;0;-;IPCA;100;5,89;252;17/08/2026;2;50000;False;PUBLICA;-
LF002400SWS;-;BANCO SAFRA S/A;LF;False;0;-;IPCA;100;6,75;252;15/05/2029;1;50000;False;PUBLICA;-
LFSN210046H;BRBSAFLNNCM4;BANCO SAFRA S/A;LFSN;False;0;-;IPCA;-;6,72;252;14/10/2031;100;1000000;False;PUBLICA;-
LF002400UHE;-;ITAU UNIBANCO S.A.;LF;False;0;-;DI;102;-;-;16/11/2027;16;50625;False;PUBLICA;-
LF002100CFX;-;BANCO SAFRA S/A;LF;False;0;-;IPCA;100;5,17;252;17/08/2026;1;62000;False;PUBLICA;-
LFSN21001PA;BRBSAFLFNNR6;BANCO SAFRA S/A;LFSN;False;0;-;DI;100;2;252;15/05/2028;5;300000;False;PUBLICA;-
LFSN21003N4;BRBITALFIXH8;ITAU UNIBANCO HOLDING S.A;LFSN;False;0;-;DI;100;2;252;22/09/2031;1;400000;False;PUBLICA;-
LF002400UK5;BRBCGMLFI9O4;BANCO GM S.A;LF;False;0;-;PREFIXADO;-;13,7;252;01/10/2027;2000;50000;False;PUBLICA;-
LF002400QLY;-;BANCO SAFRA S/A;LF;False;0;-;IPCA;100;6,22;252;12/05/2045;3;50000;False;PUBLICA;-
LF002200JKH;-;BANCO SAFRA S/A;LF;False;0;-;IPCA;100;6,56;252;16/05/2035;1;50000;False;PUBLICA;-
LF0025009PK;-;ITAU UNIBANCO S.A.;LF;False;0;-;DI;101;-;-;17/04/2028;58;50000;False;PUBLICA;-
LF0025004QI;-;BANCO SAFRA S/A;LF;False;0;-;IPCA;100;7,35;252;12/08/2035;4;50000;False;PUBLICA;-
LF002100E39;-;BANCO SAFRA S/A;LF;False;0;-;IPCA;100;5,21;252;09/09/2031;14;50000;False;PUBLICA;-
LF002100I1M;-;BANCO SAFRA S/A;LF;False;0;-;IPCA;100;5,74;252;17/08/2026;1;50000;False;PUBLICA;-
LF002600MX5;-;ITAU UNIBANCO S.A.;LF;False;0;-;DI;101,5;-;-;15/08/2029;8;53750;False;PUBLICA;-
LFSN21003K4;BRBITALFIX80;ITAU UNIBANCO HOLDING S.A;LFSN;False;0;-;DI;100;2;252;22/09/2031;4;400000;False;PUBLICA;-
LF0021006P5;-;BANCO SAFRA S/A;LF;False;0;-;IPCA;100;4,02;252;17/08/2026;2;50000;False;PUBLICA;-
LF002100HJD;-;BANCO SAFRA S/A;LF;False;0;-;IPCA;100;5,46;252;17/08/2026;1;50000;False;PUBLICA;-
LF002400T2X;-;ITAU UNIBANCO S.A.;LF;False;0;-;DI;102;-;-;16/11/2027;730;50465,76;False;PUBLICA;-
LF00240125Y;-;ITAU UNIBANCO S.A.;LF;False;0;-;DI;102;-;-;15/12/2027;405;50614,09;False;PUBLICA;-
LF002400N7F;-;ITAU UNIBANCO S.A.;LF;False;0;-;DI;102;-;-;15/09/2027;16;57250;False;PUBLICA;-
LF002200MPH;-;BANCO SAFRA S/A;LF;False;0;-;IPCA;100;6,25;252;14/09/2027;300;50000;False;PUBLICA;-
LFSC22002BW;BRITUBLFI1I2;ITAU UNIBANCO HOLDING S.A;LFSC;False;0;-;DI;100;2,4;252;23/09/9999;17;300000;False;PUBLICA;-
LF002100D0S;-;BANCO SAFRA S/A;LF;False;0;-;IPCA;100;4,73;252;17/08/2026;1;67000;False;PUBLICA;-
LF002100JL6;BRBSAFLTR870;BANCO SAFRA S/A;LF;False;0;-;IPCA;100;5,85;252;17/08/2026;1;50000;False;PUBLICA;-
LF002100BWM;-;BANCO SAFRA S/A;LF;False;0;-;IPCA;100;4,81;252;17/08/2026;20;50000;False;PUBLICA;-
LF002400CEC;-;BANCO SAFRA S/A;LF;False;0;-;DI;104,25;-;-;10/05/2027;88;50454,545455;False;PUBLICA;-
LF002100LOO;BRBSAFLFE091;BANCO SAFRA S/A;LF;False;0;-;IPCA;100;5,55;252;17/08/2026;1;50000;False;PUBLICA;-
LF002400M5Z;-;ITAU UNIBANCO S.A.;LF;False;0;-;DI;102;-;-;17/08/2026;60;50000;False;PUBLICA;-
LF002200F6I;-;BANCO SAFRA S/A;LF;False;0;-;IPCA;100;5,88;252;17/08/2026;7;50000;False;PUBLICA;-
LF002500B73;BRCAMRLFI3F3;BANCO RCI BRASIL S.A.;LF;False;0;-;DI;100;0,5;252;25/04/2028;4750;50000;False;PUBLICA;-
LF002400R7O;-;ITAU UNIBANCO S.A.;LF;False;0;-;DI;102;-;-;15/10/2027;340;50000;False;PUBLICA;-
LF002200K8U;-;BANCO SAFRA S/A;LF;False;0;-;IPCA;100;6,39;252;24/07/2028;1;50000;False;PUBLICA;-
LF002100EH9;-;BANCO SAFRA S/A;LF;False;0;-;IPCA;100;4,88;252;17/08/2026;2;50000;False;PUBLICA;-
LF002100QP4;-;BANCO SAFRA S/A;LF;False;0;-;IPCA;100;5,36;252;17/08/2026;2;50000;False;PUBLICA;-
LF002400IF7;-;ITAU UNIBANCO S.A.;LF;False;0;-;DI;102;-;-;15/07/2027;100;50000;False;PUBLICA;-
LF002100J95;-;BANCO SAFRA S/A;LF;False;0;-;IPCA;100;6,01;252;17/08/2026;1;50000;False;PUBLICA;-
LF002600BIU;-;ITAU UNIBANCO S.A.;LF;False;0;-;PREFIXADO;-;12,86;252;22/04/2031;8;50000;False;PUBLICA;-
LF002400PIW;BRBITALFN409;ITAU UNIBANCO S.A.;LF;False;0;-;DI;101;-;-;21/09/2026;1400;50000;False;PUBLICA;-
LF002100IR6;-;BANCO SAFRA S/A;LF;False;0;-;IPCA;100;5,85;252;17/08/2026;1;50000;False;PUBLICA;-
LFSC23006O4;BRITUBLFI1Q5;ITAU UNIBANCO HOLDING S.A;LFSC;False;0;-;DI;100;1,9;252;08/11/9999;14;350000;False;PUBLICA;-
LF0025009Y5;-;ITAU UNIBANCO S.A.;LF;False;0;-;DI;101,5;-;-;17/04/2028;166;50000;False;PUBLICA;-
LF002200A2E;-;BANCO SAFRA S/A;LF;False;0;-;IPCA;100;5,45;252;17/08/2026;2;50000;False;PUBLICA;-
LFSN21003IW;BRBITALFIX72;ITAU UNIBANCO HOLDING S.A;LFSN;False;0;-;DI;100;2;252;22/09/2031;1;400000;False;PUBLICA;-
LF002400VKL;-;ITAU UNIBANCO S.A.;LF;False;0;-;DI;102;-;-;16/11/2027;88;50038,12;False;PUBLICA;-
LFSN22009WB;-;BANCO SAFRA S/A;LFSN;False;0;-;PREFIXADO;-;13,5;252;09/08/2030;2;400000;False;PUBLICA;-
LF002400KA7;-;ITAU UNIBANCO S.A.;LF;False;0;-;DI;102;-;-;16/08/2027;35;50000;False;PUBLICA;-
LF002100GYL;-;BANCO SAFRA S/A;LF;False;0;-;IPCA;100;5,05;252;17/08/2026;2;80000;False;PUBLICA;-
LF002600M5M;-;ITAU UNIBANCO S.A.;LF;False;0;-;DI;101;-;-;15/08/2029;64;50000;False;PUBLICA;-
LF002400S49;-;BANCO SAFRA S/A;LF;False;0;-;IPCA;100;6,86;252;10/10/2029;40;50000;False;PUBLICA;-
LF002100E7C;-;BANCO SAFRA S/A;LF;False;0;-;IPCA;100;5,12;252;18/08/2026;1;60000;False;PUBLICA;-
LFSN21003L9;BRBITALFIXA3;ITAU UNIBANCO HOLDING S.A;LFSN;False;0;-;DI;100;2;252;21/10/2031;3;400000;False;PUBLICA;-
LF0021004JF;-;BANCO SAFRA S/A;LF;False;0;-;IPCA;100;4,11;252;17/08/2026;5;66000;False;PUBLICA;-
LF002100PLH;-;BANCO SAFRA S/A;LF;False;0;-;IPCA;100;5,34;252;17/08/2026;1;50000;False;PUBLICA;-
LF002600L9D;-;ITAU UNIBANCO S.A.;LF;False;0;-;DI;101;-;-;15/08/2029;280;50500;False;PUBLICA;-
LF002400TJF;-;ITAU UNIBANCO S.A.;LF;False;0;-;DI;102;-;-;16/11/2027;80;52125;False;PUBLICA;-
LF0021009FI;-;BANCO SAFRA S/A;LF;False;0;-;IPCA;100;4,15;252;17/08/2026;1;50000;False;PUBLICA;-
LF002100OSL;-;BANCO SAFRA S/A;LF;False;0;-;IPCA;100;5,46;252;15/05/2035;1;50000;False;PUBLICA;-
LF002304SDS;-;BANCO BRADESCO S/A;LF;False;0;-;IPCA;100;5,01;252;04/07/2028;11;50000;False;PUBLICA;-
LF002400ZUN;-;ITAU UNIBANCO S.A.;LF;False;0;-;IPCA;100;7,21;252;04/12/2028;5;50000;False;PUBLICA;-
LF002100GXF;-;BANCO SAFRA S/A;LF;False;0;-;IPCA;100;5,05;252;17/08/2026;2;55500;False;PUBLICA;-
LF002500RPH;-;ITAU UNIBANCO S.A.;LF;False;0;-;PREFIXADO;-;13,09;252;19/12/2028;70;50000;False;PUBLICA;-
LF0025008R7;-;ITAU UNIBANCO S.A.;LF;False;0;-;DI;101;-;-;17/04/2028;280;50000;False;PUBLICA;-
LF002400M4S;-;BANCO SAFRA S/A;LF;False;0;-;IPCA;100;6,35;252;15/05/2029;1;50000;False;PUBLICA;-
LF002100JLJ;BRBSAFLTR805;BANCO SAFRA S/A;LF;False;0;-;IPCA;100;5,95;252;17/08/2026;20;50000;False;PUBLICA;-
LF002200G8B;-;BANCO SAFRA S/A;LF;False;0;-;IPCA;100;6,21;252;15/05/2035;1;50000;False;PUBLICA;-
LF002600CPQ;-;ITAU UNIBANCO S.A.;LF;False;0;-;DI;101,5;-;-;15/04/2031;45;50200;False;PUBLICA;-
LF0025004CB;-;ITAU UNIBANCO S.A.;LF;False;0;-;IPCA;100;7,88;252;05/02/2027;1;4000000;False;PUBLICA;-
LF00210045Z;-;BANCO SAFRA S/A;LF;False;0;-;IPCA;100;4;252;17/08/2026;4;50000;False;PUBLICA;-
LF0025009AM;-;ITAU UNIBANCO S.A.;LF;False;0;-;IPCA;100;8,08;252;03/04/2028;1;90000;False;PUBLICA;-
LF0021004LI;-;BANCO SAFRA S/A;LF;False;0;-;IPCA;100;4,55;252;15/05/2035;6;50000;False;PUBLICA;-
LF002400RPJ;-;ITAU UNIBANCO S.A.;LF;False;0;-;DI;102;-;-;08/10/2026;15;50000;False;PUBLICA;-
LF0021003RY;-;BANCO SAFRA S/A;LF;False;0;-;IPCA;100;4,36;252;29/03/2027;1;139000;False;PUBLICA;-
LF002600KB2;-;ITAU UNIBANCO S.A.;LF;False;0;-;DI;101,5;-;-;03/07/2028;10;69350;False;PUBLICA;-
LF002600LGD;-;ITAU UNIBANCO S.A.;LF;False;0;-;DI;101;-;-;15/08/2029;135;50840;False;PUBLICA;-
LF0021003E0;-;BANCO SAFRA S/A;LF;False;0;-;IPCA;100;3,96;252;17/08/2026;10;56000;False;PUBLICA;-
LF0021001M9;BRBSAFLTFDS2;BANCO SAFRA S/A;LF;False;0;-;IPCA;100;3,27;252;17/08/2026;1;50000;False;PUBLICA;-
LF002600NBK;-;ITAU UNIBANCO S.A.;LF;False;0;-;DI;101,5;-;-;15/08/2029;176;50000;False;PUBLICA;-
LFSN21003ST;BRBITALFIXI6;ITAU UNIBANCO HOLDING S.A;LFSN;False;0;-;DI;100;2;252;22/09/2031;100;400000;False;PUBLICA;-
LFSN21003IK;BRBITALFIX72;ITAU UNIBANCO HOLDING S.A;LFSN;False;0;-;DI;100;2;252;22/09/2031;2;400000;False;PUBLICA;-
LF002400VKV;-;ITAU UNIBANCO S.A.;LF;False;0;-;DI;102;-;-;16/11/2027;49;50510,21;False;PUBLICA;-
LF0021002WQ;-;BANCO SAFRA S/A;LF;False;0;-;IPCA;100;3,62;252;17/08/2026;8;70875;False;PUBLICA;-
LF002600NFB;-;ITAU UNIBANCO S.A.;LF;False;0;-;DI;101;-;-;15/08/2029;15;50000;False;PUBLICA;-
LF002200905;-;BANCO SAFRA S/A;LF;False;0;-;IPCA;100;5,92;252;17/08/2026;2;50000;False;PUBLICA;-
LF002400KXE;-;ITAU UNIBANCO S.A.;LF;False;0;-;DI;102;-;-;16/08/2027;42;50119,05;False;PUBLICA;-
LF002100G72;BRBSAFLNN880;BANCO SAFRA S/A;LF;False;0;-;IPCA;100;5,17;252;17/08/2026;5;50000;False;PUBLICA;-
LFSN22006YB;-;BANCO SAFRA S/A;LFSN;False;0;-;IPCA;-;7,03;252;28/05/2029;1;500000;False;PUBLICA;-
LF002500B6L;-;ITAU UNIBANCO S.A.;LF;False;0;-;DI;101;-;-;15/05/2028;6000;50000;False;PUBLICA;-
LF002100F9Q;-;BANCO SAFRA S/A;LF;False;0;-;IPCA;100;5,05;252;17/08/2026;6;50000;False;PUBLICA;-
LF0023082AR;BRBPANLFIB67;BANCO PAN S/A;LF;False;0;-;DI;100;1,2;252;06/11/2029;495;50000;False;PUBLICA;-
LF0021002VQ;-;BANCO SAFRA S/A;LF;False;0;-;IPCA;100;3,49;252;17/08/2026;2;50000;False;PUBLICA;-
LF002100HBO;-;BANCO SAFRA S/A;LF;False;0;-;IPCA;100;5,37;252;17/08/2026;1;50000;False;PUBLICA;-
LF002200NBL;-;BANCO SAFRA S/A;LF;False;0;-;PREFIXADO;-;12,12;252;28/09/2028;2;50000;False;PUBLICA;-
LF002400P1V;-;BANCO SAFRA S/A;LF;False;0;-;IPCA;100;6,31;252;13/09/2045;1;106000;False;PUBLICA;-
LF002100F22;-;BANCO SAFRA S/A;LF;False;0;-;IPCA;100;4,96;252;17/08/2026;2;50000;False;PUBLICA;-
LF0021005DA;-;BANCO SAFRA S/A;LF;False;0;-;IPCA;100;3,82;252;17/08/2026;8;50000;False;PUBLICA;-
LF002100Q1K;-;BANCO SAFRA S/A;LF;False;0;-;IPCA;100;5,54;252;17/08/2026;1;50082,32;False;PUBLICA;-
LF002500P2S;-;ITAU UNIBANCO S.A.;LF;False;0;-;IPCA;100;8,13;252;24/11/2027;8;50000;False;PUBLICA;-
LFSN21003JW;BRBITALFIX80;ITAU UNIBANCO HOLDING S.A;LFSN;False;0;-;DI;100;2;252;22/09/2031;2;400000;False;PUBLICA;-
LF002500K6V;-;ITAU UNIBANCO S.A.;LF;False;0;-;IPCA;100;8,61;252;02/09/2027;18;50000;False;PUBLICA;-
LF0025009Y4;-;ITAU UNIBANCO S.A.;LF;False;0;-;DI;101,5;-;-;17/04/2028;160;50000;False;PUBLICA;-
LF002400IRT;-;ITAU UNIBANCO S.A.;LF;False;0;-;PREFIXADO;-;11,34;252;17/08/2026;40;50000;False;PUBLICA;-
LF002400V32;-;BANCO SAFRA S/A;LF;False;0;-;IPCA;100;6,68;252;07/11/2035;1;50000;False;PUBLICA;-
LF002100GDZ;-;BANCO SAFRA S/A;LF;False;0;-;IPCA;100;5,06;252;17/08/2026;1;74000;False;PUBLICA;-
LF0026008LH;-;ITAU UNIBANCO S.A.;LF;False;0;-;DI;101,5;-;-;23/03/2029;6;50000;False;PUBLICA;-
LF002400HCM;-;BANCO SAFRA S/A;LF;False;0;-;IPCA;100;6,34;252;15/05/2045;4;54000;False;PUBLICA;-
LF002100HBS;-;BANCO SAFRA S/A;LF;False;0;-;IPCA;100;5,37;252;17/08/2026;1;81000;False;PUBLICA;-
LF00210096K;-;BANCO SAFRA S/A;LF;False;0;-;IPCA;100;4,15;252;17/08/2026;1;50000;False;PUBLICA;-
LF00210088Z;-;BANCO SAFRA S/A;LF;False;0;-;IPCA;100;4,28;252;17/08/2026;1;50000;False;PUBLICA;-
LF002100BOZ;-;BANCO SAFRA S/A;LF;False;0;-;IPCA;100;4,69;252;17/08/2026;32;50000;False;PUBLICA;-
LF00210055P;-;BANCO SAFRA S/A;LF;False;0;-;IPCA;100;3,95;252;17/08/2026;1;50000;False;PUBLICA;-
LF002400K64;-;ITAU UNIBANCO S.A.;LF;False;0;-;DI;102;-;-;16/08/2027;55;50000;False;PUBLICA;-
LF002307WEZ;-;BANCO SAFRA S/A;LF;False;0;-;PREFIXADO;-;11,57;252;18/10/2027;8;51125;False;PUBLICA;-
LF002400Q6E;-;BANCO SAFRA S/A;LF;False;0;-;IPCA;100;6,21;252;15/05/2045;4;50000;False;PUBLICA;-
LF002100J9U;-;BANCO SAFRA S/A;LF;False;0;-;IPCA;100;6,01;252;17/08/2026;1;50000;False;PUBLICA;-
LF002100QF2;-;BANCO SAFRA S/A;LF;False;0;-;IPCA;100;5,35;252;17/08/2026;4;50000;False;PUBLICA;-
LF002500EU3;BRDAYCLTF744;BANCO DAYCOVAL S/A;LF;False;0;-;DI;100;0,5;252;27/06/2028;16000;50000;False;PUBLICA;-
LF0021007N1;-;BANCO SAFRA S/A;LF;False;0;-;IPCA;100;3,95;252;17/08/2026;1;50000;False;PUBLICA;-
LF002100EHE;-;BANCO SAFRA S/A;LF;False;0;-;IPCA;100;4,88;252;17/08/2026;8;50000;False;PUBLICA;-
LFSN21003JV;BRBITALFIX80;ITAU UNIBANCO HOLDING S.A;LFSN;False;0;-;DI;100;2;252;22/09/2031;14;400000;False;PUBLICA;-
LFSN21003D0;BRBITALFIX15;ITAU UNIBANCO HOLDING S.A;LFSN;False;0;-;DI;100;2;252;22/09/2031;17;400000;False;PUBLICA;-
LF002400L5M;BRBSAFLNNDP5;BANCO SAFRA S/A;LF;False;0;-;DI;100;0,4;252;08/01/2027;202;50000;False;PUBLICA;-
LF0021008MN;-;BANCO SAFRA S/A;LF;False;0;-;IPCA;100;5;252;25/06/2027;2;50000;False;PUBLICA;-
LF0021003DZ;-;BANCO SAFRA S/A;LF;False;0;-;IPCA;100;3,96;252;17/08/2026;5;50000;False;PUBLICA;-
LF002400T2M;-;BANCO SAFRA S/A;LF;False;0;-;IPCA;100;6,77;252;15/05/2029;1;52000;False;PUBLICA;-
LFSC22002CQ;BRITUBLFI1I2;ITAU UNIBANCO HOLDING S.A;LFSC;False;0;-;DI;100;2,4;252;23/09/9999;2;300000;False;PUBLICA;-
LF002302RPC;-;ITAU UNIBANCO S.A.;LF;False;0;-;PREFIXADO;-;12,38;252;26/04/2027;1;65000;False;PUBLICA;-
LF002400OTI;-;ITAU UNIBANCO S.A.;LF;False;0;-;DI;102;-;-;15/09/2027;240;50000;False;PUBLICA;-
LF002100GQV;-;BANCO SAFRA S/A;LF;False;0;-;IPCA;100;5,08;252;17/08/2026;1;50000;False;PUBLICA;-
LF002600EY2;-;ITAU UNIBANCO S.A.;LF;False;0;-;DI;101;-;-;15/06/2029;28;50000;False;PUBLICA;-
LFSN22006N2;-;BANCO SAFRA S/A;LFSN;False;0;-;PREFIXADO;-;12;252;06/08/2031;1;3250000;False;PUBLICA;-
LFSC23006HE;BRITUBLFI1P7;ITAU UNIBANCO HOLDING S.A;LFSC;False;0;-;DI;100;1,9;252;07/11/9999;1;350000;False;PUBLICA;-
LF002500N9G;BRMCSFLFI186;MERCADO CREDITO SOCIEDADE DE CREDITO FINANCIAMENTO E INVESTIMENTO SA;LF;False;0;-;DI;100;0,68;252;21/10/2029;12100;50000;False;PUBLICA;-
LF0021002NS;-;BANCO SAFRA S/A;LF;False;0;-;PREFIXADO;-;9,57;252;10/03/2031;36;50000;False;PUBLICA;-
LFSC22002DH;BRITUBLFI1J0;ITAU UNIBANCO HOLDING S.A;LFSC;False;0;-;DI;100;2,4;252;26/09/9999;1;300000;False;PUBLICA;-
LF002100BF6;-;BANCO SAFRA S/A;LF;False;0;-;IPCA;100;4,63;252;17/08/2026;1;50000;False;PUBLICA;-
LF002600H6Z;-;ITAU UNIBANCO S.A.;LF;False;0;-;PREFIXADO;-;14,77;252;11/06/2029;20;50000;False;PUBLICA;-
LF002400FCM;-;ITAU UNIBANCO S.A.;LF;False;0;-;IPCA;100;6,48;252;12/06/2028;1;50000;False;PUBLICA;-
LFSN22008YX;-;BANCO SAFRA S/A;LFSN;False;0;-;PREFIXADO;-;14,4;252;05/07/2030;1;300000;False;PUBLICA;-
LF002400G3Q;BRBSAFLNNDE9;BANCO SAFRA S/A;LF;False;0;-;DI;100;0,45;252;20/08/2026;3;50000;False;PUBLICA;-
LF002400J1E;-;ITAU UNIBANCO S.A.;LF;False;0;-;DI;102;-;-;16/08/2027;50;50000;False;PUBLICA;-
LFSN21003LA;BRBITALFIXA3;ITAU UNIBANCO HOLDING S.A;LFSN;False;0;-;DI;100;2;252;21/10/2031;22;400000;False;PUBLICA;-
LFSN21003LI;BRBITALFIXA3;ITAU UNIBANCO HOLDING S.A;LFSN;False;0;-;DI;100;2;252;21/10/2031;1;400000;False;PUBLICA;-
LF002100DN1;-;BANCO SAFRA S/A;LF;False;0;-;IPCA;100;4,86;252;17/08/2026;4;50000;False;PUBLICA;-
LF002100BNW;-;BANCO SAFRA S/A;LF;False;0;-;IPCA;100;4,69;252;17/08/2026;3;52333,333334;False;PUBLICA;-
LF002400MQ6;-;ITAU UNIBANCO S.A.;LF;False;0;-;PREFIXADO;-;11,31;252;23/08/2027;1;70000;False;PUBLICA;-
LF0021007W8;-;BANCO SAFRA S/A;LF;False;0;-;IPCA;100;4,22;252;17/08/2026;3;50000;False;PUBLICA;-
LF002400IV6;-;BANCO SAFRA S/A;LF;False;0;-;IPCA;100;6,05;252;15/05/2035;1;50000;False;PUBLICA;-
LF002100NX2;BRBSAFLFEXW4;BANCO SAFRA S/A;LF;False;0;-;IPCA;100;5,51;252;15/05/2035;1;78350;False;PUBLICA;-
LF002400I52;-;ITAU UNIBANCO S.A.;LF;False;0;-;DI;102;-;-;15/07/2027;46;50000;False;PUBLICA;-
LF002600FR2;-;ITAU UNIBANCO S.A.;LF;False;0;-;DI;101,5;-;-;27/05/2030;10;57300;False;PUBLICA;-
LF002400PVZ;-;ITAU UNIBANCO S.A.;LF;False;0;-;DI;102;-;-;23/09/2026;481;50000;False;PUBLICA;-
LF002600EM4;-;ITAU UNIBANCO S.A.;LF;False;0;-;PREFIXADO;-;13,32;252;15/05/2028;5;50000;False;PUBLICA;-
LF002400AWO;-;ITAU UNIBANCO S.A.;LF;False;0;-;DI;103;-;-;17/05/2027;160;50000;False;PUBLICA;-
LF002500C63;-;ITAU UNIBANCO S.A.;LF;False;0;-;DI;101,5;-;-;09/05/2030;2;69000;False;PUBLICA;-
LF002200CT5;-;BANCO SAFRA S/A;LF;False;0;-;IPCA;100;6,21;252;28/04/2027;7;50000;False;PUBLICA;-
LF00210076J;-;BANCO SAFRA S/A;LF;False;0;-;IPCA;100;4,52;252;09/06/2031;3;50000;False;PUBLICA;-
LF002600N0J;-;ITAU UNIBANCO S.A.;LF;False;0;-;DI;101;-;-;15/08/2029;29;50344,83;False;PUBLICA;-
LF002100I3G;-;BANCO SAFRA S/A;LF;False;0;-;IPCA;100;5,74;252;17/08/2026;3;50000;False;PUBLICA;-
LF002400EZT;-;BANCO SAFRA S/A;LF;False;0;-;IPCA;100;6,1;252;15/05/2029;2;53500;False;PUBLICA;-
LF0021006G3;-;BANCO SAFRA S/A;LF;False;0;-;IPCA;100;3,92;252;17/08/2026;1;50000;False;PUBLICA;-
LF002100IJC;-;BANCO SAFRA S/A;LF;False;0;-;IPCA;100;5,8;252;17/08/2026;2;50000;False;PUBLICA;-
LF002400J1J;-;ITAU UNIBANCO S.A.;LF;False;0;-;DI;102;-;-;19/07/2027;70;56000;False;PUBLICA;-
LF002100HD9;-;BANCO SAFRA S/A;LF;False;0;-;IPCA;100;5,36;252;18/08/2026;1;50000;False;PUBLICA;-
LF002307N5W;-;BANCO SAFRA S/A;LF;False;0;-;DI;106,75;-;-;05/10/2027;20;50000;False;PUBLICA;-
LF002100BW5;-;BANCO SAFRA S/A;LF;False;0;-;IPCA;100;5,01;252;15/05/2035;1;61000;False;PUBLICA;-
LF002400P59;-;ITAU UNIBANCO S.A.;LF;False;0;-;DI;102;-;-;15/09/2027;92;50000;False;PUBLICA;-
LF0021008VO;-;BANCO SAFRA S/A;LF;False;0;-;IPCA;100;4,78;252;30/06/2031;10;50000;False;PUBLICA;-
LF002400N3E;-;ITAU UNIBANCO S.A.;LF;False;0;-;DI;102;-;-;15/09/2027;26;55000;False;PUBLICA;-
LF002500D61;BRLAGELFI073;BANCO DE LAGE LANDEN  BRASIL S/A;LF;False;0;-;DI;100;0,55;252;27/05/2028;6000;50000;False;PUBLICA;-
LF0021003FW;-;BANCO SAFRA S/A;LF;False;0;-;IPCA;100;4;252;17/08/2026;2;50000;False;PUBLICA;-
LFSC22002BD;BRITUBLFI1I2;ITAU UNIBANCO HOLDING S.A;LFSC;False;0;-;DI;100;2,4;252;23/09/9999;6;300000;False;PUBLICA;-
LF002100FZV;-;BANCO SAFRA S/A;LF;False;0;-;IPCA;100;5;252;17/08/2026;1;50000;False;PUBLICA;-
LF002100BWG;-;BANCO SAFRA S/A;LF;False;0;-;IPCA;100;4,8;252;13/08/2026;1;50000;False;PUBLICA;-
LF002200JDV;-;BANCO SAFRA S/A;LF;False;0;-;IPCA;100;6,5;252;17/08/2026;3;50600;False;PUBLICA;-
LF00210063E;-;BANCO SAFRA S/A;LF;False;0;-;IPCA;100;4,75;252;12/05/2031;1;75000;False;PUBLICA;-
LF002400G3T;BRBSAFLNNDE9;BANCO SAFRA S/A;LF;False;0;-;DI;100;0,45;252;20/08/2026;1124;50000;False;PUBLICA;-
LF0021006FM;-;BANCO SAFRA S/A;LF;False;0;-;IPCA;100;3,97;252;17/08/2026;1;50000;False;PUBLICA;-
LF0021006V8;-;BANCO SAFRA S/A;LF;False;0;-;IPCA;100;4,82;252;02/06/2031;2;50000;False;PUBLICA;-
LFSN21003KG;BRBITALFIX80;ITAU UNIBANCO HOLDING S.A;LFSN;False;0;-;DI;100;2;252;22/09/2031;71;400000;False;PUBLICA;-
LF0021001X2;BRBSAFLTFID3;BANCO SAFRA S/A;LF;False;0;-;IPCA;100;3,48;252;17/08/2026;3;50000;False;PUBLICA;-
LFSN21003M0;BRBITALFIXB1;ITAU UNIBANCO HOLDING S.A;LFSN;False;0;-;DI;100;2;252;22/09/2031;30;400000;False;PUBLICA;-
LF002100B9U;-;BANCO SAFRA S/A;LF;False;0;-;IPCA;100;4,67;252;17/08/2026;10;50000;False;PUBLICA;-
LF002600MMM;-;ITAU UNIBANCO S.A.;LF;False;0;-;DI;101,5;-;-;15/08/2029;1000;50000;False;PUBLICA;-
LF002100EGX;-;BANCO SAFRA S/A;LF;False;0;-;IPCA;100;4,82;252;14/09/2027;9;53666,666667;False;PUBLICA;-
LF002200R5V;BRBVKWLFI9G9;BCO VOLKSWAGEN S/A;LF;False;0;-;DI;100;1,3;252;30/11/2026;3260;50000;False;PUBLICA;-
LF002100EOF;-;BANCO SAFRA S/A;LF;False;0;-;IPCA;100;4,91;252;17/08/2026;5;50000;False;PUBLICA;-
LF002400PZU;-;ITAU UNIBANCO S.A.;LF;False;0;-;DI;102;-;-;15/10/2029;88;50000;False;PUBLICA;-
LF002307T0W;-;BANCO SAFRA S/A;LF;False;0;-;PREFIXADO;-;12,35;252;09/10/2029;1;50000;False;PUBLICA;-
LF0023017TY;-;BANCO SAFRA S/A;LF;False;0;-;IPCA;100;6,8;252;27/02/2029;1;712000;False;PUBLICA;-
LF002304KCP;-;BANCO SAFRA S/A;LF;False;0;-;DI;110,35;-;-;28/06/2027;80;50000;False;PUBLICA;-
LF00220082K;-;BANCO SAFRA S/A;LF;False;0;-;IPCA;100;6,02;252;17/08/2026;2;60000;False;PUBLICA;-
LF002100956;-;BANCO SAFRA S/A;LF;False;0;-;IPCA;100;4,16;252;17/08/2026;3;50000;False;PUBLICA;-
LF002100QY0;-;BANCO SAFRA S/A;LF;False;0;-;IPCA;100;5,43;252;17/08/2026;1;50000;False;PUBLICA;-
LF0023004SA;-;ITAU UNIBANCO S.A.;LF;False;0;-;PREFIXADO;-;12,79;252;18/01/2027;1;600000;False;PUBLICA;-
LF002400DX9;-;BANCO SAFRA S/A;LF;False;0;-;IPCA;100;6,05;252;15/05/2045;1;50000;False;PUBLICA;-
LF002400J1L;-;ITAU UNIBANCO S.A.;LF;False;0;-;DI;102;-;-;16/08/2027;60;50000;False;PUBLICA;-
LFSN21003MS;BRBITALFIXD7;ITAU UNIBANCO HOLDING S.A;LFSN;False;0;-;DI;100;2;252;21/10/2031;14;400000;False;PUBLICA;-
LF0025008R8;-;ITAU UNIBANCO S.A.;LF;False;0;-;DI;101,5;-;-;17/04/2028;3369;50004,67;False;PUBLICA;-
LF002100ID8;-;BANCO SAFRA S/A;LF;False;0;-;IPCA;100;5,37;252;26/10/2026;10;50000;False;PUBLICA;-
LFSC22002D4;BRITUBLFI1J0;ITAU UNIBANCO HOLDING S.A;LFSC;False;0;-;DI;100;2,4;252;26/09/9999;44;300000;False;PUBLICA;-
LF002302N7T;-;ITAU UNIBANCO S.A.;LF;False;0;-;DI;106;-;-;22/04/2030;256;50000;False;PUBLICA;-
LF002400RT8;-;BANCO SAFRA S/A;LF;False;0;-;IPCA;100;6,47;252;13/10/2026;6;50000;False;PUBLICA;-
LF002400JTQ;-;ITAU UNIBANCO S.A.;LF;False;0;-;DI;102;-;-;16/08/2027;66;50000;False;PUBLICA;-
LF002100JAV;-;BANCO SAFRA S/A;LF;False;0;-;IPCA;100;6,01;252;17/08/2026;1;50000;False;PUBLICA;-
LF002400PTU;-;BANCO SAFRA S/A;LF;False;0;-;IPCA;100;6,46;252;25/09/2045;6;50000;False;PUBLICA;-
LF002200F1X;-;BANCO SAFRA S/A;LF;False;0;-;IPCA;100;5,97;252;17/08/2026;1;70000;False;PUBLICA;-
LF002400RTS;BRSCNALFI045;SCANIA BANCO S/A;LF;False;0;-;DI;100;0,55;252;11/10/2027;3000;50000;False;PUBLICA;-
LF002100LHE;-;BANCO SAFRA S/A;LF;False;0;-;IPCA;100;5,61;252;17/08/2026;1;70000;False;PUBLICA;-
LF002308GMP;-;BANCO SAFRA S/A;LF;False;0;-;PREFIXADO;-;10,44;252;13/12/2027;4;50000;False;PUBLICA;-
LF002200G53;-;ITAU UNIBANCO S.A.;LF;False;0;-;DI;107;-;-;15/06/2027;40;50000;False;PUBLICA;-
LF002100CFT;-;BANCO SAFRA S/A;LF;False;0;-;IPCA;100;5,17;252;17/08/2026;2;50000;False;PUBLICA;-
LF0021007XX;-;BANCO SAFRA S/A;LF;False;0;-;IPCA;100;4,22;252;17/08/2026;2;50000;False;PUBLICA;-
LF0021006SU;-;BANCO SAFRA S/A;LF;False;0;-;IPCA;100;3,9;252;17/08/2026;1;50000;False;PUBLICA;-
LF002100IY8;-;BANCO SAFRA S/A;LF;False;0;-;IPCA;100;5,89;252;17/08/2026;1;90000;False;PUBLICA;-
LF0026009M9;-;ITAU UNIBANCO S.A.;LF;False;0;-;DI;101,5;-;-;16/04/2029;100;50000;False;PUBLICA;-
LF002400HGF;-;ITAU UNIBANCO S.A.;LF;False;0;-;DI;102;-;-;15/07/2027;126;50000;False;PUBLICA;-
LF00210032A;-;BANCO SAFRA S/A;LF;False;0;-;IPCA;100;3,71;252;17/08/2026;1;50000;False;PUBLICA;-
LF002600L9B;-;ITAU UNIBANCO S.A.;LF;False;0;-;DI;101,5;-;-;17/07/2028;20;104569;False;PUBLICA;-
LF002200FGG;-;BANCO SAFRA S/A;LF;False;0;-;PREFIXADO;-;12,51;252;31/05/2027;1;58000;False;PUBLICA;-
LF002100B5O;-;BANCO SAFRA S/A;LF;False;0;-;IPCA;100;4,43;252;17/08/2026;4;50000;False;PUBLICA;-
LF002400NTP;-;ITAU UNIBANCO S.A.;LF;False;0;-;DI;102;-;-;15/09/2027;50;56200;False;PUBLICA;-
LF002400JYM;-;BANCO SAFRA S/A;LF;False;0;-;IPCA;100;6,97;252;26/07/2027;40;50000;False;PUBLICA;-
LFSN210023W;-;BANCO SAFRA S/A;LFSN;False;0;-;IPCA;-;5,77;252;16/06/2031;1;500000;False;PUBLICA;-
LF0021003GA;-;BANCO SAFRA S/A;LF;False;0;-;IPCA;100;4;252;17/08/2026;2;50000;False;PUBLICA;-
LF002500N9A;-;ITAU UNIBANCO S.A.;LF;False;0;-;DI;101,5;-;-;22/10/2029;1;100000;False;PUBLICA;-
LF002100DJV;-;BANCO SAFRA S/A;LF;False;0;-;IPCA;100;4,84;252;17/08/2026;10;50000;False;PUBLICA;-
LF002100CHZ;-;BANCO SAFRA S/A;LF;False;0;-;IPCA;100;5,34;252;20/08/2031;1;50000;False;PUBLICA;-
LF002200F1W;-;BANCO SAFRA S/A;LF;False;0;-;IPCA;100;6,65;252;26/05/2032;4;50000;False;PUBLICA;-
LF002100E7I;-;BANCO SAFRA S/A;LF;False;0;-;IPCA;100;4,98;252;17/08/2026;36;50138,888889;False;PUBLICA;-
LF002400JYU;-;ITAU UNIBANCO S.A.;LF;False;0;-;DI;102;-;-;16/08/2027;557;50000;False;PUBLICA;-
LF0021003EA;-;BANCO SAFRA S/A;LF;False;0;-;IPCA;100;3,96;252;17/08/2026;1;50000;False;PUBLICA;-
LF0021004TT;-;BANCO SAFRA S/A;LF;False;0;-;IPCA;100;4,13;252;17/08/2026;1;190000;False;PUBLICA;-
LF002400G4I;BRBSAFLNNDE9;BANCO SAFRA S/A;LF;False;0;-;DI;100;0,45;252;20/08/2026;28;50000;False;PUBLICA;-
LF002500R3A;-;ITAU UNIBANCO S.A.;LF;False;0;-;IPCA;100;7,36;252;15/12/2028;1;100000;False;PUBLICA;-
LF0023082AM;BRBPANLFIB42;BANCO PAN S/A;LF;False;0;-;PREFIXADO;-;12,61;252;08/11/2027;466;50000;False;PUBLICA;-
LF0021009FJ;-;BANCO SAFRA S/A;LF;False;0;-;IPCA;100;4,15;252;17/08/2026;1;50000;False;PUBLICA;-
LF002400T2O;-;BANCO SAFRA S/A;LF;False;0;-;IPCA;100;6,84;252;18/10/2029;37;50892,675676;False;PUBLICA;-
LF002100HP0;-;BANCO SAFRA S/A;LF;False;0;-;IPCA;100;5,57;252;21/10/2031;1;50000;False;PUBLICA;-
LF002307YKR;-;ITAU UNIBANCO S.A.;LF;False;0;-;DI;103;-;-;26/10/2026;1;100000000;False;PUBLICA;-
LF002100FNY;-;BANCO SAFRA S/A;LF;False;0;-;IPCA;100;5,01;252;17/08/2026;4;50000;False;PUBLICA;-
LF002100CHR;-;BANCO SAFRA S/A;LF;False;0;-;IPCA;100;5,1;252;17/08/2026;1;52000;False;PUBLICA;-
LF0022004YA;-;BANCO SAFRA S/A;LF;False;0;-;IPCA;100;6,05;252;15/05/2035;25;55000;False;PUBLICA;-
LF0021005IO;-;BANCO SAFRA S/A;LF;False;0;-;IPCA;100;3,88;252;17/08/2026;1;60000;False;PUBLICA;-
LF002200902;-;BANCO SAFRA S/A;LF;False;0;-;IPCA;100;5,92;252;17/08/2026;5;59400;False;PUBLICA;-
LF002400MQE;-;ITAU UNIBANCO S.A.;LF;False;0;-;DI;102;-;-;15/09/2027;25;60800;False;PUBLICA;-
LF0021007WA;-;BANCO SAFRA S/A;LF;False;0;-;IPCA;100;4,22;252;17/08/2026;2;50000;False;PUBLICA;-
LF002100H27;-;BANCO SAFRA S/A;LF;False;0;-;IPCA;100;5,15;252;17/08/2026;3;50000;False;PUBLICA;-
LF002600C9H;-;ITAU UNIBANCO S.A.;LF;False;0;-;PREFIXADO;-;13,14;252;02/05/2028;10;50000;False;PUBLICA;-
LF002600LD7;-;ITAU UNIBANCO S.A.;LF;False;0;-;PREFIXADO;-;14,51;252;16/07/2036;1;50000;False;PUBLICA;-
LF002200HMT;-;BANCO SAFRA S/A;LF;False;0;-;IPCA;100;6,06;252;15/05/2035;10;73000;False;PUBLICA;-
LFSC22002C7;BRITUBLFI1I2;ITAU UNIBANCO HOLDING S.A;LFSC;False;0;-;DI;100;2,4;252;23/09/9999;1;300000;False;PUBLICA;-
LF002500DK4;-;ITAU UNIBANCO S.A.;LF;False;0;-;IPCA;100;8,49;252;02/06/2027;50;61600;False;PUBLICA;-
LF0025009PM;-;ITAU UNIBANCO S.A.;LF;False;0;-;PREFIXADO;-;14,51;252;08/04/2030;50;92980;False;PUBLICA;-
LF002100GJK;-;BANCO SAFRA S/A;LF;False;0;-;IPCA;100;5,04;252;17/08/2026;1;80000;False;PUBLICA;-
LF002100DCU;-;BANCO SAFRA S/A;LF;False;0;-;IPCA;100;5,39;252;31/08/2026;1;70000;False;PUBLICA;-
LFSN21001PO;BRBSAFLFNNR6;BANCO SAFRA S/A;LFSN;False;0;-;DI;100;2;252;15/05/2028;1;300000;False;PUBLICA;-
LF002100NWM;BRBSAFLFEXQ6;BANCO SAFRA S/A;LF;False;0;-;IPCA;100;5,36;252;17/08/2026;1;60000;False;PUBLICA;-
LFSC2200296;BRITUBLFI1H4;ITAU UNIBANCO HOLDING S.A;LFSC;False;0;-;DI;100;2,4;252;22/09/9999;3;300000;False;PUBLICA;-
LF002400G0S;-;BANCO SAFRA S/A;LF;False;0;-;IPCA;100;6,29;252;15/05/2045;1;93742,03;False;PUBLICA;-
LF002600J2X;-;ITAU UNIBANCO S.A.;LF;False;0;-;PREFIXADO;-;14,68;252;23/06/2028;7;50000;False;PUBLICA;-
LF0025009Y3;-;ITAU UNIBANCO S.A.;LF;False;0;-;DI;101,5;-;-;17/04/2028;112;50000;False;PUBLICA;-
LF0022003W0;BRBSAFLNN2D2;BANCO SAFRA S/A;LF;False;0;-;IPCA;100;6,65;252;05/02/2029;500;50000;False;PUBLICA;-
LF002100BF9;-;BANCO SAFRA S/A;LF;False;0;-;IPCA;100;4,63;252;17/08/2026;1;50000;False;PUBLICA;-
LF00250007E;-;ITAU UNIBANCO S.A.;LF;False;0;-;DI;102;-;-;17/01/2028;800;50000;False;PUBLICA;-
LF002400PI7;-;BANCO SAFRA S/A;LF;False;0;-;IPCA;100;6,43;252;15/05/2029;4;50000;False;PUBLICA;-
LF002600LS3;-;ITAU UNIBANCO S.A.;LF;False;0;-;DI;101;-;-;15/08/2029;120;50000;False;PUBLICA;-
LF002100IDI;-;BANCO SAFRA S/A;LF;False;0;-;IPCA;100;5,45;252;17/08/2026;4;57000;False;PUBLICA;-
LF002500CAH;-;ITAU UNIBANCO S.A.;LF;False;0;-;IPCA;100;8,15;252;12/05/2027;4;56250;False;PUBLICA;-
LF0022003FU;-;BANCO SAFRA S/A;LF;False;0;-;IPCA;100;5,65;252;17/08/2026;2;50000;False;PUBLICA;-
LF0021002NP;-;BANCO SAFRA S/A;LF;False;0;-;PREFIXADO;-;9,57;252;10/03/2031;36;50000;False;PUBLICA;-
LFSN21003SR;BRBITALFIXI6;ITAU UNIBANCO HOLDING S.A;LFSN;False;0;-;DI;100;2;252;22/09/2031;1;400000;False;PUBLICA;-
LF0024010AR;-;ITAU UNIBANCO S.A.;LF;False;0;-;DI;102;-;-;15/12/2027;6;55000;False;PUBLICA;-
LF0026002MU;-;ITAU UNIBANCO S.A.;LF;False;0;-;IPCA;100;8,18;252;24/01/2028;20;50000;False;PUBLICA;-
LF0022000MM;-;BANCO SAFRA S/A;LF;False;0;-;IPCA;100;5,76;252;17/08/2026;4;50000;False;PUBLICA;-
LF002400OQS;-;ITAU UNIBANCO S.A.;LF;False;0;-;DI;102;-;-;15/09/2027;16;60250;False;PUBLICA;-
LF0025002HP;-;ITAU UNIBANCO S.A.;LF;False;0;-;DI;102;-;-;18/12/2026;119;50000;False;PUBLICA;-
LF0025005EO;-;ITAU UNIBANCO S.A.;LF;False;0;-;DI;101,8;-;-;15/03/2028;80;50000;False;PUBLICA;-
LF002400PRV;BRSCNALFI011;SCANIA BANCO S/A;LF;False;0;-;DI;100;0,55;252;23/09/2027;7600;50000;False;PUBLICA;-
LF002400NCL;-;BANCO SAFRA S/A;LF;False;0;-;IPCA;100;6,36;252;15/05/2029;1;50000;False;PUBLICA;-
LF002200DAM;-;BANCO SAFRA S/A;LF;False;0;-;IPCA;100;5,83;252;17/08/2026;5;50000;False;PUBLICA;-
LF002400O7M;-;BANCO SAFRA S/A;LF;False;0;-;IPCA;100;6,36;252;15/05/2029;1;50000;False;PUBLICA;-
LFSC23006SW;BRITUBLFI1R3;ITAU UNIBANCO HOLDING S.A;LFSC;False;0;-;DI;100;1,9;252;09/11/9999;2;350000;False;PUBLICA;-
LFSC22002CN;BRITUBLFI1I2;ITAU UNIBANCO HOLDING S.A;LFSC;False;0;-;DI;100;2,4;252;23/09/9999;1;300000;False;PUBLICA;-
LF002100QPI;-;BANCO SAFRA S/A;LF;False;0;-;IPCA;100;5,36;252;17/08/2026;1;50000;False;PUBLICA;-
LF0022004NX;-;BANCO SAFRA S/A;LF;False;0;-;IPCA;100;5,52;252;17/08/2026;3;53333,333334;False;PUBLICA;-
LF002200BME;-;BANCO SAFRA S/A;LF;False;0;-;IPCA;100;6,07;252;15/05/2035;4;50332,5075;False;PUBLICA;-
LFSN21003JP;BRBITALFIX80;ITAU UNIBANCO HOLDING S.A;LFSN;False;0;-;DI;100;2;252;22/09/2031;3;400000;False;PUBLICA;-
LF00250059E;-;BANCO SAFRA S/A;LF;False;0;-;IPCA;100;7,34;252;22/08/2045;40;50000;False;PUBLICA;-
LF002100Q8N;-;BANCO SAFRA S/A;LF;False;0;-;IPCA;100;5,53;252;17/08/2026;1;50000;False;PUBLICA;-
LF002400ZUP;-;ITAU UNIBANCO S.A.;LF;False;0;-;PREFIXADO;-;14,26;252;06/12/2027;5;50000;False;PUBLICA;-
LF0025009Q4;BRSCNALFI0A8;SCANIA BANCO S/A;LF;False;0;-;PREFIXADO;-;14,74;252;19/04/2027;8155;50000;False;PUBLICA;-
LFSN21003IP;BRBITALFIX72;ITAU UNIBANCO HOLDING S.A;LFSN;False;0;-;DI;100;2;252;22/09/2031;1;400000;False;PUBLICA;-
LF0026004IM;-;ITAU UNIBANCO S.A.;LF;False;0;-;DI;101;-;-;15/02/2029;468;50000;False;PUBLICA;-
LFSN21003T6;BRBITALFIXI6;ITAU UNIBANCO HOLDING S.A;LFSN;False;0;-;DI;100;2;252;22/09/2031;2;400000;False;PUBLICA;-
LF0021006T8;-;BANCO SAFRA S/A;LF;False;0;-;IPCA;100;3,9;252;17/08/2026;5;58000;False;PUBLICA;-
LF002100E7L;-;BANCO SAFRA S/A;LF;False;0;-;IPCA;100;4,98;252;17/08/2026;1;50000;False;PUBLICA;-
LF0021003GF;-;BANCO SAFRA S/A;LF;False;0;-;IPCA;100;4;252;17/08/2026;3;50000;False;PUBLICA;-
LF002400O4N;-;ITAU UNIBANCO S.A.;LF;False;0;-;DI;102;-;-;15/09/2027;80;50000;False;PUBLICA;-
LF002100CHN;-;BANCO SAFRA S/A;LF;False;0;-;DI;112,5;-;-;20/08/2027;1;50000;False;PUBLICA;-
LF002200IV3;-;BANCO SAFRA S/A;LF;False;0;-;IPCA;100;6,22;252;01/07/2027;1;50000;False;PUBLICA;-
LF002307YQM;-;BANCO SAFRA S/A;LF;False;0;-;IPCA;100;6,39;252;26/10/2028;64;50000;False;PUBLICA;-
LF002100F5J;-;BANCO SAFRA S/A;LF;False;0;-;IPCA;100;5,03;252;17/08/2026;4;52000;False;PUBLICA;-
LF002100QC3;-;BANCO SAFRA S/A;LF;False;0;-;IPCA;100;5,39;252;17/08/2026;3;50000;False;PUBLICA;-
LF002400NTL;-;ITAU UNIBANCO S.A.;LF;False;0;-;DI;102;-;-;15/09/2027;1308;50000;False;PUBLICA;-
LF002100BVW;-;BANCO SAFRA S/A;LF;False;0;-;IPCA;100;4,8;252;17/08/2026;1;50000;False;PUBLICA;-
LF0021001TB;BRBSAFLTFH73;BANCO SAFRA S/A;LF;False;0;-;IPCA;100;3,33;252;17/08/2026;8;50000;False;PUBLICA;-
LF00250057D;-;ITAU UNIBANCO S.A.;LF;False;0;-;DI;101;-;-;19/02/2027;1;960000;False;PUBLICA;-
LF002400VV5;-;ITAU UNIBANCO S.A.;LF;False;0;-;DI;102;-;-;16/11/2027;32;50000;False;PUBLICA;-
LF002100KZV;BRBSAFLTREY3;BANCO SAFRA S/A;LF;False;0;-;IPCA;100;5,65;252;17/08/2026;2;50000;False;PUBLICA;-
LF002200DU4;-;ITAU UNIBANCO S.A.;LF;False;0;-;DI;103;-;-;16/06/2028;60;50000;False;PUBLICA;-
LF002301N49;-;ITAU UNIBANCO S.A.;LF;False;0;-;PREFIXADO;-;13,2;252;15/03/2027;1;800000;False;PUBLICA;-
LF002100F9F;-;BANCO SAFRA S/A;LF;False;0;-;IPCA;100;5,05;252;17/08/2026;1;50000;False;PUBLICA;-
LF0024003LK;-;BANCO SAFRA S/A;LF;False;0;-;IPCA;100;4,93;252;29/01/2029;10;50000;False;PUBLICA;-
LF002307JLT;-;ITAU UNIBANCO S.A.;LF;False;0;-;IPCA;100;6,21;252;29/09/2033;1;3000000;False;PUBLICA;-
LF002100E2Q;-;BANCO SAFRA S/A;LF;False;0;-;IPCA;100;5,12;252;17/08/2026;2;54500;False;PUBLICA;-
LF002600NFK;-;ITAU UNIBANCO S.A.;LF;False;0;-;DI;101;-;-;15/08/2029;6;50000;False;PUBLICA;-
LF002400G40;BRBSAFLNNDE9;BANCO SAFRA S/A;LF;False;0;-;DI;100;0,45;252;20/08/2026;9;50000;False;PUBLICA;-
LF002100CG2;-;BANCO SAFRA S/A;LF;False;0;-;IPCA;100;5,17;252;17/08/2026;8;75125;False;PUBLICA;-
LF002400T2Y;-;ITAU UNIBANCO S.A.;LF;False;0;-;DI;102;-;-;16/11/2027;42;50972,52;False;PUBLICA;-
LF002200KHK;-;ITAU UNIBANCO S.A.;LF;False;0;-;IPCA;100;6,82;252;29/07/2032;1;100000;False;PUBLICA;-
LF00230844Z;-;ITAU UNIBANCO S.A.;LF;False;0;-;DI;104;-;-;09/11/2028;1;1000000;False;PUBLICA;-
LF00220076S;-;BANCO SAFRA S/A;LF;False;0;-;IPCA;100;5,92;252;17/08/2026;1;50000;False;PUBLICA;-
LF0021006PL;-;BANCO SAFRA S/A;LF;False;0;-;IPCA;100;4,8;252;27/05/2031;1;50000;False;PUBLICA;-
LF0023049JW;-;ITAU UNIBANCO S.A.;LF;False;0;-;PREFIXADO;-;11,85;252;20/06/2033;1;56000;False;PUBLICA;-
LF002100CGC;-;BANCO SAFRA S/A;LF;False;0;-;IPCA;100;5,17;252;17/08/2026;1;68000;False;PUBLICA;-
LF002400MBV;-;BANCO SAFRA S/A;LF;False;0;-;DI;103,5;-;-;21/08/2026;1313;50031,2262;False;PUBLICA;-
LF002400E3B;-;BANCO SAFRA S/A;LF;False;0;-;DI;100,75;-;-;28/05/2027;1;50000;False;PUBLICA;-
LF002200079;-;BANCO SAFRA S/A;LF;False;0;-;IPCA;100;5,74;252;17/08/2026;1;50000;False;PUBLICA;-
LF002100HK3;-;BANCO SAFRA S/A;LF;False;0;-;IPCA;100;5,44;252;17/08/2026;3;50000;False;PUBLICA;-
LF00210090J;-;BANCO SAFRA S/A;LF;False;0;-;IPCA;100;4,18;252;17/08/2026;3;50000;False;PUBLICA;-
LF002400ZUO;-;ITAU UNIBANCO S.A.;LF;False;0;-;PREFIXADO;-;14,31;252;04/12/2026;5;50000;False;PUBLICA;-
LF002400OTL;-;ITAU UNIBANCO S.A.;LF;False;0;-;DI;102;-;-;15/09/2027;47;50957,45;False;PUBLICA;-
LF002100286;-;BANCO SAFRA S/A;LF;False;0;-;IPCA;100;3,81;252;17/08/2026;4;50000;False;PUBLICA;-
LFSN21003EK;BRBITALFIX49;ITAU UNIBANCO HOLDING S.A;LFSN;False;0;-;DI;100;2;252;21/10/2031;1;400000;False;PUBLICA;-
LF002100OY5;-;BANCO SAFRA S/A;LF;False;0;-;IPCA;100;5,22;252;17/08/2026;1;75000;False;PUBLICA;-
LFSN21002E8;-;BANCO SAFRA S/A;LFSN;False;0;-;PREFIXADO;-;10,93;252;23/07/2029;2;370974;False;PUBLICA;-
LF002400T30;-;ITAU UNIBANCO S.A.;LF;False;0;-;DI;101;-;-;19/10/2026;480;50000;False;PUBLICA;-
LF002100DR9;-;BANCO SAFRA S/A;LF;False;0;-;IPCA;100;5,07;252;15/05/2035;1;60000;False;PUBLICA;-
LF002200KHJ;-;ITAU UNIBANCO S.A.;LF;False;0;-;IPCA;100;6,96;252;29/07/2037;1;100000;False;PUBLICA;-
LF002100H9O;-;BANCO SAFRA S/A;LF;False;0;-;IPCA;100;5,22;252;17/08/2026;1;50000;False;PUBLICA;-
LF002100GV4;-;BANCO SAFRA S/A;LF;False;0;-;IPCA;100;5,19;252;13/10/2027;6;50000;False;PUBLICA;-
LF002200FX4;-;BANCO SAFRA S/A;LF;False;0;-;IPCA;100;6,29;252;03/06/2027;2;52500;False;PUBLICA;-
LF002200G8W;-;BANCO SAFRA S/A;LF;False;0;-;IPCA;100;5,96;252;17/08/2026;1;50000;False;PUBLICA;-
LF002400JK8;-;ITAU UNIBANCO S.A.;LF;False;0;-;DI;102;-;-;16/08/2027;130;50000;False;PUBLICA;-
LF002100J9E;-;BANCO SAFRA S/A;LF;False;0;-;IPCA;100;6,01;252;17/08/2026;1;50000;False;PUBLICA;-
LFSN21003KS;BRBITALFIXA3;ITAU UNIBANCO HOLDING S.A;LFSN;False;0;-;DI;100;2;252;21/10/2031;2;400000;False;PUBLICA;-
LF0025005BS;-;ITAU UNIBANCO S.A.;LF;False;0;-;DI;102;-;-;15/03/2028;360;50000;False;PUBLICA;-
LF002200JX8;-;BANCO SAFRA S/A;LF;False;0;-;IPCA;100;7,08;252;30/12/2026;2;83500;False;PUBLICA;-
LF002200ME4;-;BANCO SAFRA S/A;LF;False;0;-;PREFIXADO;-;11,89;252;04/09/2028;3;50000;False;PUBLICA;-
LF002301J92;-;ITAU UNIBANCO S.A.;LF;False;0;-;IPCA;100;6,49;252;09/03/2028;1;2000000;False;PUBLICA;-
LF002100LOS;BRBSAFLFE091;BANCO SAFRA S/A;LF;False;0;-;IPCA;100;5,55;252;17/08/2026;1;70000;False;PUBLICA;-
LF002100I1O;-;BANCO SAFRA S/A;LF;False;0;-;IPCA;100;5,74;252;17/08/2026;2;55500;False;PUBLICA;-
LF002400N3A;-;ITAU UNIBANCO S.A.;LF;False;0;-;DI;102;-;-;15/09/2027;25;57600;False;PUBLICA;-
LF002600NLS;-;ITAU UNIBANCO S.A.;LF;False;0;-;PREFIXADO;-;14,1;252;13/08/2029;1;100000;False;PUBLICA;-
LF002500G9V;-;ITAU UNIBANCO S.A.;LF;False;0;-;IPCA;100;8,92;252;19/07/2027;6;50000;False;PUBLICA;-
LF002100FRU;-;BANCO SAFRA S/A;LF;False;0;-;IPCA;100;5,05;252;17/08/2026;1;50000;False;PUBLICA;-
LF00220065Z;-;BANCO SAFRA S/A;LF;False;0;-;IPCA;100;5,65;252;17/08/2026;1;75000;False;PUBLICA;-
LF00230584D;-;BANCO SAFRA S/A;LF;False;0;-;PREFIXADO;-;10,63;252;10/09/2027;9;50000;False;PUBLICA;-
LF002100LR2;BRBSAFLFE091;BANCO SAFRA S/A;LF;False;0;-;IPCA;100;5,55;252;17/08/2026;1;50000;False;PUBLICA;-
LF0021008YF;-;BANCO SAFRA S/A;LF;False;0;-;IPCA;100;4,17;252;17/08/2026;2;85000;False;PUBLICA;-
LF0025007D6;-;ITAU UNIBANCO S.A.;LF;False;0;-;PREFIXADO;-;14,22;252;14/03/2028;10;50000;False;PUBLICA;-
LF002400DHR;-;BANCO SAFRA S/A;LF;False;0;-;IPCA;100;6,02;252;15/05/2045;2;50000;False;PUBLICA;-
LF002400L5J;BRBSAFLNNDP5;BANCO SAFRA S/A;LF;False;0;-;DI;100;0,4;252;08/01/2027;79;50000;False;PUBLICA;-
LF0025002OM;-;ITAU UNIBANCO S.A.;LF;False;0;-;DI;102;-;-;15/02/2028;960;50431,49;False;PUBLICA;-
LF00210021L;-;BANCO SAFRA S/A;LF;False;0;-;IPCA;100;3,78;252;17/08/2026;1;50000;False;PUBLICA;-
LF002200JX9;-;BANCO SAFRA S/A;LF;False;0;-;IPCA;100;6,66;252;15/05/2035;1;50000;False;PUBLICA;-
LFSC23006SJ;BRITUBLFI1R3;ITAU UNIBANCO HOLDING S.A;LFSC;False;0;-;DI;100;1,9;252;09/11/9999;1;350000;False;PUBLICA;-
LFSC23006O3;BRITUBLFI1Q5;ITAU UNIBANCO HOLDING S.A;LFSC;False;0;-;DI;100;1,9;252;08/11/9999;34;350000;False;PUBLICA;-
LF0022002EN;-;BANCO SAFRA S/A;LF;False;0;-;IPCA;100;5,65;252;17/08/2026;6;50000;False;PUBLICA;-
LFSN22006N8;-;BANCO SAFRA S/A;LFSN;False;0;-;PREFIXADO;-;11,8;252;02/09/2030;1;362000;False;PUBLICA;-
LF002500PSL;BRBMGBLFI8T6;BANCO BMG S/A;LF;False;0;-;DI;100;1,35;252;11/12/2027;6000;50000;False;PUBLICA;-
LF00250014C;-;ITAU UNIBANCO S.A.;LF;False;0;-;DI;102;-;-;17/01/2028;1636;50000;False;PUBLICA;-
LF002100GJQ;-;BANCO SAFRA S/A;LF;False;0;-;IPCA;100;5,04;252;17/08/2026;3;52600;False;PUBLICA;-
LF002100I1P;-;BANCO SAFRA S/A;LF;False;0;-;IPCA;100;5,74;252;17/08/2026;2;50000;False;PUBLICA;-
LF002100AC7;-;BANCO SAFRA S/A;LF;False;0;-;IPCA;100;4,32;252;17/08/2026;1;50000;False;PUBLICA;-
LF0021002WO;-;BANCO SAFRA S/A;LF;False;0;-;IPCA;100;3,62;252;17/08/2026;1;73000;False;PUBLICA;-
LF00210045U;-;BANCO SAFRA S/A;LF;False;0;-;IPCA;100;4,03;252;17/08/2026;1;75000;False;PUBLICA;-
LF002400OHI;-;BANCO SAFRA S/A;LF;False;0;-;IPCA;100;5,99;252;15/05/2035;2;50000;False;PUBLICA;-
LF002100GCL;-;BANCO SAFRA S/A;LF;False;0;-;IPCA;100;5,06;252;17/08/2026;1;50000;False;PUBLICA;-
LF002400HTY;-;ITAU UNIBANCO S.A.;LF;False;0;-;DI;102;-;-;15/07/2027;90;50000;False;PUBLICA;-
LF002100PM7;-;BANCO SAFRA S/A;LF;False;0;-;IPCA;100;5,34;252;17/08/2026;2;71000;False;PUBLICA;-
LF0022007M5;-;BANCO SAFRA S/A;LF;False;0;-;IPCA;100;6,54;252;09/03/2027;2;51500;False;PUBLICA;-
LF002100AC6;-;BANCO SAFRA S/A;LF;False;0;-;IPCA;100;4,32;252;17/08/2026;2;50000;False;PUBLICA;-
LF002600MDL;-;ITAU UNIBANCO S.A.;LF;False;0;-;IPCA;100;8,28;252;30/07/2029;40;50000;False;PUBLICA;-
LF002100H82;-;BANCO SAFRA S/A;LF;False;0;-;IPCA;100;5,22;252;17/08/2026;4;61250;False;PUBLICA;-
LF002400Q6N;-;ITAU UNIBANCO S.A.;LF;False;0;-;IPCA;100;6,74;252;26/09/2028;1;2000000;False;PUBLICA;-
LF002500D60;BRLAGELFI065;BANCO DE LAGE LANDEN  BRASIL S/A;LF;False;0;-;DI;100;0,35;252;06/06/2027;2000;50000;False;PUBLICA;-
LF002200KI7;-;BANCO SAFRA S/A;LF;False;0;-;IPCA;100;6,22;252;02/08/2027;1;58000;False;PUBLICA;-
LF0021004LS;-;BANCO SAFRA S/A;LF;False;0;-;IPCA;100;4,23;252;17/08/2026;2;50000;False;PUBLICA;-
LF002100I2X;-;BANCO SAFRA S/A;LF;False;0;-;IPCA;100;5,71;252;17/08/2026;20;50000;False;PUBLICA;-
LF0021004JC;-;BANCO SAFRA S/A;LF;False;0;-;IPCA;100;4,17;252;17/08/2026;1;52000;False;PUBLICA;-
LF002100GIZ;-;BANCO SAFRA S/A;LF;False;0;-;IPCA;100;5,04;252;17/08/2026;1;50000;False;PUBLICA;-
LF002308FV1;-;BANCO SAFRA S/A;LF;False;0;-;PREFIXADO;-;10,63;252;09/12/2026;5;50000;False;PUBLICA;-
LF002100ELR;-;BANCO SAFRA S/A;LF;False;0;-;IPCA;100;4,92;252;17/08/2026;4;50000;False;PUBLICA;-
LF002200EUC;-;BANCO SAFRA S/A;LF;False;0;-;IPCA;100;6,49;252;24/05/2032;5;50000;False;PUBLICA;-
LF002400PDA;-;ITAU UNIBANCO S.A.;LF;False;0;-;DI;102;-;-;15/10/2027;290;50000;False;PUBLICA;-
LF002305FOL;-;BANCO SAFRA S/A;LF;False;0;-;PREFIXADO;-;11,41;252;25/07/2029;6;51254,5;False;PUBLICA;-
LF002500C00;-;ITAU UNIBANCO S.A.;LF;False;0;-;DI;101;-;-;15/05/2028;320;50340,27;False;PUBLICA;-
LFSC23006O0;BRITUBLFI1Q5;ITAU UNIBANCO HOLDING S.A;LFSC;False;0;-;DI;100;1,9;252;08/11/9999;1;350000;False;PUBLICA;-
LF002303A7L;-;BANCO BRADESCO S/A;LF;False;0;-;DI;106,5;-;-;16/05/2028;1;99000;False;PUBLICA;-
LF002100H1O;-;BANCO SAFRA S/A;LF;False;0;-;IPCA;100;5,15;252;17/08/2026;2;61500;False;PUBLICA;-
LF0021007O6;-;BANCO SAFRA S/A;LF;False;0;-;IPCA;100;3,99;252;17/08/2026;1;60000;False;PUBLICA;-
LF002400L57;BRBSAFLNNDP5;BANCO SAFRA S/A;LF;False;0;-;DI;100;0,4;252;08/01/2027;18;50000;False;PUBLICA;-
LF002400NTT;-;ITAU UNIBANCO S.A.;LF;False;0;-;DI;102;-;-;15/09/2027;250;50000;False;PUBLICA;-
LF002400HMI;-;BANCO SAFRA S/A;LF;False;0;-;IPCA;100;6,51;252;15/05/2029;3;50348,606667;False;PUBLICA;-
LF002100FJX;-;BANCO SAFRA S/A;LF;False;0;-;IPCA;100;5,01;252;17/08/2026;8;76750;False;PUBLICA;-
LFSN21003SV;BRBITALFIXI6;ITAU UNIBANCO HOLDING S.A;LFSN;False;0;-;DI;100;2;252;22/09/2031;35;400000;False;PUBLICA;-
LF002100OI4;-;BANCO SAFRA S/A;LF;False;0;-;IPCA;100;5,32;252;17/08/2026;1;60000;False;PUBLICA;-
LF002100F4S;-;BANCO SAFRA S/A;LF;False;0;-;IPCA;100;5,03;252;17/08/2026;1;50000;False;PUBLICA;-
LF002100Q1L;-;BANCO SAFRA S/A;LF;False;0;-;IPCA;100;5,54;252;17/08/2026;1;50000;False;PUBLICA;-
LF002100H9P;-;BANCO SAFRA S/A;LF;False;0;-;IPCA;100;5,22;252;17/08/2026;1;50000;False;PUBLICA;-
LF002600L9C;-;ITAU UNIBANCO S.A.;LF;False;0;-;DI;101;-;-;15/08/2029;21;50000;False;PUBLICA;-
LF002200DOW;BRBSAFLNN674;BANCO SAFRA S/A;LF;False;0;-;IPCA;100;6,68;252;10/05/2027;160;50000;False;PUBLICA;-
LF002200MRB;-;BANCO SAFRA S/A;LF;False;0;-;PREFIXADO;-;12,06;252;13/09/2028;1;50000;False;PUBLICA;-
LF002400P5H;-;ITAU UNIBANCO S.A.;LF;False;0;-;DI;102;-;-;15/10/2027;61;50000;False;PUBLICA;-
LFSN2100287;-;BANCO SAFRA S/A;LFSN;False;0;-;IPCA;-;5,38;252;06/07/2028;1;300000;False;PUBLICA;-
LF002200072;-;BANCO SAFRA S/A;LF;False;0;-;IPCA;100;5,74;252;17/08/2026;7;50000;False;PUBLICA;-
LF002500EFJ;-;ITAU UNIBANCO S.A.;LF;False;0;-;IPCA;100;8,76;252;17/06/2027;1;650000;False;PUBLICA;-
LF002100IJI;-;BANCO SAFRA S/A;LF;False;0;-;IPCA;100;5,57;252;17/08/2026;9;50000;False;PUBLICA;-
LF0025002M2;-;ITAU UNIBANCO S.A.;LF;False;0;-;DI;102;-;-;15/02/2028;290;50499,62;False;PUBLICA;-
LF002400NSV;-;BANCO SAFRA S/A;LF;False;0;-;IPCA;100;6,05;252;08/09/2026;2;50000;False;PUBLICA;-
LF002100I3B;-;BANCO SAFRA S/A;LF;False;0;-;IPCA;100;5,74;252;17/08/2026;4;50000;False;PUBLICA;-
LF002100E7R;-;BANCO SAFRA S/A;LF;False;0;-;IPCA;100;5,13;252;15/05/2035;1;56000;False;PUBLICA;-
LF002400MQ4;-;ITAU UNIBANCO S.A.;LF;False;0;-;DI;102;-;-;15/09/2027;1600;50000;False;PUBLICA;-
LF002100CFM;-;BANCO SAFRA S/A;LF;False;0;-;IPCA;100;5,17;252;17/08/2026;4;50000;False;PUBLICA;-
LF002100JKX;BRBSAFLTR870;BANCO SAFRA S/A;LF;False;0;-;IPCA;100;5,85;252;17/08/2026;1;50000;False;PUBLICA;-
LF002400NMU;-;BANCO SAFRA S/A;LF;False;0;-;IPCA;100;6,75;252;04/09/2026;8;55375;False;PUBLICA;-
LFSN2100288;-;BANCO SAFRA S/A;LFSN;False;0;-;PREFIXADO;-;10,38;252;07/07/2031;1;300000;False;PUBLICA;-
LF0025001XL;-;ITAU UNIBANCO S.A.;LF;False;0;-;DI;102;-;-;17/01/2028;775;50000;False;PUBLICA;-
LF002400E5E;-;BANCO SAFRA S/A;LF;False;0;-;IPCA;100;6,05;252;15/05/2045;1;50000;False;PUBLICA;-
LF002400J1I;-;ITAU UNIBANCO S.A.;LF;False;0;-;DI;102;-;-;16/08/2027;480;50000;False;PUBLICA;-
LF0021008VN;-;BANCO SAFRA S/A;LF;False;0;-;IPCA;100;4,67;252;30/06/2031;1;50000;False;PUBLICA;-
LFSN21003KU;BRBITALFIXA3;ITAU UNIBANCO HOLDING S.A;LFSN;False;0;-;DI;100;2;252;21/10/2031;2;400000;False;PUBLICA;-
LF002100A92;-;BANCO SAFRA S/A;LF;False;0;-;IPCA;100;4,27;252;17/08/2026;1;100000;False;PUBLICA;-
LFSN22006N6;-;BANCO SAFRA S/A;LFSN;False;0;-;IPCA;-;6,09;252;18/08/2028;1;300000;False;PUBLICA;-
LF0021006T9;-;BANCO SAFRA S/A;LF;False;0;-;IPCA;100;3,9;252;17/08/2026;1;50000;False;PUBLICA;-
LF0021007OS;-;BANCO SAFRA S/A;LF;False;0;-;IPCA;100;3,99;252;17/08/2026;1;1500000;False;PUBLICA;-
LF002400PNI;-;BANCO SAFRA S/A;LF;False;0;-;IPCA;100;6,33;252;20/09/2045;1;50000;False;PUBLICA;-
LF0021006FH;-;BANCO SAFRA S/A;LF;False;0;-;IPCA;100;3,97;252;17/08/2026;2;1411000;False;PUBLICA;-
LF002600N0I;-;ITAU UNIBANCO S.A.;LF;False;0;-;DI;101,5;-;-;05/08/2030;384;50000;False;PUBLICA;-
LF002300V6A;-;BANCO SAFRA S/A;LF;False;0;-;IPCA;100;7;252;14/02/2029;1;625000;False;PUBLICA;-
LF002100HJV;-;BANCO SAFRA S/A;LF;False;0;-;IPCA;100;5,46;252;17/08/2026;1;50000;False;PUBLICA;-
LF0026004U5;-;ITAU UNIBANCO S.A.;LF;False;0;-;DI;101,5;-;-;15/02/2029;2000;50000;False;PUBLICA;-
LF002600EB3;-;ITAU UNIBANCO S.A.;LF;False;0;-;DI;101,5;-;-;12/05/2028;50;50000;False;PUBLICA;-
LF002100AC1;-;BANCO SAFRA S/A;LF;False;0;-;IPCA;100;4,32;252;17/08/2026;1;103400;False;PUBLICA;-
LF002100IPU;-;BANCO SAFRA S/A;LF;False;0;-;IPCA;100;5,79;252;17/08/2026;2;50000;False;PUBLICA;-
LF002200169;-;BANCO SAFRA S/A;LF;False;0;-;IPCA;100;5,77;252;17/08/2026;1;50000;False;PUBLICA;-
LF0021006PC;-;BANCO SAFRA S/A;LF;False;0;-;IPCA;100;3,97;252;17/08/2026;8;93750;False;PUBLICA;-
LF002400OQX;-;ITAU UNIBANCO S.A.;LF;False;0;-;DI;102;-;-;15/09/2027;200;50000;False;PUBLICA;-
LF002306P1V;-;BANCO BRADESCO S/A;LF;False;0;-;IPCA;100;5,08;252;15/05/2035;8;50000;False;PUBLICA;-
LF0021003VC;-;BANCO SAFRA S/A;LF;False;0;-;IPCA;100;4,02;252;17/08/2026;1;50000;False;PUBLICA;-
LF0021004AE;-;BANCO SAFRA S/A;LF;False;0;-;IPCA;100;4,11;252;17/08/2026;2;50000;False;PUBLICA;-
LF002400Q4J;-;BANCO SAFRA S/A;LF;False;0;-;DI;103,25;-;-;28/09/2026;1;11441830;False;PUBLICA;-
LF002100BOT;-;BANCO SAFRA S/A;LF;False;0;-;IPCA;100;4,69;252;17/08/2026;2;65000;False;PUBLICA;-
LF0025005X6;-;ITAU UNIBANCO S.A.;LF;False;0;-;IPCA;100;7,89;252;26/02/2030;80;50000;False;PUBLICA;-
LF002100QPL;-;BANCO SAFRA S/A;LF;False;0;-;IPCA;100;5,36;252;17/08/2026;2;50000;False;PUBLICA;-
LF002400T83;-;ITAU UNIBANCO S.A.;LF;False;0;-;DI;102;-;-;16/11/2027;39;50000;False;PUBLICA;-
LF002200970;-;BANCO SAFRA S/A;LF;False;0;-;IPCA;100;5,79;252;17/08/2026;10;50000;False;PUBLICA;-
LF002400KUU;BRBSAFLNNDM2;BANCO SAFRA S/A;LF;False;0;-;DI;100;0,4;252;05/10/2026;158;50000;False;PUBLICA;-
LFSN22001P5;-;BANCO SAFRA S/A;LFSN;False;0;-;IPCA;-;6,8;252;19/10/2028;1;375000;False;PUBLICA;-
LFSN21001JP;BRBSAFLFNNP0;BANCO SAFRA S/A;LFSN;False;0;-;IPCA;-;5,62;252;11/05/2028;2;400000;False;PUBLICA;-
LFSN21003T7;BRBITALFIXI6;ITAU UNIBANCO HOLDING S.A;LFSN;False;0;-;DI;100;2;252;22/09/2031;12;400000;False;PUBLICA;-
LF002400T2N;-;BANCO SAFRA S/A;LF;False;0;-;IPCA;100;6,87;252;19/10/2026;5;50000;False;PUBLICA;-
LF002100B5P;-;BANCO SAFRA S/A;LF;False;0;-;IPCA;100;4,43;252;17/08/2026;1;50000;False;PUBLICA;-
LF002200GWG;-;BANCO SAFRA S/A;LF;False;0;-;IPCA;100;6,05;252;15/06/2027;1;50000;False;PUBLICA;-
LF002400Q6G;-;BANCO SAFRA S/A;LF;False;0;-;IPCA;100;6,21;252;15/05/2045;1;50000;False;PUBLICA;-
LFSC23006TS;BRITUBLFI1R3;ITAU UNIBANCO HOLDING S.A;LFSC;False;0;-;DI;100;1,9;252;09/11/9999;1;350000;False;PUBLICA;-
LF002200I8J;-;BANCO SAFRA S/A;LF;False;0;-;IPCA;100;5,75;252;17/08/2026;3;50000;False;PUBLICA;-
LF002100BWP;-;BANCO SAFRA S/A;LF;False;0;-;IPCA;100;4,81;252;17/08/2026;22;50000;False;PUBLICA;-
LF002400QX0;-;ITAU UNIBANCO S.A.;LF;False;0;-;DI;102;-;-;15/10/2027;240;50000;False;PUBLICA;-
LF0025005SG;-;ITAU UNIBANCO S.A.;LF;False;0;-;PREFIXADO;-;14,33;252;01/03/2028;3;50000;False;PUBLICA;-
LFSN2200DQO;-;BANCO SAFRA S/A;LFSN;False;0;-;PREFIXADO;-;16,09;252;23/11/2032;16;312500;False;PUBLICA;-
LF002400M62;-;ITAU UNIBANCO S.A.;LF;False;0;-;DI;102;-;-;17/08/2026;21;100000;False;PUBLICA;-
LFSN21003I7;BRBITALFIX72;ITAU UNIBANCO HOLDING S.A;LFSN;False;0;-;DI;100;2;252;22/09/2031;3;400000;False;PUBLICA;-
LF002500KZ0;-;ITAU UNIBANCO S.A.;LF;False;0;-;IPCA;100;7,79;252;17/09/2029;8;58750;False;PUBLICA;-
LF002200I8F;-;BANCO SAFRA S/A;LF;False;0;-;IPCA;100;6,15;252;15/05/2035;1;66900;False;PUBLICA;-
LF002100F1M;-;BANCO SAFRA S/A;LF;False;0;-;IPCA;100;4,96;252;17/08/2026;3;50000;False;PUBLICA;-
LFSN21003L2;BRBITALFIXA3;ITAU UNIBANCO HOLDING S.A;LFSN;False;0;-;DI;100;2;252;21/10/2031;3;400000;False;PUBLICA;-
LF002100EH5;-;BANCO SAFRA S/A;LF;False;0;-;IPCA;100;4,88;252;17/08/2026;1;50000;False;PUBLICA;-
LF002400NNB;-;ITAU UNIBANCO S.A.;LF;False;0;-;DI;102;-;-;15/09/2027;14;50000;False;PUBLICA;-
LF002100L07;BRBSAFLTREY3;BANCO SAFRA S/A;LF;False;0;-;IPCA;100;5,65;252;17/08/2026;2;50000;False;PUBLICA;-
LF0022004TB;BRBSAFLNN2L5;BANCO SAFRA S/A;LF;False;0;-;DI;100;1,35;252;10/02/2027;17;50000;False;PUBLICA;-
LF002100OHT;-;BANCO SAFRA S/A;LF;False;0;-;IPCA;100;5,33;252;17/08/2026;1;50000;False;PUBLICA;-
LF0022008ZO;-;BANCO SAFRA S/A;LF;False;0;-;IPCA;100;5,95;252;24/03/2027;1;50000;False;PUBLICA;-
LF002100HQ7;-;BANCO SAFRA S/A;LF;False;0;-;IPCA;100;6,15;252;21/10/2026;2;50000;False;PUBLICA;-
LF002400LZC;-;BANCO SAFRA S/A;LF;False;0;-;PREFIXADO;-;10,91;252;17/08/2026;1;54000;False;PUBLICA;-
LF002100CF9;-;BANCO SAFRA S/A;LF;False;0;-;IPCA;100;5,16;252;17/08/2026;1;50000;False;PUBLICA;-
LF002100HPO;-;BANCO SAFRA S/A;LF;False;0;-;IPCA;100;5,55;252;17/08/2026;3;50000;False;PUBLICA;-
LF002200FGF;-;BANCO SAFRA S/A;LF;False;0;-;IPCA;100;6,55;252;31/05/2032;1;58000;False;PUBLICA;-
LF002600F2F;-;ITAU UNIBANCO S.A.;LF;False;0;-;DI;101,5;-;-;21/05/2029;8;50000;False;PUBLICA;-
LF002100AWY;-;BANCO SAFRA S/A;LF;False;0;-;IPCA;100;4,58;252;17/08/2026;1;50000;False;PUBLICA;-
LF002400C47;-;BANCO SAFRA S/A;LF;False;0;-;IPCA;100;6,6;252;03/05/2029;100;50000;False;PUBLICA;-
LF002100JFY;BRBSAFLTR7Q3;BANCO SAFRA S/A;LF;False;0;-;IPCA;100;5,81;252;15/06/2035;1;50000;False;PUBLICA;-
LF002500ES1;-;ITAU UNIBANCO S.A.;LF;False;0;-;IPCA;100;8,89;252;24/06/2027;160;58875;False;PUBLICA;-
LF002400D3W;-;ITAU UNIBANCO S.A.;LF;False;0;-;DI;102,4;-;-;17/05/2027;1;3350000;False;PUBLICA;-
LF002400B59;-;ITAU UNIBANCO S.A.;LF;False;0;-;PREFIXADO;-;10,92;252;23/04/2027;1;2500000;False;PUBLICA;-
LF0024009BR;-;ITAU UNIBANCO S.A.;LF;False;0;-;DI;103;-;-;15/04/2027;80;50000;False;PUBLICA;-
LF0025003VN;-;ITAU UNIBANCO S.A.;LF;False;0;-;DI;102;-;-;15/02/2028;20;50000;False;PUBLICA;-
LF002100LA6;BRBSAFLTRF89;BANCO SAFRA S/A;LF;False;0;-;IPCA;100;5,57;252;17/08/2026;1;80000;False;PUBLICA;-
LF002100EGQ;-;BANCO SAFRA S/A;LF;False;0;-;IPCA;100;4,88;252;17/08/2026;2;50000;False;PUBLICA;-
LF002400EWP;-;BANCO SAFRA S/A;LF;False;0;-;IPCA;100;6,15;252;15/05/2045;10;50000;False;PUBLICA;-
LF002100FK2;-;BANCO SAFRA S/A;LF;False;0;-;IPCA;100;5,01;252;17/08/2026;1;50000;False;PUBLICA;-
LF002100AWV;-;BANCO SAFRA S/A;LF;False;0;-;IPCA;100;4,56;252;17/08/2026;1;50000;False;PUBLICA;-
LF002100EHN;-;BANCO SAFRA S/A;LF;False;0;-;IPCA;100;4,88;252;17/08/2026;1;64000;False;PUBLICA;-
LFSN22006CD;BRABCBLFICQ4;BANCO ABC BRASIL S.A.;LFSN;False;0;-;DI;100;2,35;252;19/05/2032;1;400000;False;PUBLICA;-
LF002100CC5;-;BANCO SAFRA S/A;LF;False;0;-;IPCA;100;4,93;252;17/08/2026;1;230000;False;PUBLICA;-
LF0025006WE;-;ITAU UNIBANCO S.A.;LF;False;0;-;DI;101,8;-;-;12/03/2029;336;50000;False;PUBLICA;-
LF002500DBZ;-;BANCO SAFRA S/A;LF;False;0;-;IPCA;100;7;252;29/11/2045;4;50000;False;PUBLICA;-
LF0021003GT;-;BANCO SAFRA S/A;LF;False;0;-;IPCA;100;4;252;17/08/2026;1;50000;False;PUBLICA;-
LF002100IQ0;-;BANCO SAFRA S/A;LF;False;0;-;IPCA;100;5,85;252;17/08/2026;1;75000;False;PUBLICA;-
LF0023049JV;-;ITAU UNIBANCO S.A.;LF;False;0;-;DI;104;-;-;16/06/2028;1;5000000;False;PUBLICA;-
LF0021004LP;-;BANCO SAFRA S/A;LF;False;0;-;IPCA;100;4,23;252;18/08/2026;13;50000;False;PUBLICA;-
LF0021007JK;-;BANCO SAFRA S/A;LF;False;0;-;IPCA;100;4,59;252;18/05/2035;3;58333,333334;False;PUBLICA;-
LF0025009Q3;BRSCNALFI094;SCANIA BANCO S/A;LF;False;0;-;DI;100;0,7;252;09/04/2029;3954;50000;False;PUBLICA;-
LF002400OQI;-;ITAU UNIBANCO S.A.;LF;False;0;-;DI;102;-;-;15/09/2027;80;50000;False;PUBLICA;-
LF002100IR3;-;BANCO SAFRA S/A;LF;False;0;-;IPCA;100;5,79;252;17/08/2026;1;50000;False;PUBLICA;-
LF002100BBX;-;BANCO SAFRA S/A;LF;False;0;-;IPCA;100;4,62;252;17/08/2026;10;50000;False;PUBLICA;-
LF002100FEJ;-;BANCO SAFRA S/A;LF;False;0;-;IPCA;100;5,06;252;17/08/2026;8;50000;False;PUBLICA;-
LFSC23006TR;BRITUBLFI1R3;ITAU UNIBANCO HOLDING S.A;LFSC;False;0;-;DI;100;1,9;252;09/11/9999;2;350000;False;PUBLICA;-
LF00210028J;-;BANCO SAFRA S/A;LF;False;0;-;IPCA;100;4,43;252;15/05/2035;1;50000;False;PUBLICA;-
LF00210065X;-;BANCO SAFRA S/A;LF;False;0;-;IPCA;100;3,88;252;17/08/2026;1;50000;False;PUBLICA;-
LF002100DRA;-;BANCO SAFRA S/A;LF;False;0;-;IPCA;100;4,87;252;17/08/2026;1;60000;False;PUBLICA;-
LF002500D8H;-;ITAU UNIBANCO S.A.;LF;False;0;-;DI;101,5;-;-;27/05/2030;1;60000;False;PUBLICA;-
LF00220009F;-;BANCO SAFRA S/A;LF;False;0;-;IPCA;100;5,74;252;17/08/2026;1;90000;False;PUBLICA;-
LF002400TJR;BRRANDLFI037;BANCO RANDON S/A;LF;False;0;-;DI;100;0,8;252;25/10/2027;2000;50000;False;PUBLICA;-
LF002100IY9;-;BANCO SAFRA S/A;LF;False;0;-;IPCA;100;6,23;252;28/10/2026;9;50000;False;PUBLICA;-
LF002305WYZ;-;BANCO SAFRA S/A;LF;False;0;-;DI;110;-;-;09/08/2027;100;50000;False;PUBLICA;-
LF002100H9H;-;BANCO SAFRA S/A;LF;False;0;-;IPCA;100;5,22;252;17/08/2026;1;57000;False;PUBLICA;-
LF002100CL8;BRBSAFLFNS92;BANCO SAFRA S/A;LF;False;0;-;IPCA;100;5,07;252;17/08/2026;3;50000;False;PUBLICA;-
LF002400PZK;-;ITAU UNIBANCO S.A.;LF;False;0;-;DI;102;-;-;24/09/2026;138;50000;False;PUBLICA;-
LFSC220029B;BRITUBLFI1H4;ITAU UNIBANCO HOLDING S.A;LFSC;False;0;-;DI;100;2,4;252;22/09/9999;5;300000;False;PUBLICA;-
LF002100EQS;-;BANCO SAFRA S/A;LF;False;0;-;IPCA;100;4,99;252;17/08/2026;1;75000;False;PUBLICA;-
LF002200884;-;BANCO SAFRA S/A;LF;False;0;-;IPCA;100;6,01;252;17/08/2026;30;50000;False;PUBLICA;-
LF002400AP9;-;ITAU UNIBANCO S.A.;LF;False;0;-;DI;103;-;-;17/05/2027;20;52250;False;PUBLICA;-
LF002100ER6;-;BANCO SAFRA S/A;LF;False;0;-;IPCA;100;4,99;252;17/08/2026;1;50000;False;PUBLICA;-
LF002400PFZ;-;ITAU UNIBANCO S.A.;LF;False;0;-;DI;102;-;-;15/10/2027;72;50000;False;PUBLICA;-
LF002400SWO;-;BANCO SAFRA S/A;LF;False;0;-;PREFIXADO;-;12,21;252;19/10/2026;1;50000;False;PUBLICA;-
LF002400MQ1;-;BANCO SAFRA S/A;LF;False;0;-;IPCA;100;6,34;252;15/05/2029;2;50000;False;PUBLICA;-
LF0021006V1;-;BANCO SAFRA S/A;LF;False;0;-;IPCA;100;4,82;252;02/06/2031;4;50000;False;PUBLICA;-
LF002400UOV;-;ITAU UNIBANCO S.A.;LF;False;0;-;DI;102;-;-;16/11/2027;13;56766,09;False;PUBLICA;-
LF002100DQY;-;BANCO SAFRA S/A;LF;False;0;-;IPCA;100;4,87;252;17/08/2026;8;50000;False;PUBLICA;-
LF002400PZL;-;ITAU UNIBANCO S.A.;LF;False;0;-;DI;102;-;-;15/10/2027;38;50000;False;PUBLICA;-
LF002100BW3;-;BANCO SAFRA S/A;LF;False;0;-;IPCA;100;4,8;252;17/08/2026;1;60000;False;PUBLICA;-
LF002400UOT;-;ITAU UNIBANCO S.A.;LF;False;0;-;DI;102;-;-;05/11/2026;167;50000;False;PUBLICA;-
LF0025001RU;-;ITAU UNIBANCO S.A.;LF;False;0;-;DI;102;-;-;17/01/2028;4;51712,76;False;PUBLICA;-
LF002400PVE;-;BANCO SAFRA S/A;LF;False;0;-;IPCA;100;6,43;252;26/09/2045;3;50000;False;PUBLICA;-
LF002400LQC;-;ITAU UNIBANCO S.A.;LF;False;0;-;DI;102;-;-;16/08/2027;50;50300;False;PUBLICA;-
LF0025008LI;-;ITAU UNIBANCO S.A.;LF;False;0;-;DI;101,8;-;-;29/03/2027;60;50000;False;PUBLICA;-
LF002600NFE;-;ITAU UNIBANCO S.A.;LF;False;0;-;DI;101;-;-;15/08/2029;272;50000;False;PUBLICA;-
LF002400UH2;-;ITAU UNIBANCO S.A.;LF;False;0;-;DI;102;-;-;16/11/2027;5;50000;False;PUBLICA;-
LF002400LZH;-;BANCO SAFRA S/A;LF;False;0;-;IPCA;100;6,27;252;15/05/2029;1;50000;False;PUBLICA;-
LF002100EFB;-;BANCO SAFRA S/A;LF;False;0;-;IPCA;100;4,91;252;17/08/2026;3;50000;False;PUBLICA;-
LF00210052M;-;BANCO SAFRA S/A;LF;False;0;-;IPCA;100;4,11;252;17/08/2026;13;50000;False;PUBLICA;-
LF002400PCK;-;BANCO SAFRA S/A;LF;False;0;-;IPCA;100;6,23;252;15/05/2035;1;50000;False;PUBLICA;-
LF002304CHS;-;ITAU UNIBANCO S.A.;LF;False;0;-;PREFIXADO;-;11,26;252;19/06/2028;1;138000;False;PUBLICA;-
LF002600NBN;-;ITAU UNIBANCO S.A.;LF;False;0;-;DI;101,5;-;-;12/08/2030;1;50000;False;PUBLICA;-
LF002400VKS;-;ITAU UNIBANCO S.A.;LF;False;0;-;DI;102;-;-;16/11/2027;11;50000;False;PUBLICA;-
LF002304INT;-;BANCO BRADESCO S/A;LF;False;0;-;DI;105,25;-;-;26/06/2028;1;50000;False;PUBLICA;-
LF002100E5X;BRBSAFLFNQM0;BANCO SAFRA S/A;LF;False;0;-;IPCA;100;5,9;252;11/09/2028;20;50000;False;PUBLICA;-
LF0021007R4;-;BANCO SAFRA S/A;LF;False;0;-;IPCA;100;3,94;252;17/08/2026;2;50000;False;PUBLICA;-
LF002600AVB;-;ITAU UNIBANCO S.A.;LF;False;0;-;DI;101,5;-;-;17/04/2028;1;160000;False;PUBLICA;-
LFSN21003I5;BRBITALFIX72;ITAU UNIBANCO HOLDING S.A;LFSN;False;0;-;DI;100;2;252;22/09/2031;2;400000;False;PUBLICA;-
LF002100BYA;-;BANCO SAFRA S/A;LF;False;0;-;IPCA;100;4,91;252;16/08/2027;1;50000;False;PUBLICA;-
LF002600LPJ;-;ITAU UNIBANCO S.A.;LF;False;0;-;DI;101,1;-;-;15/08/2029;850;53057,2;False;PUBLICA;-
LF002400LMV;-;BANCO SAFRA S/A;LF;False;0;-;IPCA;100;5,77;252;14/08/2026;1;50000;False;PUBLICA;-
LF002600MMO;-;ITAU UNIBANCO S.A.;LF;False;0;-;DI;101,5;-;-;15/08/2029;30;50000;False;PUBLICA;-
LF0021001SW;BRBSAFLTFGY3;BANCO SAFRA S/A;LF;False;0;-;IPCA;100;4,23;252;15/05/2035;1;50000;False;PUBLICA;-
LF002500DV6;-;ITAU UNIBANCO S.A.;LF;False;0;-;PREFIXADO;-;14,2;252;07/06/2027;20;50000;False;PUBLICA;-
LF002400E33;-;BANCO SAFRA S/A;LF;False;0;-;IPCA;100;6,08;252;15/05/2045;1;50000;False;PUBLICA;-
LF002100EYI;-;BANCO SAFRA S/A;LF;False;0;-;IPCA;100;5,11;252;15/05/2035;10;50000;False;PUBLICA;-
LF002100HCF;-;BANCO SAFRA S/A;LF;False;0;-;IPCA;100;5,42;252;17/08/2026;4;50000;False;PUBLICA;-
LF002400OHO;-;ITAU UNIBANCO S.A.;LF;False;0;-;DI;102;-;-;15/09/2027;50;50000;False;PUBLICA;-
LF002100Q18;-;BANCO SAFRA S/A;LF;False;0;-;IPCA;100;5,69;252;22/12/2031;7;50000;False;PUBLICA;-
LF002100A5O;-;BANCO SAFRA S/A;LF;False;0;-;IPCA;100;4,23;252;17/08/2026;2;57500;False;PUBLICA;-
LF002400QLX;-;BANCO SAFRA S/A;LF;False;0;-;IPCA;100;6,22;252;12/05/2045;2;50000;False;PUBLICA;-
LF002100MTV;BRBSAFLFEQE6;BANCO SAFRA S/A;LF;False;0;-;IPCA;100;5,51;252;17/08/2026;1;50000;False;PUBLICA;-
LF002100BNQ;-;BANCO SAFRA S/A;LF;False;0;-;IPCA;100;4,69;252;17/08/2026;2;50000;False;PUBLICA;-
LF0023075Q0;-;ITAU UNIBANCO S.A.;LF;False;0;-;IPCA;100;5,56;252;19/09/2033;1;400000;False;PUBLICA;-
LF002400GDN;-;ITAU UNIBANCO S.A.;LF;False;0;-;DI;102;-;-;15/07/2027;16;50000;False;PUBLICA;-
LF002400S4A;-;BANCO SAFRA S/A;LF;False;0;-;IPCA;100;6,99;252;10/10/2029;180;50000;False;PUBLICA;-
LF002400RTG;-;ITAU UNIBANCO S.A.;LF;False;0;-;DI;102;-;-;15/10/2027;113;50174,23;False;PUBLICA;-
LF002100JF4;BRBSAFLTR6X1;BANCO SAFRA S/A;LF;False;0;-;IPCA;100;5,83;252;17/08/2026;1;180000;False;PUBLICA;-
LF00250089D;-;ITAU UNIBANCO S.A.;LF;False;0;-;DI;101,8;-;-;24/03/2027;100;59940;False;PUBLICA;-
LF002400IJR;-;BANCO SAFRA S/A;LF;False;0;-;IPCA;100;5,76;252;12/07/2028;4;50000;False;PUBLICA;-
LF002308C5O;-;BANCO SAFRA S/A;LF;False;0;-;IPCA;100;5,17;252;29/11/2028;1;50000;False;PUBLICA;-
LF0026008ZZ;-;ITAU UNIBANCO S.A.;LF;False;0;-;PREFIXADO;-;13,86;252;26/03/2036;1;80000;False;PUBLICA;-
LF002600I1B;-;ITAU UNIBANCO S.A.;LF;False;0;-;DI;101,5;-;-;17/06/2030;20;95000;False;PUBLICA;-
LF002400F9L;-;BANCO SAFRA S/A;LF;False;0;-;IPCA;100;6,27;252;15/05/2029;6;50000;False;PUBLICA;-
LF0023036Z8;-;ITAU UNIBANCO S.A.;LF;False;0;-;PREFIXADO;-;12,54;252;10/05/2028;1;4500000;False;PUBLICA;-
LF002100I26;-;BANCO SAFRA S/A;LF;False;0;-;IPCA;100;5,74;252;17/08/2026;5;50000;False;PUBLICA;-
LF002307U3O;-;ITAU UNIBANCO S.A.;LF;False;0;-;DI;102,75;-;-;15/12/2026;41;50000;False;PUBLICA;-
LF002500KZ1;-;ITAU UNIBANCO S.A.;LF;False;0;-;DI;101,5;-;-;15/09/2027;8;52750;False;PUBLICA;-
LF002100DMO;-;BANCO SAFRA S/A;LF;False;0;-;IPCA;100;4,86;252;17/08/2026;1;50000;False;PUBLICA;-
LF002100QSF;-;BANCO SAFRA S/A;LF;False;0;-;IPCA;100;5,42;252;17/08/2026;1;80000;False;PUBLICA;-
LF0023000I1;-;BANCO SAFRA S/A;LF;False;0;-;PREFIXADO;-;13,81;252;05/01/2028;2;50000;False;PUBLICA;-
LF002500AEV;-;ITAU UNIBANCO S.A.;LF;False;0;-;IPCA;100;7,94;252;17/04/2028;1;50000;False;PUBLICA;-
LF002600MMP;-;ITAU UNIBANCO S.A.;LF;False;0;-;DI;101,5;-;-;15/08/2029;200;50000;False;PUBLICA;-
LF002100OO0;-;BANCO SAFRA S/A;LF;False;0;-;IPCA;100;5,33;252;17/08/2026;3;50000;False;PUBLICA;-
LF002400FKY;-;BANCO SAFRA S/A;LF;False;0;-;IPCA;100;6,34;252;15/05/2045;1;50000;False;PUBLICA;-
LF002100A5R;-;BANCO SAFRA S/A;LF;False;0;-;IPCA;100;4,23;252;17/08/2026;8;50000;False;PUBLICA;-
LF002400UH1;-;ITAU UNIBANCO S.A.;LF;False;0;-;DI;102;-;-;16/11/2027;80;50000;False;PUBLICA;-
LF0021004JW;-;BANCO SAFRA S/A;LF;False;0;-;IPCA;100;4,11;252;17/08/2026;2;50000;False;PUBLICA;-
LF002600MXC;-;ITAU UNIBANCO S.A.;LF;False;0;-;DI;101;-;-;15/08/2029;100;50000;False;PUBLICA;-
LF002600NBO;-;ITAU UNIBANCO S.A.;LF;False;0;-;DI;101;-;-;15/08/2029;302;68261;False;PUBLICA;-
LF002600ES5;-;ITAU UNIBANCO S.A.;LF;False;0;-;DI;102;-;-;15/06/2029;35;50000;False;PUBLICA;-
LF002400RIH;-;ITAU UNIBANCO S.A.;LF;False;0;-;IPCA;100;6,89;252;04/10/2027;1;1322000;False;PUBLICA;-
LFSC26004BN;BRITUBLFI2B5;ITAU UNIBANCO HOLDING S.A;LFSC;False;0;-;DI;100;1,05;252;10/06/9999;2750;300000;False;PUBLICA;-
LF002200G45;-;BANCO SAFRA S/A;LF;False;0;-;IPCA;100;5,96;252;17/08/2026;3;59000;False;PUBLICA;-
LFSN21003MQ;BRBITALFIXD7;ITAU UNIBANCO HOLDING S.A;LFSN;False;0;-;DI;100;2;252;21/10/2031;1;400000;False;PUBLICA;-
LF002200071;-;BANCO SAFRA S/A;LF;False;0;-;IPCA;100;5,74;252;17/08/2026;5;50000;False;PUBLICA;-
LF00210090L;-;BANCO SAFRA S/A;LF;False;0;-;IPCA;100;4,35;252;01/07/2027;1;75000;False;PUBLICA;-
LFSC23006U1;BRITUBLFI1R3;ITAU UNIBANCO HOLDING S.A;LFSC;False;0;-;DI;100;1,9;252;09/11/9999;39;350000;False;PUBLICA;-
LF002400H0G;-;BANCO SAFRA S/A;LF;False;0;-;IPCA;100;6,27;252;15/05/2029;20;50000;False;PUBLICA;-
LF002100CFN;-;BANCO SAFRA S/A;LF;False;0;-;IPCA;100;5,17;252;17/08/2026;1;50000;False;PUBLICA;-
LF002100HJB;-;BANCO SAFRA S/A;LF;False;0;-;IPCA;100;5,46;252;17/08/2026;1;50000;False;PUBLICA;-
LF0025003P8;-;ITAU UNIBANCO S.A.;LF;False;0;-;DI;102;-;-;15/02/2028;610;52525,06;False;PUBLICA;-
LF002500575;-;ITAU UNIBANCO S.A.;LF;False;0;-;DI;101;-;-;15/03/2028;32;55625;False;PUBLICA;-
LF002100FG2;-;BANCO SAFRA S/A;LF;False;0;-;IPCA;100;5,3;252;15/05/2035;2;50000;False;PUBLICA;-
LFSN22006N7;-;BANCO SAFRA S/A;LFSN;False;0;-;PREFIXADO;-;12;252;06/08/2031;13;500000;False;PUBLICA;-
LF002100E3R;-;BANCO SAFRA S/A;LF;False;0;-;IPCA;100;5,12;252;17/08/2026;1;50000;False;PUBLICA;-
LF0021004HG;-;BANCO SAFRA S/A;LF;False;0;-;IPCA;100;4,05;252;17/08/2026;1;154000;False;PUBLICA;-
LF002400G3P;BRBSAFLNNDE9;BANCO SAFRA S/A;LF;False;0;-;DI;100;0,45;252;20/08/2026;5307;50000;False;PUBLICA;-
LF002100KO1;BRBSAFLTRDD9;BANCO SAFRA S/A;LF;False;0;-;IPCA;100;5,61;252;17/08/2026;2;50000;False;PUBLICA;-
LF002100CIQ;-;BANCO SAFRA S/A;LF;False;0;-;IPCA;100;5,1;252;17/08/2026;6;50000;False;PUBLICA;-
LF002200DUE;-;BANCO SAFRA S/A;LF;False;0;-;IPCA;100;6;252;17/08/2026;6;54333,333334;False;PUBLICA;-
LF0021001L3;BRBSAFLTFDG7;BANCO SAFRA S/A;LF;False;0;-;IPCA;100;4,24;252;26/02/2031;4;50000;False;PUBLICA;-
LF002100AXC;-;BANCO SAFRA S/A;LF;False;0;-;IPCA;100;4,57;252;17/08/2026;4;50000;False;PUBLICA;-
LF002100633;-;BANCO SAFRA S/A;LF;False;0;-;IPCA;100;3,87;252;17/08/2026;1;239000;False;PUBLICA;-
LF0024007VD;-;BANCO SAFRA S/A;LF;False;0;-;PREFIXADO;-;10,94;252;14/03/2029;10;50000;False;PUBLICA;-
LF0022006LN;-;BANCO SAFRA S/A;LF;False;0;-;IPCA;100;5,74;252;17/08/2026;2;50000;False;PUBLICA;-
LF00210093D;-;BANCO SAFRA S/A;LF;False;0;-;IPCA;100;4,14;252;17/08/2026;2;50000;False;PUBLICA;-
LF002100CL2;-;BANCO SAFRA S/A;LF;False;0;-;IPCA;100;5,02;252;17/08/2026;6;50000;False;PUBLICA;-
LF002100DE7;-;BANCO SAFRA S/A;LF;False;0;-;IPCA;100;5,22;252;31/08/2026;4;50000;False;PUBLICA;-
LF0024008B5;-;ITAU UNIBANCO S.A.;LF;False;0;-;DI;102;-;-;17/04/2028;1;80500;False;PUBLICA;-
LF002400JJS;-;ITAU UNIBANCO S.A.;LF;False;0;-;DI;102;-;-;16/08/2027;188;50000;False;PUBLICA;-
LF002100CFA;-;BANCO SAFRA S/A;LF;False;0;-;IPCA;100;5,17;252;17/08/2026;8;53750;False;PUBLICA;-
LFSN21003CV;BRBITALFIX15;ITAU UNIBANCO HOLDING S.A;LFSN;False;0;-;DI;100;2;252;22/09/2031;2;400000;False;PUBLICA;-
LF002304XH6;-;BANCO BRADESCO S/A;LF;False;0;-;IPCA;100;5,16;252;15/05/2035;6;50000;False;PUBLICA;-
LF002200L2L;-;ITAU UNIBANCO S.A.;LF;False;0;-;DI;107;-;-;11/08/2027;1870;50000;False;PUBLICA;-
LF002200CTL;-;BANCO SAFRA S/A;LF;False;0;-;IPCA;100;6,37;252;28/04/2027;5;57400;False;PUBLICA;-
LF00220002E;-;BANCO SAFRA S/A;LF;False;0;-;IPCA;100;5,51;252;17/08/2026;1;50000;False;PUBLICA;-
LF00250035P;-;ITAU UNIBANCO S.A.;LF;False;0;-;IPCA;100;8,04;252;22/01/2029;122;50000;False;PUBLICA;-
LF002100EP2;-;ITAU UNIBANCO S.A.;LF;False;0;-;PREFIXADO;-;11,07;252;21/10/2026;1;1560000;False;PUBLICA;-
LF0022004U1;BRBSAFLNN2L5;BANCO SAFRA S/A;LF;False;0;-;DI;100;1,35;252;10/02/2027;102;50000;False;PUBLICA;-
LF002400JC0;-;BANCO SAFRA S/A;LF;False;0;-;PREFIXADO;-;11,61;252;18/07/2030;1;75000;False;PUBLICA;-
LF0021009XO;-;BANCO SAFRA S/A;LF;False;0;-;IPCA;100;4,78;252;21/07/2027;3;50000;False;PUBLICA;-
LF002100GJG;-;BANCO SAFRA S/A;LF;False;0;-;IPCA;100;5,04;252;17/08/2026;1;68000;False;PUBLICA;-
LF0021005T2;-;BANCO SAFRA S/A;LF;False;0;-;IPCA;100;3,94;252;17/08/2026;20;50000;False;PUBLICA;-
LF002400F9J;-;BANCO SAFRA S/A;LF;False;0;-;IPCA;100;6,52;252;15/05/2035;10;51490;False;PUBLICA;-
LF002100KE0;BRBSAFLTRBX1;BANCO SAFRA S/A;LF;False;0;-;PREFIXADO;-;13,05;252;09/11/2026;1;50000;False;PUBLICA;-
LF0021007W3;-;BANCO SAFRA S/A;LF;False;0;-;IPCA;100;4,22;252;17/08/2026;1;50000;False;PUBLICA;-
LF002100EEJ;-;BANCO SAFRA S/A;LF;False;0;-;IPCA;100;4,9;252;17/08/2026;10;50000;False;PUBLICA;-
LF00210094H;-;BANCO SAFRA S/A;LF;False;0;-;IPCA;100;4,16;252;17/08/2026;3;50000;False;PUBLICA;-
LF002100ONV;-;BANCO SAFRA S/A;LF;False;0;-;IPCA;100;5,33;252;17/08/2026;3;50000;False;PUBLICA;-
LF002100BH1;-;BANCO SAFRA S/A;LF;False;0;-;IPCA;100;4,62;252;17/08/2026;3;50000;False;PUBLICA;-
LF0021004OU;-;BANCO SAFRA S/A;LF;False;0;-;IPCA;100;4,14;252;17/08/2026;4;50000;False;PUBLICA;-
LF0023032NN;-;BANCO BRADESCO S/A;LF;False;0;-;PREFIXADO;-;12,18;252;08/05/2028;2;50000;False;PUBLICA;-
LF002400IRA;-;ITAU UNIBANCO S.A.;LF;False;0;-;DI;102;-;-;15/07/2027;640;50000;False;PUBLICA;-
LF002400IVU;-;ITAU UNIBANCO S.A.;LF;False;0;-;DI;102;-;-;16/08/2027;3;50000;False;PUBLICA;-
LF002400M0N;-;ITAU UNIBANCO S.A.;LF;False;0;-;DI;102;-;-;15/09/2027;1;50000;False;PUBLICA;-
LF002100E8U;-;BANCO SAFRA S/A;LF;False;0;-;IPCA;100;5,76;252;10/09/2026;15;50000;False;PUBLICA;-
LFSC22002DO;BRITUBLFI1J0;ITAU UNIBANCO HOLDING S.A;LFSC;False;0;-;DI;100;2,4;252;26/09/9999;9;300000;False;PUBLICA;-
LF0021009LX;-;BANCO SAFRA S/A;LF;False;0;-;IPCA;100;4,69;252;14/07/2031;4;50000;False;PUBLICA;-
LF002200JKO;-;BANCO SAFRA S/A;LF;False;0;-;IPCA;100;6,56;252;15/05/2035;1;50000;False;PUBLICA;-
LF002100GJH;-;BANCO SAFRA S/A;LF;False;0;-;IPCA;100;5,04;252;17/08/2026;1;50000;False;PUBLICA;-
LF002100HPX;-;BANCO SAFRA S/A;LF;False;0;-;IPCA;100;5,55;252;17/08/2026;2;50000;False;PUBLICA;-
LF0021007YP;-;BANCO SAFRA S/A;LF;False;0;-;IPCA;100;4,77;252;23/06/2031;1;75000;False;PUBLICA;-
LF002400OK4;-;BANCO SAFRA S/A;LF;False;0;-;IPCA;100;6,37;252;15/05/2029;1;50000;False;PUBLICA;-
LF002200KDN;-;BANCO SAFRA S/A;LF;False;0;-;PREFIXADO;-;13,35;252;26/07/2028;2;55000;False;PUBLICA;-
LF002200KUW;-;BANCO SAFRA S/A;LF;False;0;-;IPCA;100;6,37;252;08/08/2030;187;50000;False;PUBLICA;-
LF002400PZC;-;BANCO SAFRA S/A;LF;False;0;-;IPCA;100;6,13;252;28/09/2026;2;50000;False;PUBLICA;-
LF002200FLQ;-;BANCO SAFRA S/A;LF;False;0;-;IPCA;100;6,02;252;17/08/2026;12;53666,666667;False;PUBLICA;-
LF0025004Z3;-;ITAU UNIBANCO S.A.;LF;False;0;-;DI;101,8;-;-;15/02/2028;6056;50003,73;False;PUBLICA;-
LF002600NFC;-;ITAU UNIBANCO S.A.;LF;False;0;-;DI;102;-;-;15/08/2029;11;51034,11;False;PUBLICA;-
LF002400HTW;-;ITAU UNIBANCO S.A.;LF;False;0;-;DI;102;-;-;15/07/2027;74;50000;False;PUBLICA;-
LF002100DJU;-;ITAU UNIBANCO S.A.;LF;False;0;-;IGP-M;-;2,07;252;01/09/2026;1;50000;False;PUBLICA;-
LF0025004Q9;-;BANCO SAFRA S/A;LF;False;0;-;PREFIXADO;-;14,7;252;13/08/2029;2;50000;False;PUBLICA;-
LF0021009WI;-;BANCO SAFRA S/A;LF;False;0;-;IPCA;100;4,47;252;21/07/2031;1;50000;False;PUBLICA;-
LF0023036Z5;-;ITAU UNIBANCO S.A.;LF;False;0;-;IPCA;100;5,69;252;11/05/2028;1;100000;False;PUBLICA;-
LF002500CDI;-;ITAU UNIBANCO S.A.;LF;False;0;-;DI;102;-;-;15/05/2028;152;50000;False;PUBLICA;-
LF002200977;-;BANCO SAFRA S/A;LF;False;0;-;IPCA;100;6,26;252;24/03/2027;6;50000;False;PUBLICA;-
LF002100ABU;-;BANCO SAFRA S/A;LF;False;0;-;IPCA;100;4,32;252;28/07/2027;1;50000;False;PUBLICA;-
LF002100NIV;BRBSAFLFEUT6;BANCO SAFRA S/A;LF;False;0;-;IPCA;100;5,47;252;17/08/2026;5;51800;False;PUBLICA;-
LFSN21003MD;BRBITALFIXD7;ITAU UNIBANCO HOLDING S.A;LFSN;False;0;-;DI;100;2;252;21/10/2031;6;400000;False;PUBLICA;-
LF002100PUD;-;BANCO SAFRA S/A;LF;False;0;-;IPCA;100;5,42;252;17/08/2026;2;50000;False;PUBLICA;-
LF002500LKL;-;ITAU UNIBANCO S.A.;LF;False;0;-;DI;101,5;-;-;23/09/2030;32;52375;False;PUBLICA;-
LF002100EYS;-;BANCO SAFRA S/A;LF;False;0;-;IPCA;100;4,88;252;17/08/2026;5;50000;False;PUBLICA;-
LF002400MVL;-;ITAU UNIBANCO S.A.;LF;False;0;-;DI;102;-;-;15/09/2027;320;50000;False;PUBLICA;-
LF002400TEG;-;ITAU UNIBANCO S.A.;LF;False;0;-;DI;102;-;-;16/11/2027;1100;50000;False;PUBLICA;-
LFSN21003C2;-;BANCO SAFRA S/A;LFSN;False;0;-;IPCA;-;6,66;252;21/08/2028;1;300000;False;PUBLICA;-
LFSC22002CO;BRITUBLFI1I2;ITAU UNIBANCO HOLDING S.A;LFSC;False;0;-;DI;100;2,4;252;23/09/9999;6;300000;False;PUBLICA;-
LF0021006N6;-;BANCO SAFRA S/A;LF;False;0;-;IPCA;100;3,97;252;17/08/2026;1;50000;False;PUBLICA;-
LF0022008ZQ;-;BANCO SAFRA S/A;LF;False;0;-;IPCA;100;5,92;252;17/08/2026;2;50000;False;PUBLICA;-
LF002100BF5;-;BANCO SAFRA S/A;LF;False;0;-;IPCA;100;4,64;252;17/08/2026;3;53333,333334;False;PUBLICA;-
LFSC22002GY;BRITUBLFI1K8;ITAU UNIBANCO HOLDING S.A;LFSC;False;0;-;DI;100;2,4;252;27/09/9999;7;300000;False;PUBLICA;-
LF002306IVN;-;BANCO SAFRA S/A;LF;False;0;-;PREFIXADO;-;10,85;252;30/08/2027;30;50000;False;PUBLICA;-
LF002400JZ0;-;ITAU UNIBANCO S.A.;LF;False;0;-;DI;102;-;-;17/08/2027;42;50000;False;PUBLICA;-
LF002400M0O;-;ITAU UNIBANCO S.A.;LF;False;0;-;IPCA;100;6,39;252;17/08/2026;120;50000;False;PUBLICA;-
LF002400M0G;-;ITAU UNIBANCO S.A.;LF;False;0;-;DI;101;-;-;17/08/2026;80;50000;False;PUBLICA;-
LFSN21003TK;BRBITALFIXI6;ITAU UNIBANCO HOLDING S.A;LFSN;False;0;-;DI;100;2;252;22/09/2031;25;400000;False;PUBLICA;-
LF0021004JR;-;BANCO SAFRA S/A;LF;False;0;-;IPCA;100;4,11;252;17/08/2026;2;50000;False;PUBLICA;-
LF00210096H;-;BANCO SAFRA S/A;LF;False;0;-;IPCA;100;4,46;252;15/05/2035;1;50000;False;PUBLICA;-
LF0021004P0;-;BANCO SAFRA S/A;LF;False;0;-;IPCA;100;4,14;252;17/08/2026;1;50000;False;PUBLICA;-
LF002100LB8;BRBSAFLTRG47;BANCO SAFRA S/A;LF;False;0;-;IPCA;100;6,26;252;13/11/2026;3;50000;False;PUBLICA;-
LF002307LGH;-;ITAU UNIBANCO S.A.;LF;False;0;-;IPCA;100;5,71;252;02/10/2026;20;50000;False;PUBLICA;-
LF002100CU4;-;BANCO SAFRA S/A;LF;False;0;-;IPCA;100;4,94;252;17/08/2026;6;50000;False;PUBLICA;-
LF002100QY7;-;BANCO SAFRA S/A;LF;False;0;-;IPCA;100;5,43;252;17/08/2026;3;50333,333334;False;PUBLICA;-
LF002200JU5;-;ITAU UNIBANCO S.A.;LF;False;0;-;IPCA;100;6,96;252;19/07/2027;12;50000;False;PUBLICA;-
LF002400NCM;-;BANCO SAFRA S/A;LF;False;0;-;IPCA;100;6,36;252;15/05/2029;5;56000;False;PUBLICA;-
LF0025008EJ;-;ITAU UNIBANCO S.A.;LF;False;0;-;PREFIXADO;-;15,02;252;25/03/2027;60;50000;False;PUBLICA;-
LF0021003P3;-;BANCO SAFRA S/A;LF;False;0;-;IPCA;100;4,46;252;15/05/2035;4;51250;False;PUBLICA;-
LF002600C9E;-;ITAU UNIBANCO S.A.;LF;False;0;-;DI;101,5;-;-;02/05/2028;3;50000;False;PUBLICA;-
LF002100HBX;-;BANCO SAFRA S/A;LF;False;0;-;IPCA;100;5,37;252;17/08/2026;2;50000;False;PUBLICA;-
LF002100IXN;-;BANCO SAFRA S/A;LF;False;0;-;IPCA;100;5,89;252;17/08/2026;2;50000;False;PUBLICA;-
LF002100PTO;-;BANCO SAFRA S/A;LF;False;0;-;IPCA;100;5,43;252;17/08/2026;15;50000;False;PUBLICA;-
LF002400OHT;-;ITAU UNIBANCO S.A.;LF;False;0;-;DI;102;-;-;10/09/2026;45;50000;False;PUBLICA;-
LF002400M0P;-;ITAU UNIBANCO S.A.;LF;False;0;-;IPCA;100;6,05;252;17/08/2026;1;588000;False;PUBLICA;-
LFSN21003TN;BRBITALFIXI6;ITAU UNIBANCO HOLDING S.A;LFSN;False;0;-;DI;100;2;252;22/09/2031;5;400000;False;PUBLICA;-
LF0023016GA;-;ITAU UNIBANCO S.A.;LF;False;0;-;PREFIXADO;-;14,31;252;28/03/2033;1;50000;False;PUBLICA;-
LF002400E3N;-;ITAU UNIBANCO S.A.;LF;False;0;-;DI;102,4;-;-;15/06/2027;120;50000;False;PUBLICA;-
LF002200ATZ;-;BANCO SAFRA S/A;LF;False;0;-;IPCA;100;5,57;252;17/08/2026;4;50000;False;PUBLICA;-
LF002100G33;-;BANCO SAFRA S/A;LF;False;0;-;IPCA;100;5,06;252;17/08/2026;1;50000;False;PUBLICA;-
LF002400PFS;-;BANCO SAFRA S/A;LF;False;0;-;IPCA;100;6,33;252;18/09/2045;5;51800;False;PUBLICA;-
LF002400NA4;-;BANCO SAFRA S/A;LF;False;0;-;IPCA;100;5,91;252;15/05/2035;2;50000;False;PUBLICA;-
LF002400RZ7;-;ITAU UNIBANCO S.A.;LF;False;0;-;DI;102;-;-;15/10/2027;840;50000;False;PUBLICA;-
LF002400EKX;-;ITAU UNIBANCO S.A.;LF;False;0;-;DI;103;-;-;01/06/2029;1;1650000;False;PUBLICA;-
LF002600C9D;-;ITAU UNIBANCO S.A.;LF;False;0;-;DI;101,5;-;-;02/05/2028;3;50000;False;PUBLICA;-
LF002400N3C;-;ITAU UNIBANCO S.A.;LF;False;0;-;DI;102;-;-;15/09/2027;14;50000;False;PUBLICA;-
LF002100H91;-;BANCO SAFRA S/A;LF;False;0;-;IPCA;100;5,22;252;17/08/2026;1;50000;False;PUBLICA;-
LF002400FQ6;-;BANCO SAFRA S/A;LF;False;0;-;IPCA;100;6,59;252;15/05/2035;4;61000;False;PUBLICA;-
LF002100A4C;-;BANCO SAFRA S/A;LF;False;0;-;IPCA;100;4,53;252;28/07/2031;2;65000;False;PUBLICA;-
LFSC23006TI;BRITUBLFI1R3;ITAU UNIBANCO HOLDING S.A;LFSC;False;0;-;DI;100;1,9;252;09/11/9999;6;350000;False;PUBLICA;-
LF0022003QW;-;BANCO SAFRA S/A;LF;False;0;-;IPCA;100;5,41;252;17/08/2026;8;50000;False;PUBLICA;-
LF002100G6H;-;BANCO SAFRA S/A;LF;False;0;-;IPCA;100;5,17;252;17/08/2026;3;50000;False;PUBLICA;-
LF002100CLF;-;BANCO SAFRA S/A;LF;False;0;-;IPCA;100;5,02;252;17/08/2026;3;50000;False;PUBLICA;-
LF002600FIL;-;ITAU UNIBANCO S.A.;LF;False;0;-;DI;101;-;-;22/05/2028;1;550000;False;PUBLICA;-
LF002100G32;-;BANCO SAFRA S/A;LF;False;0;-;IPCA;100;5,06;252;17/08/2026;1;52000;False;PUBLICA;-
LF00250053G;-;ITAU UNIBANCO S.A.;LF;False;0;-;DI;101,8;-;-;15/03/2028;28;50000;False;PUBLICA;-
LFSN210068H;BRBBDCLTRU14;BANCO BRADESCO S/A;LFSN;False;0;-;DI;100;2,25;252;29/10/2031;5;300000;False;PUBLICA;-
LF002400QWF;-;BANCO SAFRA S/A;LF;False;0;-;IPCA;100;6,02;252;04/10/2027;1;50000;False;PUBLICA;-
LF002100906;-;BANCO SAFRA S/A;LF;False;0;-;IPCA;100;4,18;252;17/08/2026;6;50000;False;PUBLICA;-
LF00250085F;-;ITAU UNIBANCO S.A.;LF;False;0;-;PREFIXADO;-;14,65;252;22/03/2027;36;50000;False;PUBLICA;-
LF002100DQA;-;BANCO SAFRA S/A;LF;False;0;-;IPCA;100;5,1;252;03/09/2031;3;50000;False;PUBLICA;-
LF0021004A3;-;BANCO SAFRA S/A;LF;False;0;-;IPCA;100;4,09;252;17/08/2026;20;50000;False;PUBLICA;-
LF002307T0X;-;BANCO SAFRA S/A;LF;False;0;-;PREFIXADO;-;12,35;252;09/10/2029;1;50000;False;PUBLICA;-
LF002100CL0;-;BANCO SAFRA S/A;LF;False;0;-;IPCA;100;5,02;252;17/08/2026;6;57000;False;PUBLICA;-
LF002100JXB;BRBSAFLTR9D7;BANCO SAFRA S/A;LF;False;0;-;IPCA;100;5,61;252;17/08/2026;1;50000;False;PUBLICA;-
LF002100OSU;-;BANCO SAFRA S/A;LF;False;0;-;IPCA;100;5,29;252;17/08/2026;2;55054,93;False;PUBLICA;-
LF00210058I;-;BANCO SAFRA S/A;LF;False;0;-;IPCA;100;3,8;252;17/08/2026;1;75000;False;PUBLICA;-
LF0021006PO;-;BANCO SAFRA S/A;LF;False;0;-;IPCA;100;4,63;252;15/05/2035;3;67000;False;PUBLICA;-
LF002200Q9F;-;ITAU UNIBANCO S.A.;LF;False;0;-;PREFIXADO;-;13,95;252;11/11/2032;1;100000;False;PUBLICA;-
LF0022002ET;-;BANCO SAFRA S/A;LF;False;0;-;IPCA;100;5,64;252;17/08/2026;1;60000;False;PUBLICA;-
LF002500LGN;-;ITAU UNIBANCO S.A.;LF;False;0;-;DI;101;-;-;23/09/2027;10;50000;False;PUBLICA;-
LF002400HD1;-;ITAU UNIBANCO S.A.;LF;False;0;-;DI;102;-;-;15/07/2027;1478;50000;False;PUBLICA;-
LF002400QMB;-;ITAU UNIBANCO S.A.;LF;False;0;-;DI;102;-;-;15/10/2027;17;51764,71;False;PUBLICA;-
LF00250090F;-;ITAU UNIBANCO S.A.;LF;False;0;-;IPCA;100;8,69;252;31/03/2027;200;50000;False;PUBLICA;-
LF002100FK9;-;BANCO SAFRA S/A;LF;False;0;-;IPCA;100;5,01;252;17/08/2026;1;50000;False;PUBLICA;-
LF0025001XM;-;ITAU UNIBANCO S.A.;LF;False;0;-;DI;102;-;-;17/01/2028;8;51932,69;False;PUBLICA;-
LF002100MU1;BRBSAFLFEQ79;BANCO SAFRA S/A;LF;False;0;-;IPCA;100;5,51;252;17/08/2026;4;61250;False;PUBLICA;-
LF002400T39;-;ITAU UNIBANCO S.A.;LF;False;0;-;DI;102;-;-;16/11/2027;120;50000;False;PUBLICA;-
LF0025006GQ;-;ITAU UNIBANCO S.A.;LF;False;0;-;DI;101,8;-;-;15/03/2028;116;50000;False;PUBLICA;-
LF002100CI9;-;BANCO SAFRA S/A;LF;False;0;-;IPCA;100;5,11;252;17/08/2026;5;51200;False;PUBLICA;-
LF002400V3J;-;ITAU UNIBANCO S.A.;LF;False;0;-;DI;102;-;-;16/11/2027;29;50172,42;False;PUBLICA;-
LF002500A7E;-;ITAU UNIBANCO S.A.;LF;False;0;-;DI;101;-;-;17/05/2027;23;50000;False;PUBLICA;-
LFSN21001QD;BRBSAFLFNNU0;BANCO SAFRA S/A;LFSN;False;0;-;IPCA;-;6;252;17/05/2028;14;1000000;False;PUBLICA;-
LF0021009F1;-;BANCO SAFRA S/A;LF;False;0;-;IPCA;100;4,15;252;17/08/2026;1;55000;False;PUBLICA;-
LF0022004UC;BRBSAFLNN2L5;BANCO SAFRA S/A;LF;False;0;-;DI;100;1,35;252;10/02/2027;639;50000;False;PUBLICA;-
LF002100J96;-;BANCO SAFRA S/A;LF;False;0;-;IPCA;100;6,01;252;17/08/2026;1;50000;False;PUBLICA;-
LF002306X8D;-;BANCO BRADESCO S/A;LF;False;0;-;IPCA;100;5,14;252;11/09/2028;8;50000;False;PUBLICA;-
LFSN22006CR;BRABCBLFID15;BANCO ABC BRASIL S.A.;LFSN;False;0;-;DI;100;2,35;252;19/05/2032;28;300000;False;PUBLICA;-
LF002100FK0;-;BANCO SAFRA S/A;LF;False;0;-;IPCA;100;5,01;252;17/08/2026;1;80000;False;PUBLICA;-
LF00250090G;-;ITAU UNIBANCO S.A.;LF;False;0;-;DI;101;-;-;17/04/2028;160;50000;False;PUBLICA;-
LF002400TJ4;-;ITAU UNIBANCO S.A.;LF;False;0;-;DI;102;-;-;16/11/2027;100;50000;False;PUBLICA;-
LF002200NBJ;-;BANCO SAFRA S/A;LF;False;0;-;IPCA;100;5,9;252;28/09/2028;2;63500;False;PUBLICA;-
LF002500GM8;-;ITAU UNIBANCO S.A.;LF;False;0;-;DI;101;-;-;26/07/2027;6;65000;False;PUBLICA;-
LF0025001RV;-;ITAU UNIBANCO S.A.;LF;False;0;-;DI;102;-;-;17/01/2028;41;50884,98;False;PUBLICA;-
LF002100EH7;-;BANCO SAFRA S/A;LF;False;0;-;IPCA;100;4,88;252;17/08/2026;12;50000;False;PUBLICA;-
LF0021009XU;-;BANCO SAFRA S/A;LF;False;0;-;IPCA;100;4,04;252;17/08/2026;5;50000;False;PUBLICA;-
LF002100KEH;BRBSAFLTRBP7;BANCO SAFRA S/A;LF;False;0;-;IPCA;100;5,67;252;17/08/2026;1;50000;False;PUBLICA;-
LF002100850;-;BANCO SAFRA S/A;LF;False;0;-;IPCA;100;4,26;252;17/08/2026;3;53333,333334;False;PUBLICA;-
LF0022009LK;-;BANCO SAFRA S/A;LF;False;0;-;IPCA;100;5,81;252;24/03/2032;1;60000;False;PUBLICA;-
LFSN2200BVY;-;BANCO SAFRA S/A;LFSN;False;0;-;IPCA;-;7,85;252;26/10/2032;10;300000;False;PUBLICA;-
LF0025008SU;BRBFIALFI6E0;BANCO STELLANTIS S.A.;LF;False;0;-;DI;100;0,65;252;28/03/2029;2000;50000;False;PUBLICA;-
LF002100G7W;-;BANCO SAFRA S/A;LF;False;0;-;IPCA;100;5,17;252;17/08/2026;2;50000;False;PUBLICA;-
LFSN21001QE;BRBSAFLFNNV8;BANCO SAFRA S/A;LFSN;False;0;-;IPCA;-;5,57;252;17/05/2028;5;380000;False;PUBLICA;-
LF002200DZ0;-;BANCO SAFRA S/A;LF;False;0;-;IPCA;100;5,93;252;17/08/2026;5;52000;False;PUBLICA;-
LF002100H8C;-;BANCO SAFRA S/A;LF;False;0;-;IPCA;100;5,22;252;17/08/2026;2;50000;False;PUBLICA;-
LF0025007Z1;-;ITAU UNIBANCO S.A.;LF;False;0;-;IPCA;100;8,3;252;22/03/2027;20;50000;False;PUBLICA;-
LF002100DGV;-;BANCO SAFRA S/A;LF;False;0;-;IPCA;100;4,76;252;17/08/2026;1;50000;False;PUBLICA;-
LF0026007YR;-;ITAU UNIBANCO S.A.;LF;False;0;-;DI;101;-;-;16/04/2029;30;51333,34;False;PUBLICA;-
LF002400KUZ;BRBSAFLNNDM2;BANCO SAFRA S/A;LF;False;0;-;DI;100;0,4;252;05/10/2026;20;50000;False;PUBLICA;-
LF002100NWI;BRBSAFLFEXQ6;BANCO SAFRA S/A;LF;False;0;-;IPCA;100;5,36;252;17/08/2026;1;50000;False;PUBLICA;-
LF002400IK8;-;ITAU UNIBANCO S.A.;LF;False;0;-;IPCA;100;6,1;252;12/07/2028;1;350000;False;PUBLICA;-
LF002400N32;-;BANCO SAFRA S/A;LF;False;0;-;DI;103;-;-;28/08/2026;60;50000;False;PUBLICA;-
LF002100N94;BRBSAFLFES69;BANCO SAFRA S/A;LF;False;0;-;IPCA;100;5,52;252;17/08/2026;1;50000;False;PUBLICA;-
LF002400KEJ;-;ITAU UNIBANCO S.A.;LF;False;0;-;DI;102;-;-;16/08/2027;30;50000;False;PUBLICA;-
LF002100CBC;-;BANCO SAFRA S/A;LF;False;0;-;IPCA;100;4,93;252;17/08/2026;1;55000;False;PUBLICA;-
LF002100G6R;-;BANCO SAFRA S/A;LF;False;0;-;IPCA;100;5,17;252;17/08/2026;1;50000;False;PUBLICA;-
LF002100IQZ;-;BANCO SAFRA S/A;LF;False;0;-;IPCA;100;5,85;252;17/08/2026;1;50000;False;PUBLICA;-
LF002400RTM;-;ITAU UNIBANCO S.A.;LF;False;0;-;DI;102;-;-;15/10/2027;50;50000;False;PUBLICA;-
LF0021006T3;-;BANCO SAFRA S/A;LF;False;0;-;IPCA;100;4,71;252;28/05/2031;2;50000;False;PUBLICA;-
LF002400G39;BRBSAFLNNDE9;BANCO SAFRA S/A;LF;False;0;-;DI;100;0,45;252;20/08/2026;2530;50000;False;PUBLICA;-
LF002400SMJ;-;BANCO SAFRA S/A;LF;False;0;-;IPCA;100;6,17;252;16/10/2026;4;50000;False;PUBLICA;-
LF002500RPF;-;ITAU UNIBANCO S.A.;LF;False;0;-;PREFIXADO;-;13,05;252;20/12/2027;1;3500000;False;PUBLICA;-
LF0023000H6;BRBSAFLNN9I6;BANCO SAFRA S/A;LF;False;0;-;IPCA;100;7,13;252;07/01/2030;125;100000;False;PUBLICA;-
LF002100JKE;BRBSAFLTR7R1;BANCO SAFRA S/A;LF;False;0;-;IPCA;100;5,95;252;17/08/2026;2;74000;False;PUBLICA;-
LF002400QLR;-;BANCO SAFRA S/A;LF;False;0;-;IPCA;100;6,62;252;15/05/2029;1;92000;False;PUBLICA;-
LF002100IQR;-;BANCO SAFRA S/A;LF;False;0;-;IPCA;100;5,79;252;17/08/2026;3;60000;False;PUBLICA;-
LF002100EF9;-;BANCO SAFRA S/A;LF;False;0;-;IPCA;100;4,91;252;17/08/2026;1;50000;False;PUBLICA;-
LF002400S4O;-;ITAU UNIBANCO S.A.;LF;False;0;-;DI;102;-;-;15/10/2027;13;50042,87;False;PUBLICA;-
LF0024007VB;-;BANCO SAFRA S/A;LF;False;0;-;IPCA;100;5,94;252;14/03/2029;8;50000;False;PUBLICA;-
LF002400FLO;-;ITAU UNIBANCO S.A.;LF;False;0;-;PREFIXADO;-;11,95;252;14/06/2028;1;55000;False;PUBLICA;-
LF002100HIX;-;BANCO SAFRA S/A;LF;False;0;-;IPCA;100;5,46;252;17/08/2026;2;50000;False;PUBLICA;-
LF00250035O;-;ITAU UNIBANCO S.A.;LF;False;0;-;DI;102;-;-;15/02/2028;17;50117,65;False;PUBLICA;-
LF0025007YW;-;ITAU UNIBANCO S.A.;LF;False;0;-;IPCA;100;8,3;252;22/03/2027;1;1500000;False;PUBLICA;-
LF002200166;-;BANCO SAFRA S/A;LF;False;0;-;IPCA;100;5,78;252;17/08/2026;2;50000;False;PUBLICA;-
LF002400E9I;-;ITAU UNIBANCO S.A.;LF;False;0;-;PREFIXADO;-;11,67;252;29/05/2028;6;50000;False;PUBLICA;-
LF002400OTJ;-;ITAU UNIBANCO S.A.;LF;False;0;-;DI;102;-;-;15/09/2027;147;50079,67;False;PUBLICA;-
LF002500A10;-;ITAU UNIBANCO S.A.;LF;False;0;-;DI;101,8;-;-;12/04/2027;160;50000;False;PUBLICA;-
LF002600A3S;-;ITAU UNIBANCO S.A.;LF;False;0;-;DI;101,5;-;-;16/04/2029;320;50000;False;PUBLICA;-
LF0021004AC;-;BANCO SAFRA S/A;LF;False;0;-;IPCA;100;4,11;252;17/08/2026;1;50000;False;PUBLICA;-
LF00210055Z;-;BANCO SAFRA S/A;LF;False;0;-;IPCA;100;4,63;252;23/04/2031;1;50000;False;PUBLICA;-
LF002200AJ9;-;BANCO SAFRA S/A;LF;False;0;-;IPCA;100;5,41;252;17/08/2026;1;60000;False;PUBLICA;-
LF0021006CJ;-;BANCO SAFRA S/A;LF;False;0;-;IPCA;100;3,92;252;17/08/2026;1;50000;False;PUBLICA;-
LF002500B9O;-;ITAU UNIBANCO S.A.;LF;False;0;-;DI;101;-;-;15/05/2028;338;50227,48;False;PUBLICA;-
LF002100HIW;-;BANCO SAFRA S/A;LF;False;0;-;IPCA;100;5,46;252;17/08/2026;20;50000;False;PUBLICA;-
LF002200GD1;-;BANCO SAFRA S/A;LF;False;0;-;IPCA;100;5,86;252;17/08/2026;1;50000;False;PUBLICA;-
LF002200LRC;-;ITAU UNIBANCO S.A.;LF;False;0;-;PREFIXADO;-;12,3;252;24/08/2027;1;68000;False;PUBLICA;-
LF002600F2E;-;ITAU UNIBANCO S.A.;LF;False;0;-;DI;101;-;-;21/05/2029;3;50000;False;PUBLICA;-
LF0021006G1;-;BANCO SAFRA S/A;LF;False;0;-;IPCA;100;3,97;252;17/08/2026;1;50000;False;PUBLICA;-
LF002200B89;-;BANCO SAFRA S/A;LF;False;0;-;IPCA;100;5,79;252;17/08/2026;1;51000;False;PUBLICA;-
LF002400J5D;-;BANCO SAFRA S/A;LF;False;0;-;IPCA;100;6,5;252;20/07/2027;30;50000;False;PUBLICA;-
LF002400G4A;BRBSAFLNNDE9;BANCO SAFRA S/A;LF;False;0;-;DI;100;0,45;252;20/08/2026;21;50000;False;PUBLICA;-
LF002400HCH;-;BANCO SAFRA S/A;LF;False;0;-;IPCA;100;6,34;252;15/05/2045;1;50000;False;PUBLICA;-
LF002400JTY;-;ITAU UNIBANCO S.A.;LF;False;0;-;PREFIXADO;-;12,05;252;25/07/2028;1;50000;False;PUBLICA;-
LFSN21003MR;BRBITALFIXD7;ITAU UNIBANCO HOLDING S.A;LFSN;False;0;-;DI;100;2;252;21/10/2031;5;400000;False;PUBLICA;-
LF002200979;-;BANCO SAFRA S/A;LF;False;0;-;IPCA;100;6,04;252;15/05/2035;2;65000;False;PUBLICA;-
LF002400IVO;-;BANCO SAFRA S/A;LF;False;0;-;PREFIXADO;-;12,13;252;17/07/2029;6;50000;False;PUBLICA;-
LF002100IK5;-;BANCO SAFRA S/A;LF;False;0;-;IPCA;100;5,82;252;17/08/2026;1;50000;False;PUBLICA;-
LF0021002R8;-;BANCO SAFRA S/A;LF;False;0;-;IPCA;100;3,46;252;17/08/2026;5;1815000;False;PUBLICA;-
LF002400SMC;-;ITAU UNIBANCO S.A.;LF;False;0;-;DI;102;-;-;15/10/2027;1420;51000;False;PUBLICA;-
LF0021003G9;-;BANCO SAFRA S/A;LF;False;0;-;IPCA;100;3,96;252;17/08/2026;1;50000;False;PUBLICA;-
LF0021007JA;-;BANCO SAFRA S/A;LF;False;0;-;IPCA;100;3,95;252;17/08/2026;1;50000;False;PUBLICA;-
LF002400HFH;-;BANCO SAFRA S/A;LF;False;0;-;IPCA;100;6,38;252;15/05/2045;1;80000;False;PUBLICA;-
LF002500G22;-;ITAU UNIBANCO S.A.;LF;False;0;-;PREFIXADO;-;13,82;252;15/07/2027;2;50000;False;PUBLICA;-
LF002400OJW;-;BANCO SAFRA S/A;LF;False;0;-;IPCA;100;6;252;15/05/2035;1;57000;False;PUBLICA;-
LFSN21003DJ;BRBITALFIX31;ITAU UNIBANCO HOLDING S.A;LFSN;False;0;-;DI;100;2;252;22/09/2031;10;400000;False;PUBLICA;-
LF002600L9P;-;ITAU UNIBANCO S.A.;LF;False;0;-;DI;101,5;-;-;15/08/2029;1650;50000;False;PUBLICA;-
LFSN21003N0;BRBITALFIXH8;ITAU UNIBANCO HOLDING S.A;LFSN;False;0;-;DI;100;2;252;22/09/2031;1;400000;False;PUBLICA;-
LF002400OKN;-;ITAU UNIBANCO S.A.;LF;False;0;-;DI;102;-;-;15/09/2027;13;50307,7;False;PUBLICA;-
LF00210058J;-;BANCO SAFRA S/A;LF;False;0;-;IPCA;100;3,85;252;17/08/2026;1;247000;False;PUBLICA;-
LFSC23006T5;BRITUBLFI1R3;ITAU UNIBANCO HOLDING S.A;LFSC;False;0;-;DI;100;1,9;252;09/11/9999;1;350000;False;PUBLICA;-
LF002100PLL;-;BANCO SAFRA S/A;LF;False;0;-;IPCA;100;5,34;252;17/08/2026;1;50000;False;PUBLICA;-
LFSC22002S3;BRITUBLFI1M4;ITAU UNIBANCO HOLDING S.A;LFSC;False;0;-;DI;100;2,4;252;29/09/9999;1;300000;False;PUBLICA;-
LF002100BHB;-;BANCO SAFRA S/A;LF;False;0;-;IPCA;100;4,63;252;17/08/2026;12;50000;False;PUBLICA;-
LF00220009C;-;BANCO SAFRA S/A;LF;False;0;-;IPCA;100;5,75;252;17/08/2026;2;50000;False;PUBLICA;-
LF0021006VA;-;BANCO SAFRA S/A;LF;False;0;-;IPCA;100;3,87;252;17/08/2026;17;50000;False;PUBLICA;-
LFSN25005V6;-;BANCO PINE S/A;LFSN;False;0;-;DI;121,5;-;-;16/05/2035;13;300000;False;PUBLICA;-
LF002100NW8;BRBSAFLFEXF9;BANCO SAFRA S/A;LF;False;0;-;IPCA;100;5,36;252;17/08/2026;2;50000;False;PUBLICA;-
LF0021007IJ;-;BANCO SAFRA S/A;LF;False;0;-;IPCA;100;3,95;252;17/08/2026;22;50000;False;PUBLICA;-
LF0022004U4;BRBSAFLNN2L5;BANCO SAFRA S/A;LF;False;0;-;DI;100;1,35;252;10/02/2027;15;50000;False;PUBLICA;-
LF0025001XF;-;ITAU UNIBANCO S.A.;LF;False;0;-;DI;102;-;-;17/01/2028;162;51820;False;PUBLICA;-
LF002400PTO;BRBSAFLNNE72;BANCO SAFRA S/A;LF;False;0;-;DI;103;-;-;23/03/2027;10;157000;False;PUBLICA;-
LF002100895;-;BANCO SAFRA S/A;LF;False;0;-;IPCA;100;4,28;252;17/08/2026;10;50000;False;PUBLICA;-
LFSN21003N8;BRBITALFIXH8;ITAU UNIBANCO HOLDING S.A;LFSN;False;0;-;DI;100;2;252;22/09/2031;10;400000;False;PUBLICA;-
LF002100EOB;-;BANCO SAFRA S/A;LF;False;0;-;IPCA;100;4,91;252;17/08/2026;2;66000;False;PUBLICA;-
LF002304YPH;-;BANCO BRADESCO S/A;LF;False;0;-;IPCA;100;5,09;252;10/07/2028;6;50000;False;PUBLICA;-
LF0021006HD;-;BANCO SAFRA S/A;LF;False;0;-;IPCA;100;3,95;252;17/08/2026;2;60000;False;PUBLICA;-
LF002400IHE;-;BANCO SAFRA S/A;LF;False;0;-;IPCA;100;6,13;252;15/05/2029;1;60000;False;PUBLICA;-
LF0025003SB;-;ITAU UNIBANCO S.A.;LF;False;0;-;DI;102;-;-;15/02/2028;40;50000;False;PUBLICA;-
LF002100ARF;-;BANCO SAFRA S/A;LF;False;0;-;IPCA;100;4,45;252;17/08/2026;1;50000;False;PUBLICA;-
LF002500BXS;-;ITAU UNIBANCO S.A.;LF;False;0;-;DI;101,5;-;-;15/05/2028;290;50827,59;False;PUBLICA;-
LFSC23006T1;BRITUBLFI1R3;ITAU UNIBANCO HOLDING S.A;LFSC;False;0;-;DI;100;1,9;252;09/11/9999;68;350000;False;PUBLICA;-
LF002500OWI;-;ITAU UNIBANCO S.A.;LF;False;0;-;IPCA;100;8,23;252;19/11/2027;16;50000;False;PUBLICA;-
LF002600N8U;-;ITAU UNIBANCO S.A.;LF;False;0;-;DI;101,5;-;-;15/08/2029;2000;50000;False;PUBLICA;-
LF002100H8A;-;BANCO SAFRA S/A;LF;False;0;-;IPCA;100;5,22;252;17/08/2026;6;57000;False;PUBLICA;-
LF002306DXW;-;ITAU UNIBANCO S.A.;LF;False;0;-;PREFIXADO;-;10,9;252;23/08/2027;1;300000;False;PUBLICA;-
LF002400OQF;-;ITAU UNIBANCO S.A.;LF;False;0;-;DI;102;-;-;15/09/2027;30;50000;False;PUBLICA;-
LFSN21001PM;BRBSAFLFNNR6;BANCO SAFRA S/A;LFSN;False;0;-;DI;100;2;252;15/05/2028;4;300000;False;PUBLICA;-
LFSN21003M2;BRBITALFIXD7;ITAU UNIBANCO HOLDING S.A;LFSN;False;0;-;DI;100;2;252;21/10/2031;39;400000;False;PUBLICA;-
LFSN22006CZ;BRABCBLFICZ5;BANCO ABC BRASIL S.A.;LFSN;False;0;-;DI;100;2,35;252;19/05/2032;32;300000;False;PUBLICA;-
LF002100G6E;-;BANCO SAFRA S/A;LF;False;0;-;PREFIXADO;-;11,06;252;06/10/2026;2;50000;False;PUBLICA;-
LF00240082G;-;BANCO SAFRA S/A;LF;False;0;-;DI;105,75;-;-;11/09/2026;316;50018,987342;False;PUBLICA;-
LF002400S4G;-;BANCO BRADESCO S/A;LF;False;0;-;IPCA;100;6,35;252;11/10/2032;200;50000;False;PUBLICA;-
LF002400LSM;-;BANCO SAFRA S/A;LF;False;0;-;IPCA;100;6,15;252;15/05/2029;3;56666,666667;False;PUBLICA;-
LF002100CR4;-;BANCO SAFRA S/A;LF;False;0;-;IPCA;100;4,96;252;17/08/2026;1;50000;False;PUBLICA;-
LFSN21001PE;BRBSAFLFNNR6;BANCO SAFRA S/A;LFSN;False;0;-;DI;100;2;252;15/05/2028;40;300000;False;PUBLICA;-
LF002600MTC;-;ITAU UNIBANCO S.A.;LF;False;0;-;IPCA;100;7,84;252;04/08/2031;11;50000;False;PUBLICA;-
LF002400KEC;-;ITAU UNIBANCO S.A.;LF;False;0;-;DI;101,8;-;-;17/08/2026;200;50000;False;PUBLICA;-
LF002400PD2;-;ITAU UNIBANCO S.A.;LF;False;0;-;DI;102;-;-;15/10/2027;100;50000;False;PUBLICA;-
LF0024013QV;-;ITAU UNIBANCO S.A.;LF;False;0;-;PREFIXADO;-;15,55;252;24/12/2026;190;50000;False;PUBLICA;-
LF002400KUO;BRBSAFLNNDM2;BANCO SAFRA S/A;LF;False;0;-;DI;100;0,4;252;05/10/2026;220;50000;False;PUBLICA;-
LF0021003RU;-;BANCO SAFRA S/A;LF;False;0;-;IPCA;100;4;252;17/08/2026;1;50000;False;PUBLICA;-
LF0021008Y4;-;BANCO SAFRA S/A;LF;False;0;-;IPCA;100;4,17;252;17/08/2026;4;50000;False;PUBLICA;-
LF0024000YZ;-;ITAU UNIBANCO S.A.;LF;False;0;-;DI;104;-;-;10/01/2028;100;50000;False;PUBLICA;-
LF002600LD6;-;ITAU UNIBANCO S.A.;LF;False;0;-;DI;101,5;-;-;15/08/2029;2000;50000;False;PUBLICA;-
LF002100FQZ;-;BANCO SAFRA S/A;LF;False;0;-;IPCA;100;5,05;252;17/08/2026;1;50000;False;PUBLICA;-
LF0021002AZ;-;BANCO SAFRA S/A;LF;False;0;-;IPCA;100;3,46;252;17/08/2026;1;75000;False;PUBLICA;-
LF002600II1;-;ITAU UNIBANCO S.A.;LF;False;0;-;IPCA;100;8,06;252;18/06/2030;1;50000;False;PUBLICA;-
LF0021006N7;-;BANCO SAFRA S/A;LF;False;0;-;IPCA;100;3,97;252;17/08/2026;1;75000;False;PUBLICA;-
LFSN21003N9;BRBITALFIXH8;ITAU UNIBANCO HOLDING S.A;LFSN;False;0;-;DI;100;2;252;22/09/2031;1;400000;False;PUBLICA;-
LF0024009BO;-;BANCO SAFRA S/A;LF;False;0;-;PREFIXADO;-;10,37;252;01/04/2030;2;50000;False;PUBLICA;-
LF002600H2V;-;ITAU UNIBANCO S.A.;LF;False;0;-;DI;101;-;-;08/06/2028;1;50000;False;PUBLICA;-
LF002400NCN;-;BANCO SAFRA S/A;LF;False;0;-;IPCA;100;6,09;252;15/05/2029;1;52000;False;PUBLICA;-
LF002306YS1;-;BANCO BRADESCO S/A;LF;False;0;-;IPCA;100;4,84;252;14/09/2026;2;50000;False;PUBLICA;-
LF0021002RO;-;BANCO SAFRA S/A;LF;False;0;-;IPCA;100;3,53;252;17/08/2026;4;50000;False;PUBLICA;-
LF0023075Q1;-;ITAU UNIBANCO S.A.;LF;False;0;-;PREFIXADO;-;10,55;252;18/09/2026;1;130000;False;PUBLICA;-
LF0021007O5;-;BANCO SAFRA S/A;LF;False;0;-;IPCA;100;3,99;252;17/08/2026;2;54000;False;PUBLICA;-
LF0025005EM;-;ITAU UNIBANCO S.A.;LF;False;0;-;DI;101,8;-;-;15/03/2028;41;51170,74;False;PUBLICA;-
LF0021009W4;-;BANCO SAFRA S/A;LF;False;0;-;IPCA;100;4,03;252;17/08/2026;1;1944354,35;False;PUBLICA;-
LF002400RTL;-;ITAU UNIBANCO S.A.;LF;False;0;-;DI;102;-;-;15/10/2027;60;50000;False;PUBLICA;-
LF0021002RE;-;BANCO SAFRA S/A;LF;False;0;-;IPCA;100;4,19;252;15/05/2035;4;50000;False;PUBLICA;-
LF00260082O;-;ITAU UNIBANCO S.A.;LF;False;0;-;DI;101,5;-;-;16/04/2029;100;50000;False;PUBLICA;-
LFSN24005KI;BRITUBLFI1T9;ITAU UNIBANCO HOLDING S.A;LFSN;False;0;-;DI;100;0,65;252;16/10/2034;4811;300000;False;PUBLICA;-
LF00240125W;BRBITALFN3U0;ITAU UNIBANCO S.A.;LF;False;0;-;IPCA;100;7,88;252;13/12/2027;1;5000000;False;PUBLICA;-
LF002600MA0;-;ITAU UNIBANCO S.A.;LF;False;0;-;IPCA;100;8,21;252;28/07/2031;6;50000;False;PUBLICA;-
LF002100JKM;BRBSAFLTR7X9;BANCO SAFRA S/A;LF;False;0;-;IPCA;100;5,95;252;17/08/2026;10;50000;False;PUBLICA;-
LF002100EQP;-;BANCO SAFRA S/A;LF;False;0;-;IPCA;100;4,99;252;17/08/2026;6;50000;False;PUBLICA;-
LF0021007Y0;-;BANCO SAFRA S/A;LF;False;0;-;IPCA;100;4,22;252;17/08/2026;3;50000;False;PUBLICA;-
LF002100HDH;-;BANCO SAFRA S/A;LF;False;0;-;IPCA;100;5,24;252;17/08/2026;2;50000;False;PUBLICA;-
LF002400M03;-;BANCO SAFRA S/A;LF;False;0;-;IPCA;100;6,27;252;15/05/2029;14;50000;False;PUBLICA;-
LF002100DNM;-;BANCO SAFRA S/A;LF;False;0;-;IPCA;100;4,86;252;17/08/2026;1;76000;False;PUBLICA;-
LF0021006HJ;-;BANCO SAFRA S/A;LF;False;0;-;IPCA;100;3,99;252;17/08/2026;1;50000;False;PUBLICA;-
LF0021009WJ;-;BANCO SAFRA S/A;LF;False;0;-;IPCA;100;4,03;252;17/08/2026;31;50000;False;PUBLICA;-
LF002500G4V;-;ITAU UNIBANCO S.A.;LF;False;0;-;IPCA;100;8,57;252;15/07/2027;1;65000;False;PUBLICA;-
LF0022008G0;-;BANCO SAFRA S/A;LF;False;0;-;IPCA;100;6,57;252;17/03/2032;1;50000;False;PUBLICA;-
LF00210094S;-;BANCO SAFRA S/A;LF;False;0;-;IPCA;100;4,16;252;17/08/2026;1;50000;False;PUBLICA;-
LF0021002I6;-;BANCO SAFRA S/A;LF;False;0;-;IPCA;100;3,4;252;17/08/2026;1;50000;False;PUBLICA;-
LF002100DIT;-;BANCO SAFRA S/A;LF;False;0;-;IPCA;100;4,84;252;17/08/2026;3;51666,666667;False;PUBLICA;-
LF002100E8B;-;BANCO SAFRA S/A;LF;False;0;-;IPCA;100;5,76;252;10/09/2026;1;50000;False;PUBLICA;-
LF002100KNU;BRBSAFLTRD08;BANCO SAFRA S/A;LF;False;0;-;IPCA;100;5,61;252;17/08/2026;5;50000;False;PUBLICA;-
LF0021006J8;-;BANCO SAFRA S/A;LF;False;0;-;IPCA;100;3,9;252;17/08/2026;2;50000;False;PUBLICA;-
LF002100H92;-;BANCO SAFRA S/A;LF;False;0;-;IPCA;100;5,2;252;17/08/2026;25;50000;False;PUBLICA;-
LF002307RXV;-;BANCO SAFRA S/A;LF;False;0;-;DI;107,5;-;-;07/10/2026;120;50000;False;PUBLICA;-
LF0021009O2;-;BANCO SAFRA S/A;LF;False;0;-;IPCA;100;4,14;252;17/08/2026;10;50000;False;PUBLICA;-
LF0022000JR;-;BANCO SAFRA S/A;LF;False;0;-;IPCA;100;5,8;252;17/08/2026;1;81684,2;False;PUBLICA;-
LF002100BOQ;-;BANCO SAFRA S/A;LF;False;0;-;IPCA;100;4,69;252;17/08/2026;18;50000;False;PUBLICA;-
LF002200CJS;-;BANCO SAFRA S/A;LF;False;0;-;IPCA;100;6,26;252;26/04/2032;1;50000;False;PUBLICA;-
LF002100KDQ;BRBSAFLTRBV5;BANCO SAFRA S/A;LF;False;0;-;IPCA;100;5,66;252;17/08/2026;1;50000;False;PUBLICA;-
LF00250035Q;-;ITAU UNIBANCO S.A.;LF;False;0;-;DI;102;-;-;15/02/2028;154;50000;False;PUBLICA;-
LF0021002YZ;-;BANCO SAFRA S/A;LF;False;0;-;IPCA;100;3,69;252;17/08/2026;1;50000;False;PUBLICA;-
LF002400P5A;-;ITAU UNIBANCO S.A.;LF;False;0;-;DI;102;-;-;15/10/2027;12;52500;False;PUBLICA;-
LF002400IVC;-;BANCO SAFRA S/A;LF;False;0;-;PREFIXADO;-;12,13;252;17/07/2029;80;50000;False;PUBLICA;-
LF002400JC9;-;ITAU UNIBANCO S.A.;LF;False;0;-;DI;102;-;-;16/08/2027;3;50000;False;PUBLICA;-
LFSC22002DC;BRITUBLFI1J0;ITAU UNIBANCO HOLDING S.A;LFSC;False;0;-;DI;100;2,4;252;26/09/9999;1;300000;False;PUBLICA;-
LF002500DY5;BRBCGMLFI9U1;BANCO GM S.A;LF;False;0;-;DI;100;0,45;252;09/06/2028;2000;50000;False;PUBLICA;-
LF002600L9F;-;ITAU UNIBANCO S.A.;LF;False;0;-;DI;101;-;-;15/08/2029;10;50000;False;PUBLICA;-
LF002400LZU;-;BANCO SAFRA S/A;LF;False;0;-;PREFIXADO;-;11,55;252;17/08/2026;1;55000;False;PUBLICA;-
LF002200DLM;-;BANCO SAFRA S/A;LF;False;0;-;IPCA;100;5,9;252;17/08/2026;5;50600;False;PUBLICA;-
LF002100B9T;-;BANCO SAFRA S/A;LF;False;0;-;IPCA;100;4,67;252;17/08/2026;14;50000;False;PUBLICA;-
LF0022005XX;-;BANCO SAFRA S/A;LF;False;0;-;IPCA;100;6,09;252;15/02/2028;3;50000;False;PUBLICA;-
LF002100FZ6;-;BANCO SAFRA S/A;LF;False;0;-;IPCA;100;5;252;17/08/2026;1;70000;False;PUBLICA;-
LF002100CQ6;-;BANCO SAFRA S/A;LF;False;0;-;IPCA;100;5,14;252;15/05/2035;1;50000;False;PUBLICA;-
LF002600II2;-;ITAU UNIBANCO S.A.;LF;False;0;-;PREFIXADO;-;14,66;252;19/06/2028;6;50000;False;PUBLICA;-
LF002600C4G;-;ITAU UNIBANCO S.A.;LF;False;0;-;DI;101;-;-;15/05/2029;348;50000;False;PUBLICA;-
LF002100938;-;BANCO SAFRA S/A;LF;False;0;-;IPCA;100;4,51;252;15/05/2035;1;95000;False;PUBLICA;-
LF00210089J;-;BANCO SAFRA S/A;LF;False;0;-;IPCA;100;4,28;252;17/08/2026;1;50000;False;PUBLICA;-
LFSN21001Q6;BRBSAFLFNNU0;BANCO SAFRA S/A;LFSN;False;0;-;IPCA;-;6;252;17/05/2028;7;1000000;False;PUBLICA;-
LF002100G2X;-;BANCO SAFRA S/A;LF;False;0;-;IPCA;100;5,06;252;17/08/2026;1;50000;False;PUBLICA;-
LF002400S4J;-;BANCO SAFRA S/A;LF;False;0;-;IPCA;100;6,34;252;15/05/2045;3;55483,333334;False;PUBLICA;-
LF002400OJY;-;BANCO SAFRA S/A;LF;False;0;-;IPCA;100;6,37;252;15/05/2029;2;50000;False;PUBLICA;-
LF002100G6F;-;BANCO SAFRA S/A;LF;False;0;-;IPCA;100;5,17;252;17/08/2026;3;50000;False;PUBLICA;-
LF002400G3H;BRBSAFLNNDE9;BANCO SAFRA S/A;LF;False;0;-;DI;100;0,45;252;20/08/2026;48;50000;False;PUBLICA;-
LF00220015U;-;BANCO SAFRA S/A;LF;False;0;-;IPCA;100;5,77;252;17/08/2026;2;50000;False;PUBLICA;-
LF002400PYY;-;BANCO SAFRA S/A;LF;False;0;-;IPCA;100;6,75;252;15/05/2029;1;55000;False;PUBLICA;-
LF002400PD9;-;ITAU UNIBANCO S.A.;LF;False;0;-;DI;102;-;-;15/10/2027;400;50000;False;PUBLICA;-
LF0021008Y1;-;BANCO SAFRA S/A;LF;False;0;-;IPCA;100;4,17;252;17/08/2026;1;50000;False;PUBLICA;-
LF002200FR9;-;BANCO SAFRA S/A;LF;False;0;-;IPCA;100;6,12;252;15/05/2035;1;50000;False;PUBLICA;-
LF002100MDI;-;BANCO SAFRA S/A;LF;False;0;-;IPCA;100;5,57;252;17/08/2026;1;50000;False;PUBLICA;-
LF002400OR9;BRBSAFLNNE07;BANCO SAFRA S/A;LF;False;0;-;IPCA;100;6,54;252;12/09/2031;12;50000;False;PUBLICA;-
LF002100LP1;BRBSAFLFE0L0;BANCO SAFRA S/A;LF;False;0;-;IPCA;100;5,55;252;17/08/2026;4;50000;False;PUBLICA;-
LF0021004OX;-;BANCO SAFRA S/A;LF;False;0;-;IPCA;100;4,14;252;17/08/2026;1;50000;False;PUBLICA;-
LF0022002TX;-;BANCO SAFRA S/A;LF;False;0;-;IPCA;100;5,71;252;17/08/2026;1;50844,23;False;PUBLICA;-
LF002600L94;-;ITAU UNIBANCO S.A.;LF;False;0;-;DI;101;-;-;15/08/2029;23;50000;False;PUBLICA;-
LF002100HJ6;-;BANCO SAFRA S/A;LF;False;0;-;IPCA;100;5,46;252;17/08/2026;6;50000;False;PUBLICA;-
LFSN22009F3;-;BANCO SAFRA S/A;LFSN;False;0;-;PREFIXADO;-;15,22;252;19/07/2032;1;400000;False;PUBLICA;-
LF002100JEZ;BRBSAFLTR6X1;BANCO SAFRA S/A;LF;False;0;-;IPCA;100;5,83;252;17/08/2026;1;55000;False;PUBLICA;-
LF002400PIV;-;ITAU UNIBANCO S.A.;LF;False;0;-;DI;102;-;-;15/10/2027;450;50000;False;PUBLICA;-
LF002100JB3;-;BANCO SAFRA S/A;LF;False;0;-;IPCA;100;6,01;252;17/08/2026;2;62500;False;PUBLICA;-
LFSC23006T0;BRITUBLFI1R3;ITAU UNIBANCO HOLDING S.A;LFSC;False;0;-;DI;100;1,9;252;09/11/9999;1;350000;False;PUBLICA;-
LFSN21003TF;BRBITALFIXI6;ITAU UNIBANCO HOLDING S.A;LFSN;False;0;-;DI;100;2;252;22/09/2031;4;400000;False;PUBLICA;-
LF0022004U5;BRBSAFLNN2L5;BANCO SAFRA S/A;LF;False;0;-;DI;100;1,35;252;10/02/2027;32;50000;False;PUBLICA;-
LFSC22002BS;BRITUBLFI1I2;ITAU UNIBANCO HOLDING S.A;LFSC;False;0;-;DI;100;2,4;252;23/09/9999;3;300000;False;PUBLICA;-
LF002400IRS;-;ITAU UNIBANCO S.A.;LF;False;0;-;PREFIXADO;-;11,35;252;17/08/2026;146;50000;False;PUBLICA;-
LF0021009LR;-;BANCO SAFRA S/A;LF;False;0;-;IPCA;100;4,69;252;14/07/2031;1;69000;False;PUBLICA;-
LF002600EF7;-;ITAU UNIBANCO S.A.;LF;False;0;-;PREFIXADO;-;13,78;252;14/05/2029;2;60000;False;PUBLICA;-
LF0025001XG;-;ITAU UNIBANCO S.A.;LF;False;0;-;DI;102;-;-;17/01/2028;320;50000;False;PUBLICA;-
LF0021007FA;-;BANCO SAFRA S/A;LF;False;0;-;IPCA;100;3,82;252;17/08/2026;6;50000;False;PUBLICA;-
LF002100Q0X;-;BANCO SAFRA S/A;LF;False;0;-;IPCA;100;5,54;252;17/08/2026;3;50000;False;PUBLICA;-
LF002100GJT;-;BANCO SAFRA S/A;LF;False;0;-;IPCA;100;5,04;252;17/08/2026;5;50000;False;PUBLICA;-
LF002100G3A;-;BANCO SAFRA S/A;LF;False;0;-;IPCA;100;5,06;252;17/08/2026;1;74000;False;PUBLICA;-
LF002200SWY;-;ITAU UNIBANCO S.A.;LF;False;0;-;IPCA;100;7,34;252;14/12/2032;1;10000000;False;PUBLICA;-
LF002400JFZ;-;ITAU UNIBANCO S.A.;LF;False;0;-;DI;102;-;-;16/08/2027;480;50840,08;False;PUBLICA;-
LF002500530;-;ITAU UNIBANCO S.A.;LF;False;0;-;DI;101,8;-;-;15/02/2028;20;50000;False;PUBLICA;-
LF00210064F;-;BANCO SAFRA S/A;LF;False;0;-;IPCA;100;3,88;252;17/08/2026;4;50000;False;PUBLICA;-
LF0021007W5;-;BANCO SAFRA S/A;LF;False;0;-;IPCA;100;4,22;252;17/08/2026;1;50000;False;PUBLICA;-
LF00250090E;-;ITAU UNIBANCO S.A.;LF;False;0;-;DI;101;-;-;17/04/2028;470;50000;False;PUBLICA;-
LF002100BNS;-;BANCO SAFRA S/A;LF;False;0;-;IPCA;100;4,69;252;17/08/2026;2;53000;False;PUBLICA;-
LF002100K69;BRBSAFLTRB26;BANCO SAFRA S/A;LF;False;0;-;IPCA;100;5,68;252;05/11/2026;2;60000;False;PUBLICA;-
LF002400LZV;-;BANCO SAFRA S/A;LF;False;0;-;IPCA;100;6,27;252;15/05/2029;2;50000;False;PUBLICA;-
LF002100NPO;BRBSAFLFEW48;BANCO SAFRA S/A;LF;False;0;-;IPCA;100;5,85;252;01/12/2026;3;60000;False;PUBLICA;-
LFSC22002T2;BRITUBLFI1N2;ITAU UNIBANCO HOLDING S.A;LFSC;False;0;-;DI;100;2,4;252;30/09/9999;1;300000;False;PUBLICA;-
LF00240067U;-;BANCO SAFRA S/A;LF;False;0;-;DI;103,5;-;-;21/02/2029;4;51968,75;False;PUBLICA;-
LF0025009AL;-;ITAU UNIBANCO S.A.;LF;False;0;-;DI;101;-;-;17/04/2028;160;50000;False;PUBLICA;-
LF00210064M;-;BANCO SAFRA S/A;LF;False;0;-;IPCA;100;3,88;252;17/08/2026;2;50000;False;PUBLICA;-
LF002100PMI;-;BANCO SAFRA S/A;LF;False;0;-;IPCA;100;5,34;252;17/08/2026;1;50000;False;PUBLICA;-
LF002400IRV;-;ITAU UNIBANCO S.A.;LF;False;0;-;DI;102;-;-;15/07/2027;10;50000;False;PUBLICA;-
LF0023017U0;-;ITAU UNIBANCO S.A.;LF;False;0;-;IPCA;100;6,06;252;01/03/2027;1;600000;False;PUBLICA;-
LF0021005IQ;-;BANCO SAFRA S/A;LF;False;0;-;IPCA;100;3,88;252;17/08/2026;1;50000;False;PUBLICA;-
LF0021009CV;-;BANCO SAFRA S/A;LF;False;0;-;IPCA;100;4,13;252;17/08/2026;57;50315,789474;False;PUBLICA;-
LF0021007HV;-;BANCO SAFRA S/A;LF;False;0;-;IPCA;100;3,92;252;17/08/2026;12;50000;False;PUBLICA;-
LFSC22002MH;BRITUBLFI1L6;ITAU UNIBANCO HOLDING S.A;LFSC;False;0;-;DI;100;2,4;252;28/09/9999;3;300000;False;PUBLICA;-
LF002500973;-;ITAU UNIBANCO S.A.;LF;False;0;-;DI;101;-;-;17/04/2028;21;51121,92;False;PUBLICA;-
LF002100620;-;BANCO SAFRA S/A;LF;False;0;-;IPCA;100;3,87;252;17/08/2026;1;50000;False;PUBLICA;-
LF0021002VN;-;BANCO SAFRA S/A;LF;False;0;-;IPCA;100;3,49;252;17/08/2026;1;185000;False;PUBLICA;-
LF002100F9H;-;BANCO SAFRA S/A;LF;False;0;-;IPCA;100;5,01;252;17/08/2026;7;50000;False;PUBLICA;-
LF00240041J;-;BANCO BRADESCO S/A;LF;False;0;-;IPCA;100;5,91;252;15/05/2035;6;50000;False;PUBLICA;-
LF0022008JY;-;BANCO SAFRA S/A;LF;False;0;-;IPCA;100;6,52;252;17/03/2032;1;50000;False;PUBLICA;-
LF002100CQ0;-;BANCO SAFRA S/A;LF;False;0;-;IPCA;100;4,96;252;17/08/2026;2;50000;False;PUBLICA;-
LF002400KHI;-;ITAU UNIBANCO S.A.;LF;False;0;-;DI;102;-;-;16/08/2027;32;55812,5;False;PUBLICA;-
LF002400QMA;-;ITAU UNIBANCO S.A.;LF;False;0;-;DI;102;-;-;15/10/2027;50;50319;False;PUBLICA;-
LF002100NR4;BRBSAFLFEX62;BANCO SAFRA S/A;LF;False;0;-;IPCA;100;5,72;252;02/12/2026;5;125000;False;PUBLICA;-
LF002400L1N;-;ITAU UNIBANCO S.A.;LF;False;0;-;DI;102;-;-;16/08/2027;1000;50000;False;PUBLICA;-
LFSC2500672;BRITUBLFI233;ITAU UNIBANCO HOLDING S.A;LFSC;False;0;-;DI;100;1,25;252;03/06/9999;8251;300000;False;PUBLICA;-
LF002200A2L;-;BANCO SAFRA S/A;LF;False;0;-;IPCA;100;5,47;252;17/08/2026;8;50250;False;PUBLICA;-
LF002100PF4;-;BANCO SAFRA S/A;LF;False;0;-;IPCA;100;5,25;252;17/08/2026;2;50000;False;PUBLICA;-
LF0022007LV;-;BANCO SAFRA S/A;LF;False;0;-;IPCA;100;6,03;252;17/08/2026;1;50000;False;PUBLICA;-
LF002200DUC;-;BANCO SAFRA S/A;LF;False;0;-;IPCA;100;6;252;17/08/2026;1;50000;False;PUBLICA;-
LF002500B9L;-;ITAU UNIBANCO S.A.;LF;False;0;-;DI;101,8;-;-;26/04/2027;24;50000;False;PUBLICA;-
LF002200904;-;BANCO SAFRA S/A;LF;False;0;-;IPCA;100;5,92;252;17/08/2026;1;96000;False;PUBLICA;-
LF002400VZZ;-;ITAU UNIBANCO S.A.;LF;False;0;-;DI;102;-;-;16/11/2027;20;50000;False;PUBLICA;-
LF002400PI3;-;BANCO SAFRA S/A;LF;False;0;-;IPCA;100;6,36;252;19/09/2045;1;50000;False;PUBLICA;-
LF0021006UW;-;BANCO SAFRA S/A;LF;False;0;-;IPCA;100;4,82;252;02/06/2031;1;50000;False;PUBLICA;-
LFSN210030Y;BRBSAFLFNQU3;BANCO SAFRA S/A;LFSN;False;0;-;IPCA;-;6,76;252;18/08/2031;10;500000;False;PUBLICA;-
LF002100LBE;BRBSAFLTRFQ6;BANCO SAFRA S/A;LF;False;0;-;IPCA;100;5,57;252;17/08/2026;5;50000;False;PUBLICA;-
LF002100465;-;BANCO SAFRA S/A;LF;False;0;-;IPCA;100;4,73;252;07/04/2031;1;50000;False;PUBLICA;-
LF002400HPV;-;BANCO SAFRA S/A;LF;False;0;-;IPCA;100;6,8;252;03/07/2029;540;50000;False;PUBLICA;-
LF002500BVD;-;ITAU UNIBANCO S.A.;LF;False;0;-;DI;101;-;-;15/05/2028;100;50000;False;PUBLICA;-
LF0026004MX;BRBTOYLFI3I6;BANCO TOYOTA DO BRASIL S/A;LF;False;0;-;DI;100;0,32;252;22/02/2028;9101;50000;False;PUBLICA;-
LF002100I28;-;BANCO SAFRA S/A;LF;False;0;-;IPCA;100;5,74;252;17/08/2026;2;56000;False;PUBLICA;-
LF002304C6K;-;BANCO BRADESCO S/A;LF;False;0;-;PREFIXADO;-;11,04;252;20/06/2028;10;50000;False;PUBLICA;-
LF002200DHH;-;BANCO SAFRA S/A;LF;False;0;-;IPCA;100;5,77;252;17/08/2026;2;50000;False;PUBLICA;-
LF002400TJ7;-;ITAU UNIBANCO S.A.;LF;False;0;-;DI;102;-;-;16/11/2027;48;50000;False;PUBLICA;-
LF002400OHE;-;BANCO SAFRA S/A;LF;False;0;-;DI;103,7;-;-;11/09/2026;322;50083,850932;False;PUBLICA;-
LF002100ELN;-;BANCO SAFRA S/A;LF;False;0;-;IPCA;100;4,92;252;17/08/2026;2;50000;False;PUBLICA;-
LF002100I29;-;BANCO SAFRA S/A;LF;False;0;-;IPCA;100;5,74;252;17/08/2026;1;70000;False;PUBLICA;-
LF002500E38;-;ITAU UNIBANCO S.A.;LF;False;0;-;IPCA;100;8,71;252;11/06/2027;8;50000;False;PUBLICA;-
LF002100EEP;-;BANCO SAFRA S/A;LF;False;0;-;IPCA;100;4,91;252;17/08/2026;2;60000;False;PUBLICA;-
LF002302OM1;-;ITAU UNIBANCO S.A.;LF;False;0;-;DI;106;-;-;22/04/2030;100;50000;False;PUBLICA;-
LF0021002WV;-;BANCO SAFRA S/A;LF;False;0;-;IPCA;100;3,62;252;17/08/2026;40;50000;False;PUBLICA;-
LF002400VKQ;-;ITAU UNIBANCO S.A.;LF;False;0;-;DI;102;-;-;16/11/2027;9;51111,12;False;PUBLICA;-
LF002100EGT;-;BANCO SAFRA S/A;LF;False;0;-;IPCA;100;4,88;252;17/08/2026;1;50000;False;PUBLICA;-
LF0021009TZ;-;BANCO SAFRA S/A;LF;False;0;-;IPCA;100;4,48;252;15/05/2035;4;50000;False;PUBLICA;-
LFSN21001PV;BRBSAFLFNNT2;BANCO SAFRA S/A;LFSN;False;0;-;DI;100;2;252;17/05/2028;3;1000000;False;PUBLICA;-
LF0021009W9;-;BANCO SAFRA S/A;LF;False;0;-;IPCA;100;4,47;252;21/07/2031;1;105000;False;PUBLICA;-
LF002200J2M;-;BANCO SAFRA S/A;LF;False;0;-;IPCA;100;6,19;252;06/07/2027;1;50000;False;PUBLICA;-
LF002100F5F;-;BANCO SAFRA S/A;LF;False;0;-;IPCA;100;5,03;252;17/08/2026;2;50000;False;PUBLICA;-
LF0021005P1;-;BANCO SAFRA S/A;LF;False;0;-;IPCA;100;3,91;252;17/08/2026;1;610000;False;PUBLICA;-
LFSC23006TG;BRITUBLFI1R3;ITAU UNIBANCO HOLDING S.A;LFSC;False;0;-;DI;100;1,9;252;09/11/9999;63;350000;False;PUBLICA;-
LF002100LWQ;BRBSAFLFE257;BANCO SAFRA S/A;LF;False;0;-;IPCA;100;5,45;252;16/11/2027;1;65000;False;PUBLICA;-
LF0021005TI;-;BANCO SAFRA S/A;LF;False;0;-;IPCA;100;3,89;252;17/08/2026;3;50000;False;PUBLICA;-
LF002100FFS;-;BANCO SAFRA S/A;LF;False;0;-;IPCA;100;5,06;252;17/08/2026;1;50000;False;PUBLICA;-
LF0021004DE;-;BANCO SAFRA S/A;LF;False;0;-;IPCA;100;4,49;252;15/05/2035;2;50000;False;PUBLICA;-
LF0021003G1;-;BANCO SAFRA S/A;LF;False;0;-;IPCA;100;4;252;17/08/2026;2;50000;False;PUBLICA;-
LF002100I1X;-;BANCO SAFRA S/A;LF;False;0;-;IPCA;100;5,74;252;17/08/2026;1;50000;False;PUBLICA;-
LF002100F24;-;BANCO SAFRA S/A;LF;False;0;-;IPCA;100;4,94;252;17/08/2026;6;50000;False;PUBLICA;-
LF002500LRM;BRBCXPLFIO35;BANCO XP S/A;LF;False;0;-;DI;100;0,55;252;25/09/2028;10000;50000;False;PUBLICA;-
LF002500G4W;-;ITAU UNIBANCO S.A.;LF;False;0;-;IPCA;100;8,57;252;15/07/2027;1;50000;False;PUBLICA;-
LF002400NXC;-;ITAU UNIBANCO S.A.;LF;False;0;-;DI;102;-;-;15/09/2027;100;50000;False;PUBLICA;-
LF0021003IS;-;BANCO SAFRA S/A;LF;False;0;-;IPCA;100;4,12;252;17/08/2026;1;90000;False;PUBLICA;-
LF002307TMZ;BRBSAFLNNAY3;BANCO SAFRA S/A;LF;False;0;-;DI;107,2;-;-;13/10/2026;130;50000;False;PUBLICA;-
LF002100OH1;-;BANCO SAFRA S/A;LF;False;0;-;IPCA;100;5,32;252;17/08/2026;1;50000;False;PUBLICA;-
LF002100GUC;-;BANCO SAFRA S/A;LF;False;0;-;IPCA;100;5,59;252;13/10/2027;2;62500;False;PUBLICA;-
LF002400UGT;-;ITAU UNIBANCO S.A.;LF;False;0;-;DI;102;-;-;16/11/2027;200;50000;False;PUBLICA;-
LF0021001KX;BRBSAFLTFDB8;BANCO SAFRA S/A;LF;False;0;-;IPCA;100;3,32;252;17/08/2026;2;80000;False;PUBLICA;-
LF00250035R;-;ITAU UNIBANCO S.A.;LF;False;0;-;DI;102;-;-;15/02/2028;20;50000;False;PUBLICA;-
LF0022000ZM;-;BANCO SAFRA S/A;LF;False;0;-;IPCA;100;5,75;252;17/08/2026;5;50000;False;PUBLICA;-
LF002400L1I;-;ITAU UNIBANCO S.A.;LF;False;0;-;DI;102;-;-;16/08/2027;40;50000;False;PUBLICA;-
LF0021006K9;-;BANCO SAFRA S/A;LF;False;0;-;IPCA;100;3,93;252;17/08/2026;4;50000;False;PUBLICA;-
LF002400F2I;-;BANCO SAFRA S/A;LF;False;0;-;IPCA;100;6,45;252;15/05/2035;2;50000;False;PUBLICA;-
LFSC23006OM;BRITUBLFI1Q5;ITAU UNIBANCO HOLDING S.A;LFSC;False;0;-;DI;100;1,9;252;08/11/9999;8;350000;False;PUBLICA;-
LF002100CST;-;BANCO SAFRA S/A;LF;False;0;-;IPCA;100;5,75;252;25/08/2026;74;50000;False;PUBLICA;-
LF002600M5I;-;ITAU UNIBANCO S.A.;LF;False;0;-;DI;101,5;-;-;15/08/2029;3000;50000;False;PUBLICA;-
LF002400PIO;-;ITAU UNIBANCO S.A.;LF;False;0;-;DI;102;-;-;15/10/2027;540;50000;False;PUBLICA;-
LF002200MT7;-;ITAU UNIBANCO S.A.;LF;False;0;-;IPCA;100;6,36;252;16/09/2026;4;50000;False;PUBLICA;-
LF002400ORB;BRBSAFLNNE07;BANCO SAFRA S/A;LF;False;0;-;IPCA;100;6,54;252;12/09/2031;12;50000;False;PUBLICA;-
LF002200JKU;-;BANCO SAFRA S/A;LF;False;0;-;IPCA;100;6,5;252;17/08/2026;1;50000;False;PUBLICA;-
LF002100H89;-;BANCO SAFRA S/A;LF;False;0;-;IPCA;100;5,22;252;17/08/2026;20;50000;False;PUBLICA;-
LF002100HA0;-;BANCO SAFRA S/A;LF;False;0;-;IPCA;100;5,22;252;17/08/2026;40;50000;False;PUBLICA;-
LF002100PLE;-;BANCO SAFRA S/A;LF;False;0;-;IPCA;100;5,34;252;17/08/2026;2;50000;False;PUBLICA;-
LF002100BHM;-;BANCO SAFRA S/A;LF;False;0;-;IPCA;100;4,63;252;17/08/2026;1;50000;False;PUBLICA;-
LF002100BBM;-;BANCO SAFRA S/A;LF;False;0;-;IPCA;100;4,61;252;17/08/2026;4;50000;False;PUBLICA;-
LF002400NMS;-;BANCO SAFRA S/A;LF;False;0;-;IPCA;100;6,48;252;15/05/2029;1;62000;False;PUBLICA;-
LF002100GRA;-;BANCO SAFRA S/A;LF;False;0;-;IPCA;100;5,08;252;17/08/2026;1;50000;False;PUBLICA;-
LFSC23006HJ;BRITUBLFI1P7;ITAU UNIBANCO HOLDING S.A;LFSC;False;0;-;DI;100;1,9;252;07/11/9999;1;350000;False;PUBLICA;-
LF002500PBH;BRTATOLFI029;BANCO TRATON BRASIL S.A.;LF;False;0;-;DI;100;0,58;252;26/11/2029;1600;50000;False;PUBLICA;-
LF002100FKC;-;BANCO SAFRA S/A;LF;False;0;-;IPCA;100;5,01;252;17/08/2026;2;50000;False;PUBLICA;-
LF002100CQX;-;BANCO SAFRA S/A;LF;False;0;-;IPCA;100;4,97;252;17/08/2026;80;50000;False;PUBLICA;-
LF0021005OO;-;BANCO SAFRA S/A;LF;False;0;-;IPCA;100;3,91;252;17/08/2026;1;56000;False;PUBLICA;-
LF002400HCN;-;BANCO SAFRA S/A;LF;False;0;-;PREFIXADO;-;12;252;30/06/2027;60;50000;False;PUBLICA;-
LF0025009MP;-;ITAU UNIBANCO S.A.;LF;False;0;-;DI;101,5;-;-;17/04/2028;92;50000;False;PUBLICA;-
LFSN2500AC9;BRBRSRLFI422;BANCO DO ESTADO DO RIO GRANDE DO SUL S/A;LFSN;False;0;-;DI;100;1,65;252;03/09/2035;1000;300000;False;PUBLICA;-
LF0024012BJ;-;ITAU UNIBANCO S.A.;LF;False;0;-;DI;102;-;-;15/12/2027;128;50235,34;False;PUBLICA;-
LF002400P1Z;-;ITAU UNIBANCO S.A.;LF;False;0;-;DI;102;-;-;15/09/2027;240;50500;False;PUBLICA;-
LF002400LCP;-;ITAU UNIBANCO S.A.;LF;False;0;-;DI;102;-;-;16/08/2027;40;50000;False;PUBLICA;-
LF002100GDB;-;BANCO SAFRA S/A;LF;False;0;-;IPCA;100;5,06;252;17/08/2026;5;54800;False;PUBLICA;-
LF002303A7N;-;BANCO BRADESCO S/A;LF;False;0;-;DI;106;-;-;15/05/2028;8;50000;False;PUBLICA;-
LF002400Q46;-;BANCO SAFRA S/A;LF;False;0;-;IPCA;100;6,62;252;15/05/2029;1;50000;False;PUBLICA;-
LF002400TV2;-;ITAU UNIBANCO S.A.;LF;False;0;-;PREFIXADO;-;13,07;252;24/10/2029;1;300000;False;PUBLICA;-
LF0021005ON;-;BANCO SAFRA S/A;LF;False;0;-;IPCA;100;3,91;252;17/08/2026;1;50000;False;PUBLICA;-
LF002100J9N;-;BANCO SAFRA S/A;LF;False;0;-;IPCA;100;6,01;252;17/08/2026;2;50000;False;PUBLICA;-
LF0021003S5;-;BANCO SAFRA S/A;LF;False;0;-;IPCA;100;4;252;17/08/2026;20;50000;False;PUBLICA;-
LF002400P5G;-;ITAU UNIBANCO S.A.;LF;False;0;-;DI;102;-;-;15/10/2027;179;50000;False;PUBLICA;-
LF0021002T6;-;BANCO SAFRA S/A;LF;False;0;-;IPCA;100;4,16;252;15/05/2035;40;50000;False;PUBLICA;-
LF002100C58;-;BANCO SAFRA S/A;LF;False;0;-;IPCA;100;4,87;252;17/08/2026;1;67000;False;PUBLICA;-
LF0024013CQ;-;ITAU UNIBANCO S.A.;LF;False;0;-;IPCA;100;8,53;252;18/12/2026;1;13500000;False;PUBLICA;-
LF002500CY5;-;ITAU UNIBANCO S.A.;LF;False;0;-;DI;101;-;-;24/05/2027;60;50000;False;PUBLICA;-
LFSN21003HO;BRBITALFIX64;ITAU UNIBANCO HOLDING S.A;LFSN;False;0;-;DI;100;2;252;21/10/2031;3;400000;False;PUBLICA;-
LF002100FG3;-;BANCO SAFRA S/A;LF;False;0;-;IPCA;100;5,3;252;15/05/2035;2;50000;False;PUBLICA;-
LF0025005EN;-;ITAU UNIBANCO S.A.;LF;False;0;-;DI;101,8;-;-;15/03/2028;80;50000;False;PUBLICA;-
LF002500MWN;-;ITAU UNIBANCO S.A.;LF;False;0;-;DI;101;-;-;14/10/2027;40;50000;False;PUBLICA;-
LF0021005DL;-;BANCO SAFRA S/A;LF;False;0;-;IPCA;100;3,82;252;17/08/2026;1;50000;False;PUBLICA;-
LF002100HBV;-;BANCO SAFRA S/A;LF;False;0;-;IPCA;100;5,37;252;17/08/2026;2;50000;False;PUBLICA;-
LF002600NLQ;-;ITAU UNIBANCO S.A.;LF;False;0;-;DI;102;-;-;15/08/2029;160;50000;False;PUBLICA;-
LF0021009W3;-;BANCO SAFRA S/A;LF;False;0;-;IPCA;100;4,02;252;17/08/2026;2;67500;False;PUBLICA;-
LF0021009WB;-;BANCO SAFRA S/A;LF;False;0;-;IPCA;100;4,47;252;15/05/2035;1;50000;False;PUBLICA;-
LF002100BNP;-;BANCO SAFRA S/A;LF;False;0;-;IPCA;100;4,91;252;15/05/2035;11;50000;False;PUBLICA;-
LF0021006HB;-;BANCO SAFRA S/A;LF;False;0;-;IPCA;100;3,97;252;17/08/2026;2;87500;False;PUBLICA;-
LF002600561;-;ITAU UNIBANCO S.A.;LF;False;0;-;PREFIXADO;-;12,9;252;18/02/2030;10;50000;False;PUBLICA;-
LF002400M4P;-;BANCO SAFRA S/A;LF;False;0;-;IPCA;100;6,35;252;15/05/2029;4;54750;False;PUBLICA;-
LF002400QWK;-;BANCO SAFRA S/A;LF;False;0;-;IPCA;100;6,23;252;15/05/2045;1;50000;False;PUBLICA;-
LF002500J5Q;BRDCLSLFI1O6;BANCO MERCEDES BENZ DO BRASIL S/A;LF;False;0;-;DI;100;0,4;252;22/08/2028;7730;50000;False;PUBLICA;-
LF002100GUB;-;BANCO SAFRA S/A;LF;False;0;-;IPCA;100;5,07;252;17/08/2026;3;60000;False;PUBLICA;-
LF002100PMG;-;BANCO SAFRA S/A;LF;False;0;-;IPCA;100;5,34;252;17/08/2026;1;50000;False;PUBLICA;-
LF002100CUA;-;BANCO SAFRA S/A;LF;False;0;-;IPCA;100;4,93;252;25/08/2026;1;76000;False;PUBLICA;-
LF002400L3W;-;ITAU UNIBANCO S.A.;LF;False;0;-;DI;102;-;-;16/08/2027;40;54625;False;PUBLICA;-
LF002400G4P;BRBSAFLNNDE9;BANCO SAFRA S/A;LF;False;0;-;DI;100;0,45;252;20/08/2026;2;50000;False;PUBLICA;-
LF002100HJ1;-;BANCO SAFRA S/A;LF;False;0;-;IPCA;100;5,46;252;17/08/2026;2;50000;False;PUBLICA;-
LF00230341I;-;ITAU UNIBANCO S.A.;LF;False;0;-;IPCA;100;5,76;252;09/05/2028;1;160000;False;PUBLICA;-
LF002100CBN;-;BANCO SAFRA S/A;LF;False;0;-;IPCA;100;4,93;252;17/08/2026;1;57000;False;PUBLICA;-
LFSN21003EI;BRBITALFIX56;ITAU UNIBANCO HOLDING S.A;LFSN;False;0;-;DI;100;2;252;22/09/2031;205;400000;False;PUBLICA;-
LF00210028K;-;BANCO SAFRA S/A;LF;False;0;-;IPCA;100;3,76;252;17/08/2026;2;50000;False;PUBLICA;-
LF002301EMJ;-;ITAU UNIBANCO S.A.;LF;False;0;-;PREFIXADO;-;14,18;252;06/03/2028;1;100000;False;PUBLICA;-
LF002500F84;BRBBNPLFIHC8;BANCO BNP PARIBAS BRASIL S/A;LF;False;0;-;DI;100;0,3;252;01/07/2027;408;50000;False;PUBLICA;-
LF002600DTG;-;ITAU UNIBANCO S.A.;LF;False;0;-;DI;101,5;-;-;07/05/2031;2000;50000;False;PUBLICA;-
LF002100GDE;-;BANCO SAFRA S/A;LF;False;0;-;IPCA;100;5,06;252;17/08/2026;1;50000;False;PUBLICA;-
LFSC23006SH;BRITUBLFI1R3;ITAU UNIBANCO HOLDING S.A;LFSC;False;0;-;DI;100;1,9;252;09/11/9999;6;350000;False;PUBLICA;-
LF002100CC3;-;BANCO SAFRA S/A;LF;False;0;-;IPCA;100;4,93;252;17/08/2026;1;50000;False;PUBLICA;-
LF002400PIL;-;ITAU UNIBANCO S.A.;LF;False;0;-;DI;102;-;-;15/10/2027;30;50000;False;PUBLICA;-
LF002100PFT;-;BANCO SAFRA S/A;LF;False;0;-;IPCA;100;5,42;252;15/12/2031;2;50000;False;PUBLICA;-
LF002100IDK;-;BANCO SAFRA S/A;LF;False;0;-;IPCA;100;5,93;252;25/10/2027;1;52000;False;PUBLICA;-
LF002400UH7;-;ITAU UNIBANCO S.A.;LF;False;0;-;DI;102;-;-;16/11/2027;7;50000;False;PUBLICA;-
LF00210089E;-;BANCO SAFRA S/A;LF;False;0;-;IPCA;100;4,28;252;17/08/2026;1;70000;False;PUBLICA;-
LF0021004OS;-;BANCO SAFRA S/A;LF;False;0;-;IPCA;100;4,17;252;17/08/2026;1;50000;False;PUBLICA;-
LF002400TUW;-;ITAU UNIBANCO S.A.;LF;False;0;-;DI;102;-;-;16/11/2027;669;50000,56;False;PUBLICA;-
LF002400MKU;-;BANCO SAFRA S/A;LF;False;0;-;DI;102,75;-;-;24/08/2026;1;50000;False;PUBLICA;-
LFSN21003T2;BRBITALFIXI6;ITAU UNIBANCO HOLDING S.A;LFSN;False;0;-;DI;100;2;252;22/09/2031;27;400000;False;PUBLICA;-
LF002100NX4;BRBSAFLFEY38;BANCO SAFRA S/A;LF;False;0;-;IPCA;100;5,37;252;17/08/2026;10;58000;False;PUBLICA;-
LF002100BWR;-;BANCO SAFRA S/A;LF;False;0;-;IPCA;100;4,81;252;17/08/2026;10;50000;False;PUBLICA;-
LF002400R7H;-;ITAU UNIBANCO S.A.;LF;False;0;-;DI;102;-;-;15/10/2027;400;50000;False;PUBLICA;-
LFSN22009KS;-;BANCO SAFRA S/A;LFSN;False;0;-;IPCA;-;8;252;21/07/2032;2;500000;False;PUBLICA;-
LF002305YO0;-;ITAU UNIBANCO S.A.;LF;False;0;-;IPCA;100;5,42;252;10/08/2033;1;4612117;False;PUBLICA;-
LF002400PCT;-;ITAU UNIBANCO S.A.;LF;False;0;-;DI;102;-;-;15/10/2027;14;52708,39;False;PUBLICA;-
LF002400OKI;-;ITAU UNIBANCO S.A.;LF;False;0;-;DI;102;-;-;15/09/2027;1500;50000;False;PUBLICA;-
LF002100968;-;BANCO SAFRA S/A;LF;False;0;-;IPCA;100;4,15;252;17/08/2026;1;95000;False;PUBLICA;-
LF002400MKT;-;BANCO SAFRA S/A;LF;False;0;-;IPCA;100;6,27;252;15/05/2029;3;50000;False;PUBLICA;-
LF0026006VD;-;ITAU UNIBANCO S.A.;LF;False;0;-;DI;101,5;-;-;06/03/2028;24;50000;False;PUBLICA;-
LF002400G3U;BRBSAFLNNDE9;BANCO SAFRA S/A;LF;False;0;-;DI;100;0,45;252;20/08/2026;27;50000;False;PUBLICA;-
LF002400G4O;BRBSAFLNNDE9;BANCO SAFRA S/A;LF;False;0;-;DI;100;0,45;252;20/08/2026;4702;50000;False;PUBLICA;-
LF002100HIY;-;BANCO SAFRA S/A;LF;False;0;-;IPCA;100;5,46;252;17/08/2026;3;50000;False;PUBLICA;-
LF002307EOB;-;BANCO SAFRA S/A;LF;False;0;-;PREFIXADO;-;11,04;252;24/09/2029;1;50000;False;PUBLICA;-
LF002200PES;-;ITAU UNIBANCO S.A.;LF;False;0;-;PREFIXADO;-;12,18;252;03/11/2026;1;2500000;False;PUBLICA;-
LF002500H1I;-;ITAU UNIBANCO S.A.;LF;False;0;-;IPCA;100;8,21;252;31/07/2028;2;57500;False;PUBLICA;-
LFSC22002MQ;BRITUBLFI1L6;ITAU UNIBANCO HOLDING S.A;LFSC;False;0;-;DI;100;2,4;252;28/09/9999;5;300000;False;PUBLICA;-
LFSN21003NR;BRBITALFIXG0;ITAU UNIBANCO HOLDING S.A;LFSN;False;0;-;DI;100;2;252;21/10/2031;2;400000;False;PUBLICA;-
LF002400LQE;-;ITAU UNIBANCO S.A.;LF;False;0;-;DI;102;-;-;16/08/2027;105;50000;False;PUBLICA;-
LF00220071C;-;BANCO SAFRA S/A;LF;False;0;-;IPCA;100;5,8;252;17/08/2026;2;56000;False;PUBLICA;-
LF002500NOA;BRJDEELFI0R9;BANCO JOHN DEERE S.A.;LF;False;0;-;DI;100;0,4;252;24/10/2028;56;50056,7319;False;PUBLICA;-
LF002400KHJ;-;ITAU UNIBANCO S.A.;LF;False;0;-;DI;102;-;-;16/08/2027;500;61922;False;PUBLICA;-
LF002100IDU;-;BANCO SAFRA S/A;LF;False;0;-;IPCA;100;5,93;252;25/10/2027;4;50000;False;PUBLICA;-
LF002400H4O;-;BANCO SAFRA S/A;LF;False;0;-;IPCA;100;6,31;252;15/05/2029;4;50000;False;PUBLICA;-
LF002500MWS;BRNUFNLFI765;NU FINANCEIRA SA SOCIEDADE DE CREDITO FINANCIAMENTO E INVESTIMENTO;LF;False;0;-;DI;100;0,47;252;25/10/2027;13387;50000;False;PUBLICA;-
LF002500AEU;-;ITAU UNIBANCO S.A.;LF;False;0;-;DI;101;-;-;15/05/2028;280;50000;False;PUBLICA;-
LF00250053F;-;ITAU UNIBANCO S.A.;LF;False;0;-;DI;101,5;-;-;15/03/2028;15;52089,83;False;PUBLICA;-
LF0023000H4;BRBSAFLNN9I6;BANCO SAFRA S/A;LF;False;0;-;IPCA;100;7,13;252;07/01/2030;2;100000;False;PUBLICA;-
LF002200903;-;BANCO SAFRA S/A;LF;False;0;-;IPCA;100;5,92;252;17/08/2026;1;74000;False;PUBLICA;-
LF002100EFD;-;BANCO SAFRA S/A;LF;False;0;-;IPCA;100;4,91;252;17/08/2026;1;50000;False;PUBLICA;-
LF002100952;-;BANCO SAFRA S/A;LF;False;0;-;IPCA;100;4,16;252;17/08/2026;2;50000;False;PUBLICA;-
LF0021003PD;-;BANCO SAFRA S/A;LF;False;0;-;IPCA;100;4,79;252;26/03/2031;4;50000;False;PUBLICA;-
LF0022007TQ;-;BANCO SAFRA S/A;LF;False;0;-;IPCA;100;6,3;252;15/05/2035;1;55889,8;False;PUBLICA;-
LF002600JIO;-;ITAU UNIBANCO S.A.;LF;False;0;-;DI;102;-;-;16/07/2029;1240;50054,58;False;PUBLICA;-
LF0021005IL;-;BANCO SAFRA S/A;LF;False;0;-;IPCA;100;4,53;252;15/05/2035;1;78000;False;PUBLICA;-
LF0021003J4;-;BANCO SAFRA S/A;LF;False;0;-;IPCA;100;4,12;252;17/08/2026;1;55000;False;PUBLICA;-
LF002100BVV;-;BANCO SAFRA S/A;LF;False;0;-;IPCA;100;5,3;252;13/08/2026;2;50000;False;PUBLICA;-
LF002400UD7;-;ITAU UNIBANCO S.A.;LF;False;0;-;DI;102;-;-;16/11/2027;40;54925;False;PUBLICA;-
LF0021008Q1;-;BANCO SAFRA S/A;LF;False;0;-;IPCA;100;4,2;252;17/08/2026;1;50000;False;PUBLICA;-
LF002200FMU;-;BANCO SAFRA S/A;LF;False;0;-;IPCA;100;6,13;252;15/05/2035;2;50000;False;PUBLICA;-
LF002100IRC;-;BANCO SAFRA S/A;LF;False;0;-;IPCA;100;5,85;252;17/08/2026;1;52000;False;PUBLICA;-
LF00250053E;-;ITAU UNIBANCO S.A.;LF;False;0;-;PREFIXADO;-;14,67;252;17/02/2027;1;120000;False;PUBLICA;-
LFSN21001WU;-;BANCO SAFRA S/A;LFSN;False;0;-;IPCA;-;5,32;252;12/06/2028;1;745000;False;PUBLICA;-
LF002400GVY;-;ITAU UNIBANCO S.A.;LF;False;0;-;DI;102;-;-;15/07/2027;48;50000;False;PUBLICA;-
LF002500N9C;BRMCSFLFI160;MERCADO CREDITO SOCIEDADE DE CREDITO FINANCIAMENTO E INVESTIMENTO SA;LF;False;0;-;DI;100;0,45;252;31/10/2027;10000;50000;False;PUBLICA;-
LF002100IY1;-;BANCO SAFRA S/A;LF;False;0;-;IPCA;100;5,89;252;17/08/2026;10;50000;False;PUBLICA;-
LF002100F97;-;BANCO SAFRA S/A;LF;False;0;-;IPCA;100;5,05;252;17/08/2026;1;50000;False;PUBLICA;-
LF002300DL3;-;ITAU UNIBANCO S.A.;LF;False;0;-;PREFIXADO;-;13,99;252;26/01/2033;1;50000;False;PUBLICA;-
LF002400G1C;-;ITAU UNIBANCO S.A.;LF;False;0;-;PREFIXADO;-;12,44;252;19/06/2029;1;5900000;False;PUBLICA;-
LF0021006W8;-;BANCO SAFRA S/A;LF;False;0;-;IPCA;100;5,25;252;30/05/2030;3;67000;False;PUBLICA;-
LFSN220086M;-;BANCO SAFRA S/A;LFSN;False;0;-;PREFIXADO;-;14,05;252;09/06/2032;1;500000;False;PUBLICA;-
LF002400G14;-;ITAU UNIBANCO S.A.;LF;False;0;-;IPCA;100;6,54;252;21/06/2027;1;2000000;False;PUBLICA;-
LF002100G2R;-;BANCO SAFRA S/A;LF;False;0;-;IPCA;100;5,06;252;17/08/2026;1;50000;False;PUBLICA;-
LF002400LCT;-;ITAU UNIBANCO S.A.;LF;False;0;-;DI;102;-;-;16/08/2027;1000;76433;False;PUBLICA;-
LF002100IXW;-;BANCO SAFRA S/A;LF;False;0;-;IPCA;100;5,89;252;17/08/2026;4;50000;False;PUBLICA;-
LF002600N8T;-;ITAU UNIBANCO S.A.;LF;False;0;-;DI;101;-;-;15/08/2029;107;50000,77;False;PUBLICA;-
LF002100GVE;-;BANCO SAFRA S/A;LF;False;0;-;IPCA;100;5,07;252;17/08/2026;1;64000;False;PUBLICA;-
LF0022009R9;-;BANCO SAFRA S/A;LF;False;0;-;IPCA;100;5,86;252;31/03/2032;1;55000;False;PUBLICA;-
LF002305FOJ;-;BANCO BRADESCO S/A;LF;False;0;-;IPCA;100;5,04;252;15/05/2035;6;60000;False;PUBLICA;-
LF0026004GC;-;ITAU UNIBANCO S.A.;LF;False;0;-;DI;101,5;-;-;15/02/2029;320;50062,5;False;PUBLICA;-
LF0022001O1;-;BANCO SAFRA S/A;LF;False;0;-;IPCA;100;5,74;252;17/08/2026;1;50000;False;PUBLICA;-
LF002100N34;BRBSAFLFER45;BANCO SAFRA S/A;LF;False;0;-;IPCA;100;5,44;252;17/08/2026;1;50000;False;PUBLICA;-
LF002100DJN;-;BANCO SAFRA S/A;LF;False;0;-;IPCA;100;4,84;252;17/08/2026;1;50000;False;PUBLICA;-
LF002100ER3;-;BANCO SAFRA S/A;LF;False;0;-;IPCA;100;4,99;252;17/08/2026;6;50000;False;PUBLICA;-
LF002400JG7;-;ITAU UNIBANCO S.A.;LF;False;0;-;DI;102;-;-;16/08/2027;70;50000;False;PUBLICA;-
LF0021001ZF;BRBSAFLTFIU7;BANCO SAFRA S/A;LF;False;0;-;IPCA;100;3,63;252;17/08/2026;3;50000;False;PUBLICA;-
LFSC22002SQ;BRITUBLFI1M4;ITAU UNIBANCO HOLDING S.A;LFSC;False;0;-;DI;100;2,4;252;29/09/9999;2;300000;False;PUBLICA;-
LF002400OR1;BRMCSFLFI0W8;MERCADO CREDITO SOCIEDADE DE CREDITO FINANCIAMENTO E INVESTIMENTO SA;LF;False;0;-;DI;100;0,6;252;12/09/2027;10000;50000;False;PUBLICA;-
LF0021002B2;-;BANCO SAFRA S/A;LF;False;0;-;IPCA;100;4,51;252;04/03/2027;2;50000;False;PUBLICA;-
LF0021008PR;-;BANCO SAFRA S/A;LF;False;0;-;IPCA;100;4,2;252;17/08/2026;45;50297,2;False;PUBLICA;-
LF0023020JB;-;ITAU UNIBANCO S.A.;LF;False;0;-;IPCA;100;6,1;252;27/03/2028;1;870000;False;PUBLICA;-
LF002100CF7;-;BANCO SAFRA S/A;LF;False;0;-;IPCA;100;5,16;252;17/08/2026;1;50000;False;PUBLICA;-
LF0022000MF;-;BANCO SAFRA S/A;LF;False;0;-;IPCA;100;5,76;252;17/08/2026;4;50000;False;PUBLICA;-
LF0025003FY;-;ITAU UNIBANCO S.A.;LF;False;0;-;DI;102;-;-;23/01/2030;40;50000;False;PUBLICA;-
LF0024013VX;-;ITAU UNIBANCO S.A.;LF;False;0;-;PREFIXADO;-;15,56;252;28/12/2026;1;50000;False;PUBLICA;-
LF0021009NP;-;BANCO SAFRA S/A;LF;False;0;-;IPCA;100;4,14;252;17/08/2026;6;50000;False;PUBLICA;-
LF002100F5I;-;BANCO SAFRA S/A;LF;False;0;-;IPCA;100;5,26;252;15/05/2035;1;50000;False;PUBLICA;-
LF002200IV2;-;BANCO SAFRA S/A;LF;False;0;-;PREFIXADO;-;13,39;252;30/06/2027;18;50000;False;PUBLICA;-
LF0024013QX;-;ITAU UNIBANCO S.A.;LF;False;0;-;DI;102;-;-;23/12/2026;190;50000;False;PUBLICA;-
LF002200CXO;-;BANCO SAFRA S/A;LF;False;0;-;IPCA;100;6,04;252;15/05/2035;4;50000;False;PUBLICA;-
LF002100BWJ;-;BANCO SAFRA S/A;LF;False;0;-;IPCA;100;4,8;252;17/08/2026;1;50000;False;PUBLICA;-
LF002400OHV;-;ITAU UNIBANCO S.A.;LF;False;0;-;DI;102;-;-;09/09/2026;662;50000;False;PUBLICA;-
LF002100C53;-;BANCO SAFRA S/A;LF;False;0;-;IPCA;100;4,87;252;17/08/2026;5;50000;False;PUBLICA;-
LF002400NN4;-;ITAU UNIBANCO S.A.;LF;False;0;-;DI;101;-;-;02/09/2026;22;50000;False;PUBLICA;-
LF002307TN2;BRBSAFLNNAY3;BANCO SAFRA S/A;LF;False;0;-;DI;107,2;-;-;13/10/2026;2;50000;False;PUBLICA;-
LFSC22002DB;BRITUBLFI1J0;ITAU UNIBANCO HOLDING S.A;LFSC;False;0;-;DI;100;2,4;252;26/09/9999;5;300000;False;PUBLICA;-
LF0022000K6;-;BANCO SAFRA S/A;LF;False;0;-;IPCA;100;5,78;252;17/08/2026;2;62500;False;PUBLICA;-
LF002100D1A;-;BANCO SAFRA S/A;LF;False;0;-;IPCA;100;4,73;252;17/08/2026;6;50000;False;PUBLICA;-
LFSC23006TL;BRITUBLFI1R3;ITAU UNIBANCO HOLDING S.A;LFSC;False;0;-;DI;100;1,9;252;09/11/9999;47;350000;False;PUBLICA;-
LF002100FNC;-;BANCO SAFRA S/A;LF;False;0;-;IPCA;100;5,32;252;30/09/2026;20;50000;False;PUBLICA;-
LF002400NTM;-;ITAU UNIBANCO S.A.;LF;False;0;-;DI;102;-;-;15/09/2027;752;50000;False;PUBLICA;-
LFSC220028K;BRITUBLFI1H4;ITAU UNIBANCO HOLDING S.A;LFSC;False;0;-;DI;100;2,4;252;22/09/9999;20;300000;False;PUBLICA;-
LFSN21002Q0;-;BANCO SAFRA S/A;LFSN;False;0;-;IPCA;-;5,73;252;14/08/2028;1;629000;False;PUBLICA;-
LF002100EZ6;-;BANCO SAFRA S/A;LF;False;0;-;IPCA;100;4,88;252;17/08/2026;2;50000;False;PUBLICA;-
LF002306QFX;-;BANCO BRADESCO S/A;LF;False;0;-;IPCA;100;4,86;252;04/09/2026;4;50000;False;PUBLICA;-
LF002400H0L;-;BANCO SAFRA S/A;LF;False;0;-;IPCA;100;6,29;252;15/05/2045;1;50000;False;PUBLICA;-
LF002100950;-;BANCO SAFRA S/A;LF;False;0;-;IPCA;100;4,16;252;17/08/2026;1;50000;False;PUBLICA;-
LF002500CKZ;-;ITAU UNIBANCO S.A.;LF;False;0;-;IPCA;100;8,34;252;17/05/2027;30;50000;False;PUBLICA;-
LF002100LHN;-;BANCO SAFRA S/A;LF;False;0;-;IPCA;100;5,6;252;17/08/2026;1;50000;False;PUBLICA;-
LF002100F4E;-;BANCO SAFRA S/A;LF;False;0;-;IPCA;100;5,03;252;17/08/2026;6;50000;False;PUBLICA;-
LF002307TMY;BRBSAFLNNAY3;BANCO SAFRA S/A;LF;False;0;-;DI;107,2;-;-;13/10/2026;3;50000;False;PUBLICA;-
LF00210089Q;-;BANCO SAFRA S/A;LF;False;0;-;IPCA;100;4,28;252;17/08/2026;1;1007872,04;False;PUBLICA;-
LF00250052Q;-;ITAU UNIBANCO S.A.;LF;False;0;-;DI;101,8;-;-;15/03/2028;25;50000;False;PUBLICA;-
LF002400JG0;-;ITAU UNIBANCO S.A.;LF;False;0;-;DI;102;-;-;16/08/2027;20;53550;False;PUBLICA;-
LF002308J9H;BRBPANLFIBV3;BANCO PAN S/A;LF;False;0;-;DI;100;1,1;252;22/12/2027;367;50000;False;PUBLICA;-
LF0021008SM;-;BANCO SAFRA S/A;LF;False;0;-;IPCA;100;4,1;252;17/08/2026;1;273000;False;PUBLICA;-
LF002400OHQ;-;ITAU UNIBANCO S.A.;LF;False;0;-;DI;102;-;-;10/09/2026;275;100000;False;PUBLICA;-
LF002400J58;-;BANCO SAFRA S/A;LF;False;0;-;IPCA;100;6,03;252;15/05/2045;1;73775,99;False;PUBLICA;-
LF002400S4X;-;ITAU UNIBANCO S.A.;LF;False;0;-;DI;102;-;-;15/10/2027;400;50000;False;PUBLICA;-
LF002600NFD;-;ITAU UNIBANCO S.A.;LF;False;0;-;DI;101,5;-;-;15/08/2029;60;50000;False;PUBLICA;-
LF0021006CO;-;BANCO SAFRA S/A;LF;False;0;-;IPCA;100;3,92;252;17/08/2026;2;60000;False;PUBLICA;-
LF002600ENW;BRBPSALFI0H2;STELLANTIS FINANCIAMENTOS SOCIEDADE DE CREDITO FINANCIAMENTO E INVESTIMENTO S.A.;LF;False;0;-;DI;100;0,7;252;15/05/2030;60;50000;False;PUBLICA;-
LF002100EO7;-;BANCO SAFRA S/A;LF;False;0;-;IPCA;100;4,91;252;17/08/2026;22;52000;False;PUBLICA;-
LF002100HPC;-;BANCO SAFRA S/A;LF;False;0;-;IPCA;100;5,55;252;17/08/2026;2;50000;False;PUBLICA;-
LF002100E36;-;BANCO SAFRA S/A;LF;False;0;-;IPCA;100;5,12;252;17/08/2026;2;50000;False;PUBLICA;-
LF002303EP6;-;ITAU UNIBANCO S.A.;LF;False;0;-;PREFIXADO;-;12,44;252;23/05/2033;1;237000;False;PUBLICA;-
LF002600EM3;-;ITAU UNIBANCO S.A.;LF;False;0;-;DI;101,5;-;-;14/05/2030;1;554873;False;PUBLICA;-
LF002100EEW;-;BANCO SAFRA S/A;LF;False;0;-;IPCA;100;4,91;252;17/08/2026;9;52444,444445;False;PUBLICA;-
LF002100HII;-;BANCO SAFRA S/A;LF;False;0;-;IPCA;100;5,46;252;17/08/2026;3;50000;False;PUBLICA;-
LF002100EEO;-;BANCO SAFRA S/A;LF;False;0;-;IPCA;100;4,91;252;17/08/2026;1;52000;False;PUBLICA;-
LF002400XHB;-;ITAU UNIBANCO S.A.;LF;False;0;-;IPCA;100;7,01;252;27/11/2028;16;58750;False;PUBLICA;-
LF0025004C8;-;ITAU UNIBANCO S.A.;LF;False;0;-;IPCA;100;7,88;252;04/02/2030;2;50000;False;PUBLICA;-
LF002200JKL;-;BANCO SAFRA S/A;LF;False;0;-;IPCA;100;6,5;252;17/08/2026;11;54000;False;PUBLICA;-
LF002100CGJ;-;BANCO SAFRA S/A;LF;False;0;-;IPCA;100;5,17;252;17/08/2026;2;50000;False;PUBLICA;-
LF002400KXB;-;ITAU UNIBANCO S.A.;LF;False;0;-;DI;102;-;-;16/08/2027;158;50000;False;PUBLICA;-
LF002100J9L;-;BANCO SAFRA S/A;LF;False;0;-;IPCA;100;6,01;252;17/08/2026;1;50000;False;PUBLICA;-
LF0025003VG;-;ITAU UNIBANCO S.A.;LF;False;0;-;DI;102;-;-;15/02/2028;77;50235,16;False;PUBLICA;-
LF002100CLX;-;BANCO SAFRA S/A;LF;False;0;-;IPCA;100;5,02;252;17/08/2026;2;50000;False;PUBLICA;-
LF002100DMY;-;BANCO SAFRA S/A;LF;False;0;-;IPCA;100;4,81;252;02/09/2026;1;50000;False;PUBLICA;-
LF002400X8S;-;ITAU UNIBANCO S.A.;LF;False;0;-;DI;102;-;-;16/11/2027;120;50000;False;PUBLICA;-
LF002400K5X;-;ITAU UNIBANCO S.A.;LF;False;0;-;DI;102;-;-;16/08/2027;100;53200;False;PUBLICA;-
LF002100FRL;-;BANCO SAFRA S/A;LF;False;0;-;IPCA;100;5,05;252;17/08/2026;2;50000;False;PUBLICA;-
LF0026003I5;-;ITAU UNIBANCO S.A.;LF;False;0;-;DI;101,5;-;-;31/01/2028;16;58625;False;PUBLICA;-
LF0021009Q3;-;BANCO SAFRA S/A;LF;False;0;-;IPCA;100;4,14;252;17/08/2026;1;57000;False;PUBLICA;-
LF002100QMY;-;BANCO SAFRA S/A;LF;False;0;-;IPCA;100;5,39;252;17/08/2026;1;50000;False;PUBLICA;-
LF002400O7L;-;BANCO SAFRA S/A;LF;False;0;-;IPCA;100;6,26;252;06/09/2045;14;50000;False;PUBLICA;-
LF002100DMX;-;BANCO SAFRA S/A;LF;False;0;-;IPCA;100;4,81;252;02/09/2026;6;50000;False;PUBLICA;-
LF002100NII;BRBSAFLFEUD0;BANCO SAFRA S/A;LF;False;0;-;IPCA;100;5,46;252;17/08/2026;7;53571,428572;False;PUBLICA;-
LF002100C5D;-;BANCO SAFRA S/A;LF;False;0;-;IPCA;100;4,87;252;17/08/2026;1;534000;False;PUBLICA;-
LF0022004TQ;BRBSAFLNN2L5;BANCO SAFRA S/A;LF;False;0;-;DI;100;1,35;252;10/02/2027;3;50000;False;PUBLICA;-
LF002100NX6;BRBSAFLFEXG7;BANCO SAFRA S/A;LF;False;0;-;IPCA;100;5,37;252;17/08/2026;3;50000;False;PUBLICA;-
LF002400RTE;-;ITAU UNIBANCO S.A.;LF;False;0;-;DI;102;-;-;15/10/2027;200;51285;False;PUBLICA;-
LF002100GX6;-;BANCO SAFRA S/A;LF;False;0;-;IPCA;100;5,05;252;17/08/2026;2;50000;False;PUBLICA;-
LF0021004A4;-;BANCO SAFRA S/A;LF;False;0;-;IPCA;100;4,09;252;17/08/2026;8;71375;False;PUBLICA;-
LFSC220028B;BRITUBLFI1H4;ITAU UNIBANCO HOLDING S.A;LFSC;False;0;-;DI;100;2,4;252;22/09/9999;64;300000;False;PUBLICA;-
LF002400MYO;-;ITAU UNIBANCO S.A.;LF;False;0;-;DI;102;-;-;15/09/2027;40;50000;False;PUBLICA;-
LF002400E8Z;-;BANCO SAFRA S/A;LF;False;0;-;IPCA;100;6,06;252;15/05/2045;4;60250;False;PUBLICA;-
LF0021003RM;-;BANCO SAFRA S/A;LF;False;0;-;IPCA;100;3,99;252;17/08/2026;1;56000;False;PUBLICA;-
LF0022008GH;-;BANCO SAFRA S/A;LF;False;0;-;IPCA;100;6,57;252;17/03/2032;2;50000;False;PUBLICA;-
LF002400AWQ;-;ITAU UNIBANCO S.A.;LF;False;0;-;DI;103;-;-;17/05/2027;280;50000;False;PUBLICA;-
LF002100I3E;-;BANCO SAFRA S/A;LF;False;0;-;IPCA;100;5,81;252;15/05/2035;1;50000;False;PUBLICA;-
LF002302UBM;-;ITAU UNIBANCO S.A.;LF;False;0;-;PREFIXADO;-;12,49;252;26/04/2028;1;250000;False;PUBLICA;-
LF002100HCD;-;BANCO SAFRA S/A;LF;False;0;-;IPCA;100;5,37;252;17/08/2026;1;50000;False;PUBLICA;-
LF002306RU2;-;BANCO BRADESCO S/A;LF;False;0;-;PREFIXADO;-;10,93;252;05/09/2028;5;50000;False;PUBLICA;-
LFSN2200DQP;-;BANCO SAFRA S/A;LFSN;False;0;-;PREFIXADO;-;16,09;252;23/11/2032;2;557500;False;PUBLICA;-
LF0024000YU;-;BANCO SAFRA S/A;LF;False;0;-;DI;105;-;-;11/01/2027;13;50846,153847;False;PUBLICA;-
LF002100IYQ;-;BANCO SAFRA S/A;LF;False;0;-;IPCA;100;5,89;252;17/08/2026;3;50000;False;PUBLICA;-
LF002600ENV;BRBPSALFI0G4;STELLANTIS FINANCIAMENTOS SOCIEDADE DE CREDITO FINANCIAMENTO E INVESTIMENTO S.A.;LF;False;0;-;DI;100;0,6;252;15/05/2029;3680;50000;False;PUBLICA;-
LF00250052R;-;ITAU UNIBANCO S.A.;LF;False;0;-;DI;101,8;-;-;15/03/2028;746;50026,03;False;PUBLICA;-
LF0021002ZD;-;BANCO SAFRA S/A;LF;False;0;-;IPCA;100;3,6;252;17/08/2026;20;50000;False;PUBLICA;-
LF002100FK3;-;BANCO SAFRA S/A;LF;False;0;-;IPCA;100;5,01;252;17/08/2026;1;50000;False;PUBLICA;-
LF0021001MN;BRBSAFLTFDX2;BANCO SAFRA S/A;LF;False;0;-;IPCA;100;3,36;252;17/08/2026;17;80000;False;PUBLICA;-
LF0024002DJ;-;BANCO SAFRA S/A;LF;False;0;-;DI;106;-;-;19/01/2027;364;50115,212665;False;PUBLICA;-
LF002400HYN;-;BANCO SAFRA S/A;LF;False;0;-;IPCA;100;6,26;252;15/05/2045;1;50000;False;PUBLICA;-
LF002100GQN;-;BANCO SAFRA S/A;LF;False;0;-;IPCA;100;5,08;252;17/08/2026;1;50000;False;PUBLICA;-
LFSC23006SO;BRITUBLFI1R3;ITAU UNIBANCO HOLDING S.A;LFSC;False;0;-;DI;100;1,9;252;09/11/9999;3;350000;False;PUBLICA;-
LF002100AXJ;-;BANCO SAFRA S/A;LF;False;0;-;IPCA;100;4,57;252;17/08/2026;5;50000;False;PUBLICA;-
LF002500CKY;-;ITAU UNIBANCO S.A.;LF;False;0;-;DI;101;-;-;15/05/2028;20;50000;False;PUBLICA;-
LF002400M4O;-;BANCO SAFRA S/A;LF;False;0;-;IPCA;100;6,35;252;15/05/2029;3;53333,333334;False;PUBLICA;-
LF002500DV5;-;ITAU UNIBANCO S.A.;LF;False;0;-;PREFIXADO;-;14,2;252;07/06/2027;140;50000;False;PUBLICA;-
LF002200DFC;-;BANCO SAFRA S/A;LF;False;0;-;IPCA;100;5,89;252;17/08/2026;2;50000;False;PUBLICA;-
LF002100FRV;-;BANCO SAFRA S/A;LF;False;0;-;IPCA;100;5,05;252;17/08/2026;10;50000;False;PUBLICA;-
LFSC23006TK;BRITUBLFI1R3;ITAU UNIBANCO HOLDING S.A;LFSC;False;0;-;DI;100;1,9;252;09/11/9999;4;350000;False;PUBLICA;-
LF002100GY6;-;BANCO SAFRA S/A;LF;False;0;-;IPCA;100;5,17;252;14/10/2026;20;50000;False;PUBLICA;-
LF002100F4D;-;BANCO SAFRA S/A;LF;False;0;-;IPCA;100;5,03;252;17/08/2026;1;50000;False;PUBLICA;-
LF002100MHX;BRBSAFLFENH6;BANCO SAFRA S/A;LF;False;0;-;IPCA;100;5,57;252;17/08/2026;2;50000;False;PUBLICA;-
LF002100QSO;-;BANCO SAFRA S/A;LF;False;0;-;IPCA;100;5,42;252;17/08/2026;2;53500;False;PUBLICA;-
LF002400ML7;-;ITAU UNIBANCO S.A.;LF;False;0;-;DI;102;-;-;20/08/2027;2200;50000;False;PUBLICA;-
LF002500939;-;ITAU UNIBANCO S.A.;LF;False;0;-;PREFIXADO;-;14,9;252;01/04/2027;8;60625;False;PUBLICA;-
LF002400BAO;-;ITAU UNIBANCO S.A.;LF;False;0;-;DI;103;-;-;17/05/2027;1200;50000;False;PUBLICA;-
LF002100OHH;-;BANCO SAFRA S/A;LF;False;0;-;IPCA;100;5,32;252;17/08/2026;1;50000;False;PUBLICA;-
LF0021007MV;-;BANCO SAFRA S/A;LF;False;0;-;IPCA;100;4,66;252;16/06/2031;2;50000;False;PUBLICA;-
LF0026004U6;-;ITAU UNIBANCO S.A.;LF;False;0;-;DI;101,5;-;-;15/02/2029;544;50000;False;PUBLICA;-
LF002200FLX;-;BANCO SAFRA S/A;LF;False;0;-;IPCA;100;6,81;252;31/05/2032;4;50000;False;PUBLICA;-
LF00210085H;-;BANCO SAFRA S/A;LF;False;0;-;IPCA;100;4,26;252;17/08/2026;1;972000;False;PUBLICA;-
LF002100ARH;-;BANCO SAFRA S/A;LF;False;0;-;IPCA;100;4,39;252;17/08/2026;1;50000;False;PUBLICA;-
LF002500938;-;ITAU UNIBANCO S.A.;LF;False;0;-;PREFIXADO;-;14,73;252;02/04/2027;1;1258000;False;PUBLICA;-
LF002500LGL;-;ITAU UNIBANCO S.A.;LF;False;0;-;DI;101;-;-;23/09/2027;1;133470000;False;PUBLICA;-
LFSN2200CYQ;-;BANCO SAFRA S/A;LFSN;False;0;-;DI;113,25;-;-;12/11/2029;5;400000;False;PUBLICA;-
LF002600MGS;-;ITAU UNIBANCO S.A.;LF;False;0;-;DI;101;-;-;15/02/2029;236;50000;False;PUBLICA;-
LF002600NBP;-;ITAU UNIBANCO S.A.;LF;False;0;-;DI;101,5;-;-;15/08/2029;400;50000;False;PUBLICA;-
LFSN21003KK;BRBITALFIX80;ITAU UNIBANCO HOLDING S.A;LFSN;False;0;-;DI;100;2;252;22/09/2031;79;400000;False;PUBLICA;-
LF002100NTQ;BRBSAFLFEX21;BANCO SAFRA S/A;LF;False;0;-;IPCA;100;5,52;252;17/08/2026;2;50000;False;PUBLICA;-
LF0021006UV;-;BANCO SAFRA S/A;LF;False;0;-;IPCA;100;4,82;252;02/06/2031;1;50000;False;PUBLICA;-
LF0025005BM;-;ITAU UNIBANCO S.A.;LF;False;0;-;DI;101,8;-;-;15/03/2028;10;54500;False;PUBLICA;-
LF002400LT0;-;ITAU UNIBANCO S.A.;LF;False;0;-;DI;102;-;-;16/08/2027;100;50000;False;PUBLICA;-
LFSN21001Q0;BRBSAFLFNNU0;BANCO SAFRA S/A;LFSN;False;0;-;IPCA;-;6;252;17/05/2028;3;1000000;False;PUBLICA;-
LF0022007JG;-;BANCO SAFRA S/A;LF;False;0;-;IPCA;100;6,11;252;17/08/2026;1;50000;False;PUBLICA;-
LF0021006J4;-;BANCO SAFRA S/A;LF;False;0;-;IPCA;100;3,9;252;17/08/2026;1;60000;False;PUBLICA;-
LF002400BS5;-;ITAU UNIBANCO S.A.;LF;False;0;-;DI;103;-;-;17/05/2027;60;50000;False;PUBLICA;-
LF0026009Y8;-;ITAU UNIBANCO S.A.;LF;False;0;-;DI;101;-;-;06/04/2028;8;53750;False;PUBLICA;-
LF002100IKB;-;BANCO SAFRA S/A;LF;False;0;-;IPCA;100;5,82;252;17/08/2026;1;50000;False;PUBLICA;-
LF002100FNO;-;BANCO SAFRA S/A;LF;False;0;-;IPCA;100;5,26;252;15/05/2035;1;50000;False;PUBLICA;-
LF002100H81;-;BANCO SAFRA S/A;LF;False;0;-;IPCA;100;5,5;252;15/05/2035;1;50000;False;PUBLICA;-
LF002100CLV;-;BANCO SAFRA S/A;LF;False;0;-;IPCA;100;5,02;252;17/08/2026;1;50000;False;PUBLICA;-
LF0023000J8;-;ITAU UNIBANCO S.A.;LF;False;0;-;PREFIXADO;-;13,67;252;06/01/2028;1;195000;False;PUBLICA;-
LFSC22002DA;BRITUBLFI1J0;ITAU UNIBANCO HOLDING S.A;LFSC;False;0;-;DI;100;2,4;252;26/09/9999;97;300000;False;PUBLICA;-
LF002100HJX;-;BANCO SAFRA S/A;LF;False;0;-;IPCA;100;5,46;252;17/08/2026;2;66500;False;PUBLICA;-
LF002100OT5;-;BANCO SAFRA S/A;LF;False;0;-;IPCA;100;5,29;252;17/08/2026;2;50000;False;PUBLICA;-
LF002100KEJ;BRBSAFLTRBP7;BANCO SAFRA S/A;LF;False;0;-;IPCA;100;5,67;252;17/08/2026;1;50000;False;PUBLICA;-
LF0022008K3;-;BANCO SAFRA S/A;LF;False;0;-;IPCA;100;6,02;252;17/08/2026;3;66000;False;PUBLICA;-
LF002100JFR;BRBSAFLTR6X1;BANCO SAFRA S/A;LF;False;0;-;IPCA;100;5,83;252;17/08/2026;1;60000;False;PUBLICA;-
LF002400CZG;-;BANCO SAFRA S/A;LF;False;0;-;DI;101,75;-;-;14/05/2030;2;50000;False;PUBLICA;-
LF002400T8C;-;ITAU UNIBANCO S.A.;LF;False;0;-;PREFIXADO;-;13,05;252;18/10/2027;10;50000;False;PUBLICA;-
LFSC23006II;BRITUBLFI1P7;ITAU UNIBANCO HOLDING S.A;LFSC;False;0;-;DI;100;1,9;252;07/11/9999;2;350000;False;PUBLICA;-
LF002100MCQ;-;BANCO SAFRA S/A;LF;False;0;-;IPCA;100;5,57;252;17/08/2026;1;50000;False;PUBLICA;-
LF002400HFJ;-;BANCO SAFRA S/A;LF;False;0;-;PREFIXADO;-;11,84;252;03/07/2028;1;50000;False;PUBLICA;-
LF002100Q1A;-;BANCO SAFRA S/A;LF;False;0;-;IPCA;100;5,54;252;17/08/2026;5;74000;False;PUBLICA;-
LF002500AKX;-;ITAU UNIBANCO S.A.;LF;False;0;-;IPCA;100;8,55;252;19/04/2027;5;75000;False;PUBLICA;-
LFSN21003DL;BRBITALFIX31;ITAU UNIBANCO HOLDING S.A;LFSN;False;0;-;DI;100;2;252;22/09/2031;13;400000;False;PUBLICA;-
LF002100PQS;-;BANCO SAFRA S/A;LF;False;0;-;IPCA;100;5,31;252;17/08/2026;1;80000;False;PUBLICA;-
LFSC22002H0;BRITUBLFI1K8;ITAU UNIBANCO HOLDING S.A;LFSC;False;0;-;DI;100;2,4;252;27/09/9999;1;300000;False;PUBLICA;-
LF002306DXZ;-;BANCO SAFRA S/A;LF;False;0;-;DI;106,75;-;-;23/08/2027;67;50000;False;PUBLICA;-
LF002400U6H;-;ITAU UNIBANCO S.A.;LF;False;0;-;DI;102;-;-;16/11/2027;11;52515,27;False;PUBLICA;-
LF002100QYF;-;BANCO SAFRA S/A;LF;False;0;-;IPCA;100;5,46;252;30/12/2026;5;55600;False;PUBLICA;-
LF002100FZO;-;BANCO SAFRA S/A;LF;False;0;-;IPCA;100;5,85;252;05/10/2026;40;50000;False;PUBLICA;-
LF002400I7L;-;ITAU UNIBANCO S.A.;LF;False;0;-;DI;102;-;-;15/07/2027;200;50000;False;PUBLICA;-
LF002200DCJ;-;BANCO SAFRA S/A;LF;False;0;-;IPCA;100;5,87;252;17/08/2026;1;50000;False;PUBLICA;-
LF002100F96;-;BANCO SAFRA S/A;LF;False;0;-;IPCA;100;5,05;252;17/08/2026;1;50000;False;PUBLICA;-
LF00220009E;-;BANCO SAFRA S/A;LF;False;0;-;IPCA;100;5,74;252;17/08/2026;2;70000;False;PUBLICA;-
LF0021002I5;-;BANCO SAFRA S/A;LF;False;0;-;IPCA;100;3,4;252;17/08/2026;1;50000;False;PUBLICA;-
LF00210021Y;-;BANCO SAFRA S/A;LF;False;0;-;IPCA;100;3,82;252;17/08/2026;2;50000;False;PUBLICA;-
LF002400AEG;-;ITAU UNIBANCO S.A.;LF;False;0;-;DI;103;-;-;15/04/2027;200;50000;False;PUBLICA;-
LF002100G7A;-;BANCO SAFRA S/A;LF;False;0;-;IPCA;100;5,17;252;17/08/2026;2;60000;False;PUBLICA;-
LF002200IJ0;-;BANCO SAFRA S/A;LF;False;0;-;IPCA;100;5,98;252;25/06/2027;1;50000;False;PUBLICA;-
LF0021006T7;-;BANCO SAFRA S/A;LF;False;0;-;IPCA;100;3,87;252;18/08/2026;1;50000;False;PUBLICA;-
LF002400C28;-;ITAU UNIBANCO S.A.;LF;False;0;-;IPCA;100;6,03;252;30/04/2027;1;3750000;False;PUBLICA;-
LFSN21003KE;BRBITALFIX80;ITAU UNIBANCO HOLDING S.A;LFSN;False;0;-;DI;100;2;252;22/09/2031;50;400000;False;PUBLICA;-
LF0025005SH;-;ITAU UNIBANCO S.A.;LF;False;0;-;PREFIXADO;-;14,46;252;25/02/2027;1;100000;False;PUBLICA;-
LFSC22002BX;BRITUBLFI1I2;ITAU UNIBANCO HOLDING S.A;LFSC;False;0;-;DI;100;2,4;252;23/09/9999;8;300000;False;PUBLICA;-
LF002200F1P;-;BANCO SAFRA S/A;LF;False;0;-;IPCA;100;6,65;252;26/05/2032;2;50000;False;PUBLICA;-
LFSN21003TR;BRBITALFIXI6;ITAU UNIBANCO HOLDING S.A;LFSN;False;0;-;DI;100;2;252;22/09/2031;93;400000;False;PUBLICA;-
LF0022008GE;-;BANCO SAFRA S/A;LF;False;0;-;IPCA;100;6,26;252;15/05/2035;1;50000;False;PUBLICA;-
LF0022007O9;-;BANCO SAFRA S/A;LF;False;0;-;PREFIXADO;-;13,09;252;10/03/2028;1;50000;False;PUBLICA;-
LF002306TOJ;-;BANCO BRADESCO S/A;LF;False;0;-;IPCA;100;4,9;252;08/09/2026;1;50000;False;PUBLICA;-
LF002302303;-;ITAU UNIBANCO S.A.;LF;False;0;-;PREFIXADO;-;13,22;252;28/03/2028;1;200000;False;PUBLICA;-
LF002100F4U;-;BANCO SAFRA S/A;LF;False;0;-;IPCA;100;5,03;252;17/08/2026;2;50000;False;PUBLICA;-
LF002400G42;BRBSAFLNNDE9;BANCO SAFRA S/A;LF;False;0;-;DI;100;0,45;252;20/08/2026;40;50000;False;PUBLICA;-
LF002500CL4;-;ITAU UNIBANCO S.A.;LF;False;0;-;DI;101,5;-;-;15/05/2028;1600;50000;False;PUBLICA;-
LF002100CGH;-;BANCO SAFRA S/A;LF;False;0;-;IPCA;100;5,17;252;17/08/2026;1;67000;False;PUBLICA;-
LF0022008ZZ;-;BANCO SAFRA S/A;LF;False;0;-;IPCA;100;5,92;252;17/08/2026;1;94000;False;PUBLICA;-
LF002400UY7;-;ITAU UNIBANCO S.A.;LF;False;0;-;IPCA;100;6,83;252;06/11/2026;1;100000;False;PUBLICA;-
LF002100GCI;-;BANCO SAFRA S/A;LF;False;0;-;IPCA;100;5,06;252;17/08/2026;2;50000;False;PUBLICA;-
LF002100DY9;-;BANCO SAFRA S/A;LF;False;0;-;IPCA;100;4,96;252;17/08/2026;1;50000;False;PUBLICA;-
LFSN21003TC;BRBITALFIXI6;ITAU UNIBANCO HOLDING S.A;LFSN;False;0;-;DI;100;2;252;22/09/2031;275;400000;False;PUBLICA;-
LF002400G99;-;ITAU UNIBANCO S.A.;LF;False;0;-;DI;102;-;-;15/07/2027;200;50000;False;PUBLICA;-
LF002400T81;-;ITAU UNIBANCO S.A.;LF;False;0;-;DI;102;-;-;16/11/2027;36;50000;False;PUBLICA;-
LF002400KES;-;ITAU UNIBANCO S.A.;LF;False;0;-;DI;102;-;-;16/08/2027;55;54000;False;PUBLICA;-
LF002100DY1;-;BANCO SAFRA S/A;LF;False;0;-;IPCA;100;4,96;252;17/08/2026;3;50000;False;PUBLICA;-
LF002400M55;-;BANCO SAFRA S/A;LF;False;0;-;IPCA;100;6,35;252;15/05/2029;1;50000;False;PUBLICA;-
LF002400S4M;-;ITAU UNIBANCO S.A.;LF;False;0;-;IPCA;100;6,9;252;13/10/2026;1;250000;False;PUBLICA;-
LFSN21001ZP;-;BANCO SAFRA S/A;LFSN;False;0;-;PREFIXADO;-;10,96;252;16/06/2031;1;417000;False;PUBLICA;-
LF002400U9T;-;ITAU UNIBANCO S.A.;LF;False;0;-;DI;101,5;-;-;30/10/2026;200;50000;False;PUBLICA;-
LF002100F51;-;BANCO SAFRA S/A;LF;False;0;-;IPCA;100;5,03;252;17/08/2026;1;50000;False;PUBLICA;-
LF0021008SW;-;BANCO SAFRA S/A;LF;False;0;-;IPCA;100;4,68;252;30/06/2031;6;50000;False;PUBLICA;-
LF002100B7L;-;BANCO SAFRA S/A;LF;False;0;-;IPCA;100;4,45;252;17/08/2026;1;70000;False;PUBLICA;-
LF002307YKU;BRCNHCLFI3H8;BANCO CNH INDUSTRIAL CAPITAL S/A;LF;False;0;-;DI;100;1;252;26/10/2026;3448;50000;False;PUBLICA;-
LFSN22006CO;BRABCBLFICR2;BANCO ABC BRASIL S.A.;LFSN;False;0;-;DI;100;2,35;252;19/05/2032;5;400000;False;PUBLICA;-
LF002100IDZ;-;BANCO SAFRA S/A;LF;False;0;-;IPCA;100;5,57;252;17/08/2026;1;50000;False;PUBLICA;-
LF002400G0X;-;BANCO SAFRA S/A;LF;False;0;-;IPCA;100;6,32;252;15/05/2029;1;73000;False;PUBLICA;-
LF00250057G;-;ITAU UNIBANCO S.A.;LF;False;0;-;IPCA;100;7,39;252;18/02/2027;1;100000;False;PUBLICA;-
LF002100H2C;-;BANCO SAFRA S/A;LF;False;0;-;IPCA;100;5,15;252;17/08/2026;1;60000;False;PUBLICA;-
LF002600NLL;-;ITAU UNIBANCO S.A.;LF;False;0;-;DI;101,5;-;-;15/08/2029;14;50000;False;PUBLICA;-
LF0024000T0;-;BANCO BMG S/A;LF;False;0;-;DI;100;1,5;252;13/11/2028;46;101270,2182;False;PUBLICA;-
LF002100GZU;-;BANCO SAFRA S/A;LF;False;0;-;IPCA;100;5,12;252;18/08/2026;1;50000;False;PUBLICA;-
LF002400EU9;BRBITALFN441;ITAU UNIBANCO S.A.;LF;False;0;-;IPCA;100;6,24;252;05/06/2028;1;8204000;False;PUBLICA;-
LF0021007VY;-;BANCO SAFRA S/A;LF;False;0;-;IPCA;100;4,22;252;17/08/2026;1;60000;False;PUBLICA;-
LF002600JO3;-;ITAU UNIBANCO S.A.;LF;False;0;-;DI;101,5;-;-;28/06/2030;25;55200;False;PUBLICA;-
LF002100F9V;-;BANCO SAFRA S/A;LF;False;0;-;IPCA;100;5,01;252;17/08/2026;1;50000;False;PUBLICA;-
LF002303VCU;-;BANCO BRADESCO S/A;LF;False;0;-;DI;106;-;-;02/06/2028;9;50000;False;PUBLICA;-
LF002600NLK;-;ITAU UNIBANCO S.A.;LF;False;0;-;DI;101,5;-;-;15/08/2029;11;50000;False;PUBLICA;-
LF002400R7D;-;ITAU UNIBANCO S.A.;LF;False;0;-;PREFIXADO;-;12,22;252;01/10/2027;20;50000;False;PUBLICA;-
LF002400EXT;BRBCGMLFI9F2;BANCO GM S.A;LF;False;0;-;DI;100;0,6;252;07/06/2027;4482;50000;False;PUBLICA;-
LF002100DRH;BRBSAFLFNQN8;BANCO SAFRA S/A;LF;False;0;-;IPCA;100;6;252;06/09/2028;120;50000;False;PUBLICA;-
LF002400EGE;-;BANCO SAFRA S/A;LF;False;0;-;IPCA;100;6,3;252;30/05/2029;70;50000;False;PUBLICA;-
LF0022002EK;-;BANCO SAFRA S/A;LF;False;0;-;IPCA;100;5,65;252;17/08/2026;2;50000;False;PUBLICA;-
LF002400NXD;-;ITAU UNIBANCO S.A.;LF;False;0;-;DI;102;-;-;15/09/2027;40;50625;False;PUBLICA;-
LF002100LW3;BRBSAFLFE2E1;BANCO SAFRA S/A;LF;False;0;-;IPCA;100;5,67;252;17/08/2026;1;50000;False;PUBLICA;-
LF002200IRY;-;BANCO SAFRA S/A;LF;False;0;-;IPCA;100;6,01;252;17/08/2026;10;50000;False;PUBLICA;-
LF002400O8G;-;ITAU UNIBANCO S.A.;LF;False;0;-;DI;102;-;-;08/09/2026;231;50000;False;PUBLICA;-
LF002100QSQ;-;BANCO SAFRA S/A;LF;False;0;-;IPCA;100;5,42;252;17/08/2026;1;56000;False;PUBLICA;-
LF002200LHJ;-;ITAU UNIBANCO S.A.;LF;False;0;-;PREFIXADO;-;12,46;252;18/08/2027;5;50000;False;PUBLICA;-
LF0021004JN;-;BANCO SAFRA S/A;LF;False;0;-;IPCA;100;4,17;252;17/08/2026;5;50000;False;PUBLICA;-
LF002400GW2;-;ITAU UNIBANCO S.A.;LF;False;0;-;DI;102;-;-;15/07/2027;10;70900;False;PUBLICA;-
LF002400O88;-;ITAU UNIBANCO S.A.;LF;False;0;-;DI;102;-;-;15/09/2027;200;50000;False;PUBLICA;-
LF002600A8S;-;ITAU UNIBANCO S.A.;LF;False;0;-;PREFIXADO;-;13,35;252;08/04/2030;20;50000;False;PUBLICA;-
LF002600MCM;-;ITAU UNIBANCO S.A.;LF;False;0;-;IPCA;100;8,49;252;31/07/2028;40;50000;False;PUBLICA;-
LF002100IYA;-;BANCO SAFRA S/A;LF;False;0;-;IPCA;100;5,89;252;17/08/2026;8;65375;False;PUBLICA;-
LF002200FGS;-;BANCO SAFRA S/A;LF;False;0;-;IPCA;100;6,55;252;31/05/2032;1;75000;False;PUBLICA;-
LF002100BYP;-;BANCO SAFRA S/A;LF;False;0;-;IPCA;100;4,87;252;17/08/2026;1;50000;False;PUBLICA;-
LF002400KV6;BRBSAFLNNDN0;BANCO SAFRA S/A;LF;False;0;-;DI;100;0,4;252;05/01/2027;100;50000;False;PUBLICA;-
LFSN21003IV;BRBITALFIX72;ITAU UNIBANCO HOLDING S.A;LFSN;False;0;-;DI;100;2;252;22/09/2031;7;400000;False;PUBLICA;-
LF0021003E1;-;BANCO SAFRA S/A;LF;False;0;-;IPCA;100;4,47;252;15/05/2035;1;50000;False;PUBLICA;-
LF002100MH8;BRBSAFLFEMW7;BANCO SAFRA S/A;LF;False;0;-;IPCA;100;5,57;252;17/08/2026;1;50000;False;PUBLICA;-
LF002600ERS;-;ITAU UNIBANCO S.A.;LF;False;0;-;DI;101;-;-;15/06/2029;60;50000;False;PUBLICA;-
LF002400EGD;-;BANCO SAFRA S/A;LF;False;0;-;PREFIXADO;-;11,98;252;01/06/2028;100;50000;False;PUBLICA;-
LF002600ENT;BRBPSALFI0F6;STELLANTIS FINANCIAMENTOS SOCIEDADE DE CREDITO FINANCIAMENTO E INVESTIMENTO S.A.;LF;False;0;-;DI;100;0,5;252;25/05/2028;30607;50000;False;PUBLICA;-
LF002100N3J;BRBSAFLFER45;BANCO SAFRA S/A;LF;False;0;-;IPCA;100;5,44;252;17/08/2026;1;50000;False;PUBLICA;-
LF002500DC0;-;BANCO SAFRA S/A;LF;False;0;-;IPCA;100;7;252;29/11/2045;4;50000;False;PUBLICA;-
LF002100GZG;-;BANCO SAFRA S/A;LF;False;0;-;IPCA;100;5,15;252;17/08/2026;1;50000;False;PUBLICA;-
LF002100GR3;-;BANCO SAFRA S/A;LF;False;0;-;IPCA;100;5,08;252;17/08/2026;2;50000;False;PUBLICA;-
LFSC22002SG;BRITUBLFI1M4;ITAU UNIBANCO HOLDING S.A;LFSC;False;0;-;DI;100;2,4;252;29/09/9999;2;300000;False;PUBLICA;-
LF002100GCJ;-;BANCO SAFRA S/A;LF;False;0;-;IPCA;100;5,06;252;17/08/2026;4;50000;False;PUBLICA;-
LF002400GW1;-;ITAU UNIBANCO S.A.;LF;False;0;-;DI;102;-;-;15/07/2027;14;50000;False;PUBLICA;-
LF00260089H;-;ITAU UNIBANCO S.A.;LF;False;0;-;DI;101,5;-;-;16/04/2029;37;50000;False;PUBLICA;-
LF002400WEJ;-;ITAU UNIBANCO S.A.;LF;False;0;-;DI;102;-;-;15/12/2027;80;50000;False;PUBLICA;-
LF002100ABW;-;BANCO SAFRA S/A;LF;False;0;-;IPCA;100;4,27;252;17/08/2026;4;50000;False;PUBLICA;-
LF002400URP;-;ITAU UNIBANCO S.A.;LF;False;0;-;PREFIXADO;-;13;252;03/11/2034;29;50000;False;PUBLICA;-
LF002400HZ1;-;BANCO SAFRA S/A;LF;False;0;-;IPCA;100;6,26;252;15/05/2045;2;50000;False;PUBLICA;-
LF002200IJJ;-;BANCO SAFRA S/A;LF;False;0;-;PREFIXADO;-;12,9;252;25/06/2027;1;50000;False;PUBLICA;-
LF002100OSV;-;BANCO SAFRA S/A;LF;False;0;-;IPCA;100;5,29;252;17/08/2026;2;59500;False;PUBLICA;-
LF0024009NO;-;BANCO SAFRA S/A;LF;False;0;-;PREFIXADO;-;10,17;252;05/04/2028;1;50000;False;PUBLICA;-
LF0021006IW;-;BANCO SAFRA S/A;LF;False;0;-;IPCA;100;3,89;252;17/08/2026;1;50000;False;PUBLICA;-
LF0022007B1;-;BANCO SAFRA S/A;LF;False;0;-;IPCA;100;5,97;252;17/08/2026;2;50000;False;PUBLICA;-
LF002200EBE;-;BANCO SAFRA S/A;LF;False;0;-;IPCA;100;5,78;252;17/08/2026;4;53750;False;PUBLICA;-
LFSN22009RV;-;BANCO SAFRA S/A;LFSN;False;0;-;PREFIXADO;-;14,43;252;30/07/2029;2;500000;False;PUBLICA;-
LF002100GR4;-;BANCO SAFRA S/A;LF;False;0;-;IPCA;100;5,08;252;17/08/2026;1;90000;False;PUBLICA;-
LF0023085TX;-;BANCO SAFRA S/A;LF;False;0;-;PREFIXADO;-;11,38;252;14/11/2028;2;55000;False;PUBLICA;-
LF0021007OY;-;BANCO SAFRA S/A;LF;False;0;-;IPCA;100;3,99;252;17/08/2026;1;107000;False;PUBLICA;-
LF002400PW4;-;ITAU UNIBANCO S.A.;LF;False;0;-;DI;102;-;-;15/10/2027;299;50140,95;False;PUBLICA;-
LF002100L00;BRBSAFLTREG0;BANCO SAFRA S/A;LF;False;0;-;IPCA;100;5,56;252;17/08/2026;1;70000;False;PUBLICA;-
LF002100F4K;-;BANCO SAFRA S/A;LF;False;0;-;IPCA;100;5,03;252;17/08/2026;3;50000;False;PUBLICA;-
LF002400J1M;-;ITAU UNIBANCO S.A.;LF;False;0;-;DI;102;-;-;19/07/2027;11;50000;False;PUBLICA;-
LF0025008HS;BRMCSFLFI103;MERCADO CREDITO SOCIEDADE DE CREDITO FINANCIAMENTO E INVESTIMENTO SA;LF;False;0;-;DI;100;0,6;252;26/03/2028;13000;50000;False;PUBLICA;-
LFSN21003LS;BRBITALFIXC9;ITAU UNIBANCO HOLDING S.A;LFSN;False;0;-;DI;100;2;252;21/10/2031;8;400000;False;PUBLICA;-
LFSC22002H7;BRITUBLFI1K8;ITAU UNIBANCO HOLDING S.A;LFSC;False;0;-;DI;100;2,4;252;27/09/9999;16;300000;False;PUBLICA;-
LF0022007JF;-;BANCO SAFRA S/A;LF;False;0;-;IPCA;100;6,11;252;17/08/2026;2;50000;False;PUBLICA;-
LFSC23006TJ;BRITUBLFI1R3;ITAU UNIBANCO HOLDING S.A;LFSC;False;0;-;DI;100;1,9;252;09/11/9999;11;350000;False;PUBLICA;-
LF002400ISA;-;BANCO SAFRA S/A;LF;False;0;-;IPCA;100;6,49;252;17/07/2028;2000;50000;False;PUBLICA;-
LF002100E2Z;-;BANCO SAFRA S/A;LF;False;0;-;IPCA;100;5,1;252;08/09/2027;1;50000;False;PUBLICA;-
LF0022009RE;-;BANCO SAFRA S/A;LF;False;0;-;IPCA;100;5,31;252;17/08/2026;20;50000;False;PUBLICA;-
LF002100HJM;-;BANCO SAFRA S/A;LF;False;0;-;IPCA;100;5,46;252;17/08/2026;1;50000;False;PUBLICA;-
LF00220082H;-;BANCO SAFRA S/A;LF;False;0;-;IPCA;100;6,23;252;15/05/2035;9;50000;False;PUBLICA;-
LFSC22002BH;BRITUBLFI1I2;ITAU UNIBANCO HOLDING S.A;LFSC;False;0;-;DI;100;2,4;252;23/09/9999;1;300000;False;PUBLICA;-
LF00250093A;-;ITAU UNIBANCO S.A.;LF;False;0;-;DI;101;-;-;17/04/2028;240;50000;False;PUBLICA;-
LFSN21003NP;BRBITALFIXG0;ITAU UNIBANCO HOLDING S.A;LFSN;False;0;-;DI;100;2;252;21/10/2031;5;400000;False;PUBLICA;-
LF002200DMA;-;BANCO SAFRA S/A;LF;False;0;-;IPCA;100;5,97;252;17/08/2026;3;50000;False;PUBLICA;-
LF002100HP6;-;BANCO SAFRA S/A;LF;False;0;-;IPCA;100;5,55;252;17/08/2026;4;50000;False;PUBLICA;-
LF002400M5M;-;BANCO SAFRA S/A;LF;False;0;-;IPCA;100;6,35;252;15/05/2029;4;50000;False;PUBLICA;-
LF002400EXQ;-;ITAU UNIBANCO S.A.;LF;False;0;-;PREFIXADO;-;11,46;252;15/06/2027;10;50000;False;PUBLICA;-
LF002303JMS;-;ITAU UNIBANCO S.A.;LF;False;0;-;IPCA;100;5,75;252;23/05/2028;1;1000000;False;PUBLICA;-
LF0021005EY;-;BANCO SAFRA S/A;LF;False;0;-;IPCA;100;3,81;252;17/08/2026;1;243000;False;PUBLICA;-
LF002500QPQ;-;ITAU UNIBANCO S.A.;LF;False;0;-;IPCA;100;8,07;252;10/12/2027;6;50000;False;PUBLICA;-
LF0021006N9;-;BANCO SAFRA S/A;LF;False;0;-;IPCA;100;3,99;252;17/08/2026;1;80000;False;PUBLICA;-
LFSN21003KL;BRBITALFIX80;ITAU UNIBANCO HOLDING S.A;LFSN;False;0;-;DI;100;2;252;22/09/2031;1;400000;False;PUBLICA;-
LF002400PI2;-;BANCO SAFRA S/A;LF;False;0;-;IPCA;100;6,36;252;19/09/2045;1;50000;False;PUBLICA;-
LFSC23006T7;BRITUBLFI1R3;ITAU UNIBANCO HOLDING S.A;LFSC;False;0;-;DI;100;1,9;252;09/11/9999;129;350000;False;PUBLICA;-
LF0021007WB;-;BANCO SAFRA S/A;LF;False;0;-;IPCA;100;4,22;252;17/08/2026;2;50000;False;PUBLICA;-
LF002500JUD;-;ITAU UNIBANCO S.A.;LF;False;0;-;DI;101,5;-;-;28/08/2030;7;50000;False;PUBLICA;-
LF00250007D;-;ITAU UNIBANCO S.A.;LF;False;0;-;DI;102;-;-;17/01/2028;11;50000;False;PUBLICA;-
LF002500BT0;-;ITAU UNIBANCO S.A.;LF;False;0;-;DI;101,8;-;-;15/05/2028;4000;50000;False;PUBLICA;-
LF002100JFH;BRBSAFLTR6Y9;BANCO SAFRA S/A;LF;False;0;-;IPCA;100;5,83;252;17/08/2026;3;50000;False;PUBLICA;-
LF0021002Z1;-;BANCO SAFRA S/A;LF;False;0;-;IPCA;100;3,69;252;17/08/2026;1;159000;False;PUBLICA;-
LF002400KQ1;-;ITAU UNIBANCO S.A.;LF;False;0;-;DI;102;-;-;16/08/2027;80;53000;False;PUBLICA;-
LF002400IF9;-;ITAU UNIBANCO S.A.;LF;False;0;-;PREFIXADO;-;11,64;252;10/07/2028;1;1000000;False;PUBLICA;-
LFSN21003LT;BRBITALFIXC9;ITAU UNIBANCO HOLDING S.A;LFSN;False;0;-;DI;100;2;252;21/10/2031;31;400000;False;PUBLICA;-
LF002400XHD;-;ITAU UNIBANCO S.A.;LF;False;0;-;PREFIXADO;-;13,27;252;25/11/2027;1;110000;False;PUBLICA;-
LF002200F67;-;BANCO SAFRA S/A;LF;False;0;-;IPCA;100;5,88;252;17/08/2026;1;50000;False;PUBLICA;-
LF00250085G;-;ITAU UNIBANCO S.A.;LF;False;0;-;IPCA;100;8,45;252;22/03/2027;105;50000;False;PUBLICA;-
LF00210048X;-;BANCO SAFRA S/A;LF;False;0;-;IPCA;100;4,08;252;17/08/2026;1;75000;False;PUBLICA;-
LFSN21003SQ;BRBITALFIXI6;ITAU UNIBANCO HOLDING S.A;LFSN;False;0;-;DI;100;2;252;22/09/2031;3;400000;False;PUBLICA;-
LF0021001MK;BRBSAFLTFDW4;BANCO SAFRA S/A;LF;False;0;-;IPCA;100;3,36;252;17/08/2026;1;80000;False;PUBLICA;-
LF0021004F9;-;ITAU UNIBANCO S.A.;LF;False;0;-;IGP-M;-;1,92;252;09/04/2031;20;50000;False;PUBLICA;-
LF002100E08;-;BANCO SAFRA S/A;LF;False;0;-;IPCA;100;5,5;252;08/09/2026;7;55142,857143;False;PUBLICA;-
LFSN21002VF;-;BANCO SAFRA S/A;LFSN;False;0;-;IPCA;-;6,12;252;16/08/2028;5;300000;False;PUBLICA;-
LF0026008E0;-;ITAU UNIBANCO S.A.;LF;False;0;-;DI;101,5;-;-;20/03/2030;15;51000;False;PUBLICA;-
LF002304YPG;-;BANCO BRADESCO S/A;LF;False;0;-;DI;104;-;-;10/07/2028;1;50000;False;PUBLICA;-
LF002400E58;-;BANCO SAFRA S/A;LF;False;0;-;IPCA;100;6,05;252;15/05/2045;1;50000;False;PUBLICA;-
LF0021002Z2;-;BANCO SAFRA S/A;LF;False;0;-;IPCA;100;3,56;252;17/08/2026;5;117000;False;PUBLICA;-
LF002307TN0;BRBSAFLNNAY3;BANCO SAFRA S/A;LF;False;0;-;DI;107,2;-;-;13/10/2026;28;50000;False;PUBLICA;-
LF002400EBS;-;BANCO SAFRA S/A;LF;False;0;-;DI;101,25;-;-;30/05/2028;4;50000;False;PUBLICA;-
LFSN21003DQ;BRBITALFIX23;ITAU UNIBANCO HOLDING S.A;LFSN;False;0;-;DI;100;2;252;21/10/2031;31;400000;False;PUBLICA;-
LF002400TUP;-;ITAU UNIBANCO S.A.;LF;False;0;-;DI;102;-;-;16/11/2027;407;50098,29;False;PUBLICA;-
LF002400MVJ;-;BANCO SAFRA S/A;LF;False;0;-;IPCA;100;6,53;252;22/08/2028;306;50000;False;PUBLICA;-
LF002303SKP;-;ITAU UNIBANCO S.A.;LF;False;0;-;IPCA;100;5,61;252;31/05/2033;1;500000;False;PUBLICA;-
LF0021001J9;BRBSAFLTFCZ9;BANCO SAFRA S/A;LF;False;0;-;IPCA;100;3,31;252;17/08/2026;1;50000;False;PUBLICA;-
LF002300DL4;-;ITAU UNIBANCO S.A.;LF;False;0;-;PREFIXADO;-;13,99;252;26/01/2033;1;50000;False;PUBLICA;-
LF0024012T3;-;ITAU UNIBANCO S.A.;LF;False;0;-;DI;102;-;-;15/12/2027;2;50000;False;PUBLICA;-
LF0021009CO;-;BANCO SAFRA S/A;LF;False;0;-;IPCA;100;4,54;252;08/07/2031;1;60000;False;PUBLICA;-
LF002306HCC;-;BANCO SAFRA S/A;LF;False;0;-;DI;103;-;-;25/08/2026;60;50000;False;PUBLICA;-
LF002100GXC;-;BANCO SAFRA S/A;LF;False;0;-;IPCA;100;5,05;252;17/08/2026;1;62000;False;PUBLICA;-
LF002600BS3;-;ITAU UNIBANCO S.A.;LF;False;0;-;DI;101,5;-;-;24/04/2029;6;50000;False;PUBLICA;-
LF002100D6X;-;BANCO SAFRA S/A;LF;False;0;-;IPCA;100;4,8;252;17/08/2026;1;50000;False;PUBLICA;-
LF002400IVK;-;BANCO SAFRA S/A;LF;False;0;-;PREFIXADO;-;11,83;252;19/07/2027;6;50000;False;PUBLICA;-
LF002100KZL;BRBSAFLTREA3;BANCO SAFRA S/A;LF;False;0;-;IPCA;100;5,65;252;17/08/2026;4;50000;False;PUBLICA;-
LF002600NFN;-;ITAU UNIBANCO S.A.;LF;False;0;-;DI;101,5;-;-;15/08/2029;7;50000;False;PUBLICA;-
LF002100ORQ;-;BANCO SAFRA S/A;LF;False;0;-;IPCA;100;5,29;252;17/08/2026;2;55000;False;PUBLICA;-
LF002500CL5;-;ITAU UNIBANCO S.A.;LF;False;0;-;DI;101;-;-;15/05/2028;1800;51111,77;False;PUBLICA;-
LF002100FNV;-;BANCO SAFRA S/A;LF;False;0;-;IPCA;100;5,13;252;30/09/2031;2;50000;False;PUBLICA;-
LF0021003DS;-;BANCO SAFRA S/A;LF;False;0;-;IPCA;100;3,92;252;17/08/2026;1;55000;False;PUBLICA;-
LF0021009CG;-;BANCO SAFRA S/A;LF;False;0;-;IPCA;100;4,13;252;17/08/2026;2;64500;False;PUBLICA;-
LF00210048W;-;BANCO SAFRA S/A;LF;False;0;-;IPCA;100;4,01;252;17/08/2026;1;50000;False;PUBLICA;-
LF002400JZ8;-;ITAU UNIBANCO S.A.;LF;False;0;-;PREFIXADO;-;12,03;252;17/08/2026;42;50000;False;PUBLICA;-
LF00220071J;-;BANCO SAFRA S/A;LF;False;0;-;IPCA;100;5,8;252;17/08/2026;5;50000;False;PUBLICA;-
LFSN21003HV;BRBITALFIX64;ITAU UNIBANCO HOLDING S.A;LFSN;False;0;-;DI;100;2;252;21/10/2031;2;400000;False;PUBLICA;-
LF002100JB1;-;BANCO SAFRA S/A;LF;False;0;-;IPCA;100;6,01;252;17/08/2026;4;50250;False;PUBLICA;-
LF002100IPO;-;BANCO SAFRA S/A;LF;False;0;-;IPCA;100;5,85;252;17/08/2026;1;68000;False;PUBLICA;-
LF002400I7O;-;ITAU UNIBANCO S.A.;LF;False;0;-;DI;102;-;-;19/07/2027;8;50000;False;PUBLICA;-
LF002200HWQ;-;BANCO SAFRA S/A;LF;False;0;-;IPCA;100;5,85;252;17/08/2026;1;50000;False;PUBLICA;-
LF002400KUK;BRBSAFLNNDM2;BANCO SAFRA S/A;LF;False;0;-;DI;100;0,4;252;05/10/2026;8423;50000;False;PUBLICA;-
LF002400CZI;-;BANCO SAFRA S/A;LF;False;0;-;IPCA;100;6,12;252;15/05/2045;8;50000;False;PUBLICA;-
LF002400LT9;-;ITAU UNIBANCO S.A.;LF;False;0;-;DI;102;-;-;16/08/2027;100;50000;False;PUBLICA;-
LF002307TN1;BRBSAFLNNAY3;BANCO SAFRA S/A;LF;False;0;-;DI;107,2;-;-;13/10/2026;3;50000;False;PUBLICA;-
LF002600EB1;-;ITAU UNIBANCO S.A.;LF;False;0;-;DI;101,5;-;-;13/05/2030;66;50000;False;PUBLICA;-
LFSC23006SL;BRITUBLFI1R3;ITAU UNIBANCO HOLDING S.A;LFSC;False;0;-;DI;100;1,9;252;09/11/9999;101;350000;False;PUBLICA;-
LF0021009L0;-;BANCO SAFRA S/A;LF;False;0;-;IPCA;100;4,18;252;17/08/2026;6;50000;False;PUBLICA;-
LF0023070MI;-;ITAU UNIBANCO S.A.;LF;False;0;-;PREFIXADO;-;11,45;252;13/09/2028;20;50000;False;PUBLICA;-
LF0021004Z2;-;BANCO SAFRA S/A;LF;False;0;-;IPCA;100;4,09;252;17/08/2026;3;75000;False;PUBLICA;-
LF002400LRI;-;BANCO SAFRA S/A;LF;False;0;-;IPCA;100;6,15;252;15/05/2029;6;50000;False;PUBLICA;-
LF0021008DQ;-;BANCO SAFRA S/A;LF;False;0;-;IPCA;100;4,24;252;17/08/2026;1;50580;False;PUBLICA;-
LF002200978;-;BANCO SAFRA S/A;LF;False;0;-;IPCA;100;6,26;252;24/03/2027;3;50000;False;PUBLICA;-
LF002100ABT;-;BANCO SAFRA S/A;LF;False;0;-;IPCA;100;4,32;252;17/08/2026;1;50000;False;PUBLICA;-
LF002600L9N;-;ITAU UNIBANCO S.A.;LF;False;0;-;DI;102;-;-;15/08/2029;1500;62420;False;PUBLICA;-
LF002100ELK;-;BANCO SAFRA S/A;LF;False;0;-;IPCA;100;4,92;252;17/08/2026;1;50000;False;PUBLICA;-
LF002200BGA;-;BANCO SAFRA S/A;LF;False;0;-;IPCA;100;5,76;252;17/08/2026;2;50000;False;PUBLICA;-
LF002100H2F;-;BANCO SAFRA S/A;LF;False;0;-;IPCA;100;5,15;252;17/08/2026;1;50000;False;PUBLICA;-
LFSC22002BG;BRITUBLFI1I2;ITAU UNIBANCO HOLDING S.A;LFSC;False;0;-;DI;100;2,4;252;23/09/9999;3;300000;False;PUBLICA;-
LF002100IJ1;-;BANCO SAFRA S/A;LF;False;0;-;IPCA;100;5,82;252;17/08/2026;1;53362,47;False;PUBLICA;-
LF002100H8H;-;BANCO SAFRA S/A;LF;False;0;-;IPCA;100;5,22;252;17/08/2026;1;50000;False;PUBLICA;-
LF002400PRU;BRSCNALFI003;SCANIA BANCO S/A;LF;False;0;-;DI;100;0,4;252;05/10/2026;4000;50000;False;PUBLICA;-
LF002400RZA;-;ITAU UNIBANCO S.A.;LF;False;0;-;DI;102;-;-;15/10/2027;5;66000;False;PUBLICA;-
LF002100NIN;BRBSAFLFEUI9;BANCO SAFRA S/A;LF;False;0;-;IPCA;100;5,47;252;17/08/2026;7;50000;False;PUBLICA;-
LF002100F4B;-;BANCO SAFRA S/A;LF;False;0;-;IPCA;100;5,03;252;17/08/2026;1;50000;False;PUBLICA;-
LF002200DNG;-;BANCO SAFRA S/A;LF;False;0;-;IPCA;100;5,9;252;17/08/2026;16;50000;False;PUBLICA;-
LFSN21003U5;BRBITALFIXI6;ITAU UNIBANCO HOLDING S.A;LFSN;False;0;-;DI;100;2;252;22/09/2031;50;400000;False;PUBLICA;-
LF0021002LT;-;BANCO SAFRA S/A;LF;False;0;-;PREFIXADO;-;9,42;252;10/03/2031;36;50000;False;PUBLICA;-
LF002400S4R;-;ITAU UNIBANCO S.A.;LF;False;0;-;DI;102;-;-;15/10/2027;20;50000;False;PUBLICA;-
LF002100HQM;-;BANCO SAFRA S/A;LF;False;0;-;IPCA;100;5,46;252;17/08/2026;20;50000;False;PUBLICA;-
LF002100E7T;-;BANCO SAFRA S/A;LF;False;0;-;IPCA;100;5,11;252;10/09/2031;1;50000;False;PUBLICA;-
LF002100LQE;BRBSAFLFE091;BANCO SAFRA S/A;LF;False;0;-;IPCA;100;5,55;252;17/08/2026;2;91000;False;PUBLICA;-
LF002400FH9;-;BANCO SAFRA S/A;LF;False;0;-;IPCA;100;6,39;252;15/05/2045;1;50000;False;PUBLICA;-
LF002200CJO;-;BANCO SAFRA S/A;LF;False;0;-;IPCA;100;5,77;252;26/04/2027;4;50000;False;PUBLICA;-
LF002200KVG;-;BANCO SAFRA S/A;LF;False;0;-;PREFIXADO;-;12;252;07/08/2028;4;52500;False;PUBLICA;-
LF002400UJW;-;ITAU UNIBANCO S.A.;LF;False;0;-;DI;102;-;-;16/11/2027;1118;50025,69;False;PUBLICA;-
LFSN21003DZ;BRBITALFIX31;ITAU UNIBANCO HOLDING S.A;LFSN;False;0;-;DI;100;2;252;22/09/2031;8;400000;False;PUBLICA;-
LF002100K4Z;BRBSAFLTRA27;BANCO SAFRA S/A;LF;False;0;-;IPCA;100;5,68;252;17/08/2026;1;60000;False;PUBLICA;-
LF002400L5H;BRBSAFLNNDP5;BANCO SAFRA S/A;LF;False;0;-;DI;100;0,4;252;08/01/2027;441;50000;False;PUBLICA;-
LF002100Q16;-;BANCO SAFRA S/A;LF;False;0;-;IPCA;100;5,53;252;17/08/2026;10;53000;False;PUBLICA;-
LF002400RMM;BRCNHCLFI3T3;BANCO CNH INDUSTRIAL CAPITAL S/A;LF;False;0;-;DI;100;0,7;252;07/10/2028;3000;50000;False;PUBLICA;-
LF002100DY4;-;BANCO SAFRA S/A;LF;False;0;-;IPCA;100;4,96;252;17/08/2026;1;50000;False;PUBLICA;-
LF002400OHS;-;ITAU UNIBANCO S.A.;LF;False;0;-;DI;102;-;-;15/09/2027;8;50000;False;PUBLICA;-
LFSN21003EE;BRBITALFIX56;ITAU UNIBANCO HOLDING S.A;LFSN;False;0;-;DI;100;2;252;22/09/2031;4;400000;False;PUBLICA;-
LF0025009AN;-;ITAU UNIBANCO S.A.;LF;False;0;-;DI;101,5;-;-;17/04/2028;20;50000;False;PUBLICA;-
LF002200GDY;-;BANCO SAFRA S/A;LF;False;0;-;IPCA;100;6,09;252;15/05/2035;1;50000;False;PUBLICA;-
LF002100CFS;-;BANCO SAFRA S/A;LF;False;0;-;IPCA;100;5,17;252;17/08/2026;1;50000;False;PUBLICA;-
LF002200MEA;-;ITAU UNIBANCO S.A.;LF;False;0;-;IPCA;100;6,31;252;06/09/2027;1;100000;False;PUBLICA;-
LF00220007C;-;BANCO SAFRA S/A;LF;False;0;-;IPCA;100;5,74;252;17/08/2026;1;50000;False;PUBLICA;-
LF002600IB5;-;ITAU UNIBANCO S.A.;LF;False;0;-;DI;101,5;-;-;17/06/2030;1;1000000;False;PUBLICA;-
LF002400G45;BRBSAFLNNDE9;BANCO SAFRA S/A;LF;False;0;-;DI;100;0,45;252;20/08/2026;4;50000;False;PUBLICA;-
LF002500CL1;-;ITAU UNIBANCO S.A.;LF;False;0;-;DI;101;-;-;15/05/2028;68;50000;False;PUBLICA;-
LF002100PUC;-;BANCO SAFRA S/A;LF;False;0;-;IPCA;100;5,43;252;17/08/2026;1;50000;False;PUBLICA;-
LF002400IS2;-;ITAU UNIBANCO S.A.;LF;False;0;-;DI;102;-;-;15/07/2027;100;50000;False;PUBLICA;-
LFSC23006TN;BRITUBLFI1R3;ITAU UNIBANCO HOLDING S.A;LFSC;False;0;-;DI;100;1,9;252;09/11/9999;161;350000;False;PUBLICA;-
LF002400XYC;BRAGBKLFI1X6;BANCO AGIBANK S/A;LF;False;0;-;DI;100;1,1;252;30/11/2026;600;50000;False;PUBLICA;-
LFSC25002S2;BRITUBLFI209;ITAU UNIBANCO HOLDING S.A;LFSC;False;0;-;DI;100;1,35;252;06/03/9999;6235;300000;False;PUBLICA;-
LF002400PW6;-;ITAU UNIBANCO S.A.;LF;False;0;-;DI;102;-;-;23/09/2026;10;50000;False;PUBLICA;-
LF002100AXG;-;BANCO SAFRA S/A;LF;False;0;-;IPCA;100;4,57;252;17/08/2026;4;70000;False;PUBLICA;-
LF002100JB5;-;BANCO SAFRA S/A;LF;False;0;-;IPCA;100;6,01;252;17/08/2026;1;50000;False;PUBLICA;-
LF002100H9L;-;BANCO SAFRA S/A;LF;False;0;-;IPCA;100;5,22;252;17/08/2026;1;80000;False;PUBLICA;-
LF002500EU6;BRBVKWLFICQ9;BCO VOLKSWAGEN S/A;LF;False;0;-;DI;100;0,45;252;26/06/2028;6741;50000;False;PUBLICA;-
LF002100LWX;BRBSAFLFE1B9;BANCO SAFRA S/A;LF;False;0;-;IPCA;100;5,67;252;17/08/2026;1;71000;False;PUBLICA;-
LF0026002ER;-;ITAU UNIBANCO S.A.;LF;False;0;-;IPCA;100;7,46;252;22/01/2029;1;50000;False;PUBLICA;-
LF002400KV1;BRBSAFLNNDN0;BANCO SAFRA S/A;LF;False;0;-;DI;100;0,4;252;05/01/2027;1000;50000;False;PUBLICA;-
LF002400M0M;-;ITAU UNIBANCO S.A.;LF;False;0;-;PREFIXADO;-;11,45;252;15/09/2026;240;50000;False;PUBLICA;-
LF002400M0L;-;ITAU UNIBANCO S.A.;LF;False;0;-;DI;102;-;-;15/09/2027;195;50000;False;PUBLICA;-
LF0021003E6;-;BANCO SAFRA S/A;LF;False;0;-;IPCA;100;3,92;252;17/08/2026;10;50000;False;PUBLICA;-
LF002100CQA;-;BANCO SAFRA S/A;LF;False;0;-;PREFIXADO;-;10,18;252;27/08/2026;1;51000;False;PUBLICA;-
LF002400KUL;BRBSAFLNNDM2;BANCO SAFRA S/A;LF;False;0;-;DI;100;0,4;252;05/10/2026;173;50000;False;PUBLICA;-
LF002100JY0;BRBSAFLTR9D7;BANCO SAFRA S/A;LF;False;0;-;IPCA;100;5,61;252;17/08/2026;1;50000;False;PUBLICA;-
LF002100NFL;BRBSAFLFETZ5;BANCO SAFRA S/A;LF;False;0;-;IPCA;100;5,4;252;30/11/2026;15;50000;False;PUBLICA;-
LF002100FNX;-;BANCO SAFRA S/A;LF;False;0;-;IPCA;100;5,02;252;17/08/2026;1;50000;False;PUBLICA;-
LF002100KOV;BRBSAFLTRDQ1;BANCO SAFRA S/A;LF;False;0;-;IPCA;100;5,61;252;17/08/2026;4;65000;False;PUBLICA;-
LF002308ES5;-;BANCO SAFRA S/A;LF;False;0;-;DI;102,5;-;-;08/12/2027;2;50000;False;PUBLICA;-
LF002400ZDN;-;ITAU UNIBANCO S.A.;LF;False;0;-;IPCA;100;7,1;252;03/12/2026;1;50000;False;PUBLICA;-
LF0022000OU;-;BANCO SAFRA S/A;LF;False;0;-;IPCA;100;5,74;252;17/08/2026;6;50000;False;PUBLICA;-
LF002600IPD;-;ITAU UNIBANCO S.A.;LF;False;0;-;IPCA;100;8,7;252;19/06/2030;40;50000;False;PUBLICA;-
LF002500BH1;-;ITAU UNIBANCO S.A.;LF;False;0;-;DI;101;-;-;15/05/2028;30;50000;False;PUBLICA;-
LF0021003DW;-;BANCO SAFRA S/A;LF;False;0;-;IPCA;100;3,96;252;17/08/2026;2;50000;False;PUBLICA;-
LF002100D0N;-;BANCO SAFRA S/A;LF;False;0;-;IPCA;100;4,93;252;26/08/2031;5;50000;False;PUBLICA;-
LF002500CDA;-;BANCO SAFRA S/A;LF;False;0;-;IPCA;100;7,07;252;13/11/2035;1;50000;False;PUBLICA;-
LF002100F28;-;BANCO SAFRA S/A;LF;False;0;-;IPCA;100;5,6;252;23/09/2026;8;51250;False;PUBLICA;-
LF002400E5A;-;BANCO SAFRA S/A;LF;False;0;-;IPCA;100;6,05;252;15/05/2045;3;53333,333334;False;PUBLICA;-
LFSN21003E1;BRBITALFIX31;ITAU UNIBANCO HOLDING S.A;LFSN;False;0;-;DI;100;2;252;22/09/2031;1;400000;False;PUBLICA;-
LF002200MUK;-;BANCO SAFRA S/A;LF;False;0;-;PREFIXADO;-;12,12;252;21/09/2026;4;57500;False;PUBLICA;-
LF002400F9G;-;BANCO SAFRA S/A;LF;False;0;-;IPCA;100;6,25;252;15/05/2045;3;55000;False;PUBLICA;-
LF002100KOQ;BRBSAFLTRDI8;BANCO SAFRA S/A;LF;False;0;-;IPCA;100;5,61;252;17/08/2026;20;50000;False;PUBLICA;-
LF0024000YV;-;BANCO SAFRA S/A;LF;False;0;-;DI;106;-;-;08/01/2027;31;50161,290323;False;PUBLICA;-
LF0025001RQ;-;ITAU UNIBANCO S.A.;LF;False;0;-;DI;102;-;-;17/01/2028;20;50000;False;PUBLICA;-
LF00210094J;-;BANCO SAFRA S/A;LF;False;0;-;IPCA;100;4,16;252;17/08/2026;2;50000;False;PUBLICA;-
LF002100H8U;-;BANCO SAFRA S/A;LF;False;0;-;IPCA;100;5,22;252;17/08/2026;7;50000;False;PUBLICA;-
LFSN21003MU;BRBITALFIXF2;ITAU UNIBANCO HOLDING S.A;LFSN;False;0;-;DI;100;2;252;22/09/2031;44;400000;False;PUBLICA;-
LF002500L7G;BRBPSALFI042;STELLANTIS FINANCIAMENTOS SOCIEDADE DE CREDITO FINANCIAMENTO E INVESTIMENTO S.A.;LF;False;0;-;DI;100;0,55;252;18/09/2028;15237;50000;False;PUBLICA;-
LF002400VZY;-;ITAU UNIBANCO S.A.;LF;False;0;-;DI;102;-;-;16/11/2027;152;50000;False;PUBLICA;-
LF002200IRT;-;BANCO SAFRA S/A;LF;False;0;-;IPCA;100;6,18;252;15/05/2035;4;50000;False;PUBLICA;-
LF0025001RY;-;ITAU UNIBANCO S.A.;LF;False;0;-;DI;102;-;-;17/01/2028;2500;53367,55;False;PUBLICA;-
LFSC23006TO;BRITUBLFI1R3;ITAU UNIBANCO HOLDING S.A;LFSC;False;0;-;DI;100;1,9;252;09/11/9999;1;350000;False;PUBLICA;-
LF002400N6E;BRBSAFLNNDX9;BANCO SAFRA S/A;LF;False;0;-;IPCA;100;6,72;252;29/03/2027;260;50000;False;PUBLICA;-
LF002600305;-;ITAU UNIBANCO S.A.;LF;False;0;-;IPCA;100;7,83;252;27/01/2031;120;50000;False;PUBLICA;-
LF002100GJL;-;BANCO SAFRA S/A;LF;False;0;-;IPCA;100;5,04;252;17/08/2026;10;50000;False;PUBLICA;-
LFSN21003E9;BRBITALFIX23;ITAU UNIBANCO HOLDING S.A;LFSN;False;0;-;DI;100;2;252;21/10/2031;25;400000;False;PUBLICA;-
LF0022003QM;-;BANCO SAFRA S/A;LF;False;0;-;PREFIXADO;-;11,43;252;03/02/2027;1;75000;False;PUBLICA;-
LF002400DX6;-;BANCO SAFRA S/A;LF;False;0;-;IPCA;100;6,05;252;15/05/2045;1;50000;False;PUBLICA;-
LF002100BHJ;-;BANCO SAFRA S/A;LF;False;0;-;IPCA;100;4,62;252;17/08/2026;3;50000;False;PUBLICA;-
LFSC2200295;BRITUBLFI1H4;ITAU UNIBANCO HOLDING S.A;LFSC;False;0;-;DI;100;2,4;252;22/09/9999;2;300000;False;PUBLICA;-
LF0022000MX;-;BANCO SAFRA S/A;LF;False;0;-;IPCA;100;5,76;252;17/08/2026;1;60000;False;PUBLICA;-
LFSN21003C4;BRBSAFLFNQF4;BANCO SAFRA S/A;LFSN;False;0;-;IPCA;-;6,37;252;23/08/2028;10;500000;False;PUBLICA;-
LFSN21001P7;BRBSAFLFNNR6;BANCO SAFRA S/A;LFSN;False;0;-;DI;100;2;252;15/05/2028;6;300000;False;PUBLICA;-
LF0021007VU;-;BANCO SAFRA S/A;LF;False;0;-;IPCA;100;4,22;252;17/08/2026;64;53125;False;PUBLICA;-
LF002100PTH;-;BANCO SAFRA S/A;LF;False;0;-;IPCA;100;5,43;252;17/08/2026;1;60000;False;PUBLICA;-
LF002100GXW;-;BANCO SAFRA S/A;LF;False;0;-;IPCA;100;5,7;252;14/10/2026;8;50000;False;PUBLICA;-
LFSN21004Y6;-;BANCO SAFRA S/A;LFSN;False;0;-;IPCA;-;7;252;25/10/2028;1;300000;False;PUBLICA;-
LF0021001MR;BRBSAFLTFDW4;BANCO SAFRA S/A;LF;False;0;-;IPCA;100;3,36;252;17/08/2026;1;230000;False;PUBLICA;-
LF002307T0U;-;BANCO SAFRA S/A;LF;False;0;-;PREFIXADO;-;12,19;252;09/10/2028;1;50000;False;PUBLICA;-
LF0021001T0;BRBSAFLTFH81;BANCO SAFRA S/A;LF;False;0;-;IPCA;100;3,41;252;17/08/2026;1;102000;False;PUBLICA;-
LF00250090K;-;ITAU UNIBANCO S.A.;LF;False;0;-;PREFIXADO;-;15,08;252;31/03/2027;20;50000;False;PUBLICA;-
LF002200BMC;-;BANCO SAFRA S/A;LF;False;0;-;IPCA;100;5,83;252;17/08/2026;1;80000;False;PUBLICA;-
LF002200N8Q;-;ITAU UNIBANCO S.A.;LF;False;0;-;PREFIXADO;-;12,3;252;28/09/2027;1;200000;False;PUBLICA;-
LF002400C7G;-;ITAU UNIBANCO S.A.;LF;False;0;-;PREFIXADO;-;10,83;252;04/05/2027;1;50000;False;PUBLICA;-
LF0021002ZG;-;BANCO SAFRA S/A;LF;False;0;-;IPCA;100;3,56;252;17/08/2026;5;50000;False;PUBLICA;-
LF002100FRJ;-;BANCO SAFRA S/A;LF;False;0;-;IPCA;100;5,05;252;17/08/2026;2;50000;False;PUBLICA;-
LF002100E7N;-;BANCO SAFRA S/A;LF;False;0;-;IPCA;100;4,98;252;17/08/2026;2;60500;False;PUBLICA;-
LF002100GQY;-;BANCO SAFRA S/A;LF;False;0;-;IPCA;100;5,08;252;17/08/2026;3;58333,333334;False;PUBLICA;-
LF002100FZY;-;BANCO SAFRA S/A;LF;False;0;-;IPCA;100;5;252;17/08/2026;1;50000;False;PUBLICA;-
LF002100I1K;-;BANCO SAFRA S/A;LF;False;0;-;IPCA;100;5,74;252;17/08/2026;2;51000;False;PUBLICA;-
LF002100PFO;-;BANCO SAFRA S/A;LF;False;0;-;IPCA;100;5,25;252;17/08/2026;2;50000;False;PUBLICA;-
LFSN21003J4;BRBITALFIX64;ITAU UNIBANCO HOLDING S.A;LFSN;False;0;-;DI;100;2;252;21/10/2031;9;400000;False;PUBLICA;-
LF0021007ML;-;BANCO SAFRA S/A;LF;False;0;-;IPCA;100;3,94;252;17/08/2026;1;1659000;False;PUBLICA;-
LF002200CXC;-;BANCO SAFRA S/A;LF;False;0;-;IPCA;100;6,24;252;29/04/2032;5;50000;False;PUBLICA;-
LF002400NTR;-;ITAU UNIBANCO S.A.;LF;False;0;-;DI;102;-;-;15/09/2027;8;50000;False;PUBLICA;-
LF002100JA5;-;BANCO SAFRA S/A;LF;False;0;-;IPCA;100;5,98;252;18/08/2026;5;50000;False;PUBLICA;-
LF0021003IO;-;BANCO SAFRA S/A;LF;False;0;-;IPCA;100;4,12;252;17/08/2026;1;50000;False;PUBLICA;-
LF002600FD8;-;ITAU UNIBANCO S.A.;LF;False;0;-;DI;101,5;-;-;21/05/2029;1;80000;False;PUBLICA;-
LF002500539;-;ITAU UNIBANCO S.A.;LF;False;0;-;DI;101,5;-;-;15/03/2028;1109;50044,82;False;PUBLICA;-
LFSC24007ER;BRITUBLFI1Y9;ITAU UNIBANCO HOLDING S.A;LFSC;False;0;-;DI;100;1,1;252;30/10/9999;9267;300000;False;PUBLICA;-
LF002400JU1;-;ITAU UNIBANCO S.A.;LF;False;0;-;DI;102;-;-;16/08/2027;132;50000;False;PUBLICA;-
LF002500B72;BRCAMRLFI3E6;BANCO RCI BRASIL S.A.;LF;False;0;-;DI;100;0,35;252;25/05/2027;4500;50000;False;PUBLICA;-
LF0021008MC;-;BANCO SAFRA S/A;LF;False;0;-;IPCA;100;4,22;252;17/08/2026;16;61187,5;False;PUBLICA;-
LF0024010AP;-;ITAU UNIBANCO S.A.;LF;False;0;-;DI;102;-;-;15/12/2027;52;50559,03;False;PUBLICA;-
LF002400PFY;-;ITAU UNIBANCO S.A.;LF;False;0;-;DI;102,1;-;-;15/10/2027;200;50000;False;PUBLICA;-
LF002100C5N;-;BANCO SAFRA S/A;LF;False;0;-;IPCA;100;4,87;252;17/08/2026;1;50000;False;PUBLICA;-
LF002400H0K;-;BANCO SAFRA S/A;LF;False;0;-;IPCA;100;6,56;252;15/05/2035;20;50000;False;PUBLICA;-
LF002400YIZ;-;ITAU UNIBANCO S.A.;LF;False;0;-;PREFIXADO;-;13,97;252;30/11/2026;1;300000;False;PUBLICA;-
LF002200CSW;-;BANCO SAFRA S/A;LF;False;0;-;IPCA;100;5,8;252;17/08/2026;8;54375;False;PUBLICA;-
LF002100JBM;-;BANCO SAFRA S/A;LF;False;0;-;IPCA;100;6,01;252;17/08/2026;1;50000;False;PUBLICA;-
LF002400364;-;BANCO SAFRA S/A;LF;False;0;-;IPCA;100;5,93;252;25/01/2029;100;50000;False;PUBLICA;-
LF00210064S;-;BANCO SAFRA S/A;LF;False;0;-;IPCA;100;3,88;252;17/08/2026;5;50000;False;PUBLICA;-
LF002200CTB;-;BANCO SAFRA S/A;LF;False;0;-;IPCA;100;6,28;252;28/04/2032;1;75000;False;PUBLICA;-
LF002400I7K;-;ITAU UNIBANCO S.A.;LF;False;0;-;DI;102;-;-;15/07/2027;60;50000;False;PUBLICA;-
LF002400RTA;-;BANCO SAFRA S/A;LF;False;0;-;IPCA;100;6,38;252;15/05/2045;1;59500;False;PUBLICA;-
LF002400M10;-;ITAU UNIBANCO S.A.;LF;False;0;-;DI;102;-;-;15/09/2027;90;50000;False;PUBLICA;-
LF002600K0T;-;ITAU UNIBANCO S.A.;LF;False;0;-;PREFIXADO;-;14,25;252;02/07/2029;6;50000;False;PUBLICA;-
LF002100D1N;-;BANCO SAFRA S/A;LF;False;0;-;IPCA;100;4,73;252;17/08/2026;1;50000;False;PUBLICA;-
LF0022006LP;-;BANCO SAFRA S/A;LF;False;0;-;IPCA;100;5,74;252;17/08/2026;2;53500;False;PUBLICA;-
LF002600MGU;-;ITAU UNIBANCO S.A.;LF;False;0;-;PREFIXADO;-;14,07;252;30/07/2029;10;50000;False;PUBLICA;-
LF0021004A8;-;BANCO SAFRA S/A;LF;False;0;-;IPCA;100;4,09;252;17/08/2026;3;50000;False;PUBLICA;-
LFSC22002DE;BRITUBLFI1J0;ITAU UNIBANCO HOLDING S.A;LFSC;False;0;-;DI;100;2,4;252;26/09/9999;197;300000;False;PUBLICA;-
LF002400NA1;-;BANCO SAFRA S/A;LF;False;0;-;IPCA;100;6,28;252;15/05/2029;4;50000;False;PUBLICA;-
LF002100FFX;-;BANCO SAFRA S/A;LF;False;0;-;IPCA;100;5,06;252;17/08/2026;20;50000;False;PUBLICA;-
LF0021007OP;-;BANCO SAFRA S/A;LF;False;0;-;IPCA;100;4,66;252;16/06/2031;2;50000;False;PUBLICA;-
LF002600H6W;-;ITAU UNIBANCO S.A.;LF;False;0;-;PREFIXADO;-;14,77;252;11/06/2029;2;50000;False;PUBLICA;-
LF0021006FU;-;BANCO SAFRA S/A;LF;False;0;-;IPCA;100;3,97;252;17/08/2026;4;50000;False;PUBLICA;-
LF0021004AG;-;BANCO SAFRA S/A;LF;False;0;-;IPCA;100;4,11;252;17/08/2026;4;55000;False;PUBLICA;-
LF002100GUO;-;BANCO SAFRA S/A;LF;False;0;-;IPCA;100;5,07;252;17/08/2026;1;50000;False;PUBLICA;-
LF0021002RV;-;BANCO SAFRA S/A;LF;False;0;-;IPCA;100;4,25;252;12/03/2031;1;60000;False;PUBLICA;-
LF002400J5K;-;ITAU UNIBANCO S.A.;LF;False;0;-;DI;102;-;-;16/08/2027;15;50000;False;PUBLICA;-
LF002100FZS;-;BANCO SAFRA S/A;LF;False;0;-;IPCA;100;5;252;17/08/2026;2;80000;False;PUBLICA;-
LF002100DQ7;-;BANCO SAFRA S/A;LF;False;0;-;IPCA;100;5,07;252;15/05/2035;2;57900;False;PUBLICA;-
LF002400JG4;-;ITAU UNIBANCO S.A.;LF;False;0;-;DI;102;-;-;16/08/2027;22;50000;False;PUBLICA;-
LF002307YKP;-;BANCO SAFRA S/A;LF;False;0;-;PREFIXADO;-;11,7;252;25/10/2028;8;55000;False;PUBLICA;-
LF00210071T;-;BANCO SAFRA S/A;LF;False;0;-;IPCA;100;3,79;252;17/08/2026;1;50000;False;PUBLICA;-
LF0024012T7;-;ITAU UNIBANCO S.A.;LF;False;0;-;IPCA;100;8,25;252;13/12/2027;1;5000000;False;PUBLICA;-
LF002400EZN;-;BANCO SAFRA S/A;LF;False;0;-;IPCA;100;6,15;252;15/05/2045;1;80000;False;PUBLICA;-
LF002600K0U;-;ITAU UNIBANCO S.A.;LF;False;0;-;IPCA;100;8,16;252;03/07/2028;1;502000;False;PUBLICA;-
LF0021009L7;-;BANCO SAFRA S/A;LF;False;0;-;IPCA;100;4,18;252;17/08/2026;2;50000;False;PUBLICA;-
LF0025005BO;-;ITAU UNIBANCO S.A.;LF;False;0;-;DI;102;-;-;18/02/2030;8;60000;False;PUBLICA;-
LF00210021U;-;BANCO SAFRA S/A;LF;False;0;-;IPCA;100;3,78;252;17/08/2026;5;50000;False;PUBLICA;-
LF002100JM7;BRBSAFLTR8O6;BANCO SAFRA S/A;LF;False;0;-;IPCA;100;5,93;252;17/08/2026;2;60000;False;PUBLICA;-
LF002600A2T;-;BANCO SAFRA S/A;LF;False;0;-;PREFIXADO;-;13,85;252;09/04/2029;70;50000;False;PUBLICA;-
LF002100CTM;-;BANCO SAFRA S/A;LF;False;0;-;IPCA;100;5,7;252;25/08/2026;8;64250;False;PUBLICA;-
LF002400TV3;-;ITAU UNIBANCO S.A.;LF;False;0;-;PREFIXADO;-;13,07;252;24/10/2029;1;300000;False;PUBLICA;-
LF002200DZ5;-;BANCO SAFRA S/A;LF;False;0;-;IPCA;100;5,96;252;17/08/2026;1;50000;False;PUBLICA;-
LF002600M08;-;ITAU UNIBANCO S.A.;LF;False;0;-;DI;101,5;-;-;24/07/2030;12;50000;False;PUBLICA;-
LF002200CMZ;-;BANCO SAFRA S/A;LF;False;0;-;IPCA;100;5,72;252;17/08/2026;1;50000;False;PUBLICA;-
LF0021006MQ;-;BANCO SAFRA S/A;LF;False;0;-;IPCA;100;3,99;252;17/08/2026;6;50000;False;PUBLICA;-
LF0021002Q2;-;BANCO SAFRA S/A;LF;False;0;-;IPCA;100;3,46;252;17/08/2026;2;50000;False;PUBLICA;-
LF0024005KI;-;BANCO SAFRA S/A;LF;False;0;-;IPCA;100;4,88;252;13/02/2030;1;60000;False;PUBLICA;-
LF0022005RP;-;BANCO SAFRA S/A;LF;False;0;-;IPCA;100;5,72;252;17/08/2026;1;55000;False;PUBLICA;-
LF002100F9B;-;BANCO SAFRA S/A;LF;False;0;-;IPCA;100;5,01;252;17/08/2026;1;50000;False;PUBLICA;-
LF002100KOW;BRBSAFLTRDM0;BANCO SAFRA S/A;LF;False;0;-;IPCA;100;5,61;252;17/08/2026;10;50000;False;PUBLICA;-
LF002306OWG;-;BANCO BRADESCO S/A;LF;False;0;-;IPCA;100;5,08;252;01/09/2028;1;50000;False;PUBLICA;-
LF002100CI0;-;BANCO SAFRA S/A;LF;False;0;-;IPCA;100;5,11;252;17/08/2026;8;53625;False;PUBLICA;-
LF002400OQV;-;ITAU UNIBANCO S.A.;LF;False;0;-;DI;102;-;-;15/09/2027;620;50000;False;PUBLICA;-
LFSN21003EF;BRBITALFIX49;ITAU UNIBANCO HOLDING S.A;LFSN;False;0;-;DI;100;2;252;21/10/2031;4;400000;False;PUBLICA;-
LF0024012YX;-;ITAU UNIBANCO S.A.;LF;False;0;-;IPCA;100;8,42;252;16/12/2026;1;1275000;False;PUBLICA;-
LF002400S4Y;-;ITAU UNIBANCO S.A.;LF;False;0;-;DI;102;-;-;15/10/2027;70;50642,86;False;PUBLICA;-
LF002600J2W;-;ITAU UNIBANCO S.A.;LF;False;0;-;DI;101,5;-;-;23/06/2031;4000;50000;False;PUBLICA;-
LF002100AXF;-;BANCO SAFRA S/A;LF;False;0;-;IPCA;100;4,57;252;17/08/2026;4;50000;False;PUBLICA;-
LF0022001F1;-;BANCO SAFRA S/A;LF;False;0;-;IPCA;100;5,7;252;17/08/2026;40;50000;False;PUBLICA;-
LF002100322;-;BANCO SAFRA S/A;LF;False;0;-;IPCA;100;3,66;252;17/08/2026;2;50000;False;PUBLICA;-
LF002400H4S;-;BANCO SAFRA S/A;LF;False;0;-;IPCA;100;6,34;252;15/05/2035;1;50000;False;PUBLICA;-
LF0023089UA;-;BANCO SAFRA S/A;LF;False;0;-;DI;103;-;-;23/11/2028;2;50500;False;PUBLICA;-
LF0025009Y2;-;ITAU UNIBANCO S.A.;LF;False;0;-;DI;101,5;-;-;17/04/2028;60;50000;False;PUBLICA;-
LF0024012T2;-;ITAU UNIBANCO S.A.;LF;False;0;-;IPCA;100;8,43;252;14/12/2026;1;15000000;False;PUBLICA;-
LF002100IQK;-;BANCO SAFRA S/A;LF;False;0;-;IPCA;100;5,85;252;17/08/2026;5;50000;False;PUBLICA;-
LF002400OQO;-;ITAU UNIBANCO S.A.;LF;False;0;-;DI;102;-;-;15/09/2027;46;50000;False;PUBLICA;-
LF002400RYY;-;BANCO SAFRA S/A;LF;False;0;-;IPCA;100;6,38;252;15/05/2045;1;50490;False;PUBLICA;-
LF002100HQ8;-;BANCO SAFRA S/A;LF;False;0;-;IPCA;100;6,44;252;21/10/2026;200;50000;False;PUBLICA;-
LF0025003VM;-;ITAU UNIBANCO S.A.;LF;False;0;-;PREFIXADO;-;15,28;252;01/02/2027;1;50000;False;PUBLICA;-
LF002500A7Q;-;ITAU UNIBANCO S.A.;LF;False;0;-;DI;101,5;-;-;15/05/2028;80;50000;False;PUBLICA;-
LF002400R1Z;-;ITAU UNIBANCO S.A.;LF;False;0;-;DI;102;-;-;15/10/2027;78;50089,75;False;PUBLICA;-
LF002100EOU;-;BANCO SAFRA S/A;LF;False;0;-;IPCA;100;4,91;252;17/08/2026;1;70000;False;PUBLICA;-
LF0025005EL;-;ITAU UNIBANCO S.A.;LF;False;0;-;DI;101,8;-;-;15/03/2028;80;50000;False;PUBLICA;-
LF002600ES2;-;ITAU UNIBANCO S.A.;LF;False;0;-;PREFIXADO;-;14,22;252;14/05/2031;10;50000;False;PUBLICA;-
LF002500EU4;BRDAYCLTF751;BANCO DAYCOVAL S/A;LF;False;0;-;DI;100;0,65;252;27/06/2029;14000;50000;False;PUBLICA;-
LF002100GV6;-;BANCO SAFRA S/A;LF;False;0;-;PREFIXADO;-;11,17;252;13/10/2027;6;50000;False;PUBLICA;-
LF002100965;-;BANCO SAFRA S/A;LF;False;0;-;IPCA;100;4,15;252;17/08/2026;4;50167,5;False;PUBLICA;-
LF002100Q1I;-;BANCO SAFRA S/A;LF;False;0;-;IPCA;100;5,53;252;17/08/2026;1;50000;False;PUBLICA;-
LF0025007YY;-;ITAU UNIBANCO S.A.;LF;False;0;-;PREFIXADO;-;14,57;252;22/03/2027;76;50000;False;PUBLICA;-
LF002400M61;-;ITAU UNIBANCO S.A.;LF;False;0;-;DI;100;0,2;252;15/09/2026;300;50000;False;PUBLICA;-
LF002200F6E;-;BANCO SAFRA S/A;LF;False;0;-;PREFIXADO;-;12,77;252;28/05/2027;19;50000;False;PUBLICA;-
LFSN21003LB;BRBITALFIXA3;ITAU UNIBANCO HOLDING S.A;LFSN;False;0;-;DI;100;2;252;21/10/2031;556;400000;False;PUBLICA;-
LF00210068K;-;BANCO SAFRA S/A;LF;False;0;-;IPCA;100;5,38;252;15/05/2028;6;50000;False;PUBLICA;-
LF002400WNH;-;ITAU UNIBANCO S.A.;LF;False;0;-;PREFIXADO;-;13,41;252;23/11/2026;1;1600000;False;PUBLICA;-
LF00210043N;-;ITAU UNIBANCO S.A.;LF;False;0;-;IPCA;100;3,8;252;03/04/2028;20;50000;False;PUBLICA;-
LFSC250099E;BRITUBLFI241;ITAU UNIBANCO HOLDING S.A;LFSC;False;0;-;DI;100;1,15;252;06/10/9999;4617;300000;False;PUBLICA;-
LF00210096R;-;BANCO SAFRA S/A;LF;False;0;-;IPCA;100;4,15;252;17/08/2026;3;50000;False;PUBLICA;-
LF002400OK5;-;BANCO SAFRA S/A;LF;False;0;-;IPCA;100;6,8;252;15/09/2026;20;50000;False;PUBLICA;-
LF002400R1X;-;ITAU UNIBANCO S.A.;LF;False;0;-;DI;101,5;-;-;02/10/2026;60;50000;False;PUBLICA;-
LF002200M7Q;-;ITAU UNIBANCO S.A.;LF;False;0;-;IPCA;100;6,46;252;31/08/2027;40;50000;False;PUBLICA;-
LF002100JF6;BRBSAFLTR7F6;BANCO SAFRA S/A;LF;False;0;-;IPCA;100;6,55;252;03/11/2026;10;50000;False;PUBLICA;-
LF0021009RC;-;BANCO SAFRA S/A;LF;False;0;-;IPCA;100;4,05;252;17/08/2026;7;52571,428572;False;PUBLICA;-
LF002400P5J;-;ITAU UNIBANCO S.A.;LF;False;0;-;DI;102;-;-;15/10/2027;54;50000;False;PUBLICA;-
LFSN21003IN;BRBITALFIX72;ITAU UNIBANCO HOLDING S.A;LFSN;False;0;-;DI;100;2;252;22/09/2031;1;400000;False;PUBLICA;-
LF002100JKH;BRBSAFLTR7V3;BANCO SAFRA S/A;LF;False;0;-;IPCA;100;5,95;252;17/08/2026;1;62000;False;PUBLICA;-
LF002100EH6;-;BANCO SAFRA S/A;LF;False;0;-;IPCA;100;4,88;252;17/08/2026;10;50000;False;PUBLICA;-
LF002400JWB;BRBSAFLNNDL4;BANCO SAFRA S/A;LF;False;0;-;DI;100;0,4;252;28/09/2026;2500;50000;False;PUBLICA;-
LF0022004T6;BRBSAFLNN2L5;BANCO SAFRA S/A;LF;False;0;-;DI;100;1,35;252;10/02/2027;6;50000;False;PUBLICA;-
LF002500BSW;-;ITAU UNIBANCO S.A.;LF;False;0;-;DI;101;-;-;10/05/2027;100;88897,75;False;PUBLICA;-
LFSN21003TP;BRBITALFIXI6;ITAU UNIBANCO HOLDING S.A;LFSN;False;0;-;DI;100;2;252;22/09/2031;15;400000;False;PUBLICA;-
LF002200JX7;-;BANCO SAFRA S/A;LF;False;0;-;IPCA;100;6,75;252;17/08/2026;20;50000;False;PUBLICA;-
LF002600KB3;-;ITAU UNIBANCO S.A.;LF;False;0;-;IPCA;100;8,39;252;03/07/2028;20;69100;False;PUBLICA;-
LF002100GQZ;-;BANCO SAFRA S/A;LF;False;0;-;IPCA;100;5,08;252;17/08/2026;6;56666,666667;False;PUBLICA;-
LF0021008SX;-;BANCO SAFRA S/A;LF;False;0;-;IPCA;100;4,76;252;30/06/2031;10;50000;False;PUBLICA;-
LF002400LZN;-;BANCO SAFRA S/A;LF;False;0;-;IPCA;100;6,27;252;15/05/2029;8;50000;False;PUBLICA;-
LF0021008MD;-;BANCO SAFRA S/A;LF;False;0;-;IPCA;100;4,53;252;15/05/2035;1;50000;False;PUBLICA;-
LF002400UJV;-;ITAU UNIBANCO S.A.;LF;False;0;-;DI;102;-;-;16/11/2027;1240;50000;False;PUBLICA;-
LF002100JWZ;BRBSAFLTR9D7;BANCO SAFRA S/A;LF;False;0;-;IPCA;100;5,61;252;17/08/2026;1;69000;False;PUBLICA;-
LF002500BSZ;-;ITAU UNIBANCO S.A.;LF;False;0;-;DI;101,5;-;-;15/05/2028;20;50000;False;PUBLICA;-
LF002200FLR;-;BANCO SAFRA S/A;LF;False;0;-;IPCA;100;6,02;252;17/08/2026;10;50000;False;PUBLICA;-
LFSC22002DN;BRITUBLFI1J0;ITAU UNIBANCO HOLDING S.A;LFSC;False;0;-;DI;100;2,4;252;26/09/9999;19;300000;False;PUBLICA;-
LF002100A64;-;BANCO SAFRA S/A;LF;False;0;-;IPCA;100;4,23;252;17/08/2026;3;111000;False;PUBLICA;-
LF002400L41;-;ITAU UNIBANCO S.A.;LF;False;0;-;DI;102;-;-;16/08/2027;10;62600;False;PUBLICA;-
LFSN21001PN;BRBSAFLFNNR6;BANCO SAFRA S/A;LFSN;False;0;-;DI;100;2;252;15/05/2028;1;300000;False;PUBLICA;-
LF0025004Z4;-;ITAU UNIBANCO S.A.;LF;False;0;-;DI;101,8;-;-;15/02/2028;23;50000;False;PUBLICA;-
LF002100E2O;-;BANCO SAFRA S/A;LF;False;0;-;IPCA;100;5,12;252;17/08/2026;6;50000;False;PUBLICA;-
LF0021005IR;-;BANCO SAFRA S/A;LF;False;0;-;IPCA;100;3,88;252;17/08/2026;1;99000;False;PUBLICA;-
LF002400KEH;-;ITAU UNIBANCO S.A.;LF;False;0;-;DI;102;-;-;16/08/2027;80;50000;False;PUBLICA;-
LF0021008YA;-;BANCO SAFRA S/A;LF;False;0;-;IPCA;100;4,17;252;17/08/2026;6;55333,333334;False;PUBLICA;-
LF002100B8C;-;BANCO SAFRA S/A;LF;False;0;-;IPCA;100;4,45;252;17/08/2026;66;50000;False;PUBLICA;-
LF002100BBQ;-;BANCO SAFRA S/A;LF;False;0;-;IPCA;100;4,82;252;15/05/2035;1;50000;False;PUBLICA;-
LF002500QH8;-;ITAU UNIBANCO S.A.;LF;False;0;-;PREFIXADO;-;13,15;252;07/12/2029;10;50000;False;PUBLICA;-
LF002400E39;-;BANCO SAFRA S/A;LF;False;0;-;IPCA;100;6,07;252;24/05/2029;1;66000;False;PUBLICA;-
LF002400P4Y;-;ITAU UNIBANCO S.A.;LF;False;0;-;DI;102;-;-;15/10/2027;40;50000;False;PUBLICA;-
LF002200BGD;-;BANCO SAFRA S/A;LF;False;0;-;IPCA;100;5,76;252;17/08/2026;1;50000;False;PUBLICA;-
LF002200O5E;-;BANCO SAFRA S/A;LF;False;0;-;PREFIXADO;-;13,99;252;20/10/2037;20;350000;False;PUBLICA;-
LFSN21003IL;BRBITALFIX72;ITAU UNIBANCO HOLDING S.A;LFSN;False;0;-;DI;100;2;252;22/09/2031;2;400000;False;PUBLICA;-
LF002300AHX;-;BANCO SAFRA S/A;LF;False;0;-;PREFIXADO;-;12,49;252;18/01/2029;2;71500;False;PUBLICA;-
LF002100N8K;BRBSAFLFES36;BANCO SAFRA S/A;LF;False;0;-;IPCA;100;5,52;252;17/08/2026;2;68000;False;PUBLICA;-
LF002400L42;-;ITAU UNIBANCO S.A.;LF;False;0;-;DI;102;-;-;16/08/2027;100;50000;False;PUBLICA;-
LF002100QFE;-;BANCO SAFRA S/A;LF;False;0;-;IPCA;100;5,35;252;17/08/2026;1;50000;False;PUBLICA;-
LFSC22002MO;BRITUBLFI1L6;ITAU UNIBANCO HOLDING S.A;LFSC;False;0;-;DI;100;2,4;252;28/09/9999;3;300000;False;PUBLICA;-
LF0021001XF;BRBSAFLTFI80;BANCO SAFRA S/A;LF;False;0;-;IPCA;100;3,48;252;17/08/2026;1;69000;False;PUBLICA;-
LF002400LSL;-;BANCO SAFRA S/A;LF;False;0;-;PREFIXADO;-;11,5;252;17/08/2026;4;50000;False;PUBLICA;-
LF002400G4N;BRBSAFLNNDE9;BANCO SAFRA S/A;LF;False;0;-;DI;100;0,45;252;20/08/2026;10;50000;False;PUBLICA;-
LF00210062Z;-;BANCO SAFRA S/A;LF;False;0;-;IPCA;100;4,57;252;15/05/2035;1;145000;False;PUBLICA;-
LF00230341N;-;ITAU UNIBANCO S.A.;LF;False;0;-;PREFIXADO;-;12,35;252;08/05/2028;1;165000;False;PUBLICA;-
LF0021009NY;-;BANCO SAFRA S/A;LF;False;0;-;IPCA;100;4,14;252;17/08/2026;1;70000;False;PUBLICA;-
LF002302IFU;-;ITAU UNIBANCO S.A.;LF;False;0;-;DI;105;-;-;17/04/2028;10;50000;False;PUBLICA;-
LFSC22002CP;BRITUBLFI1I2;ITAU UNIBANCO HOLDING S.A;LFSC;False;0;-;DI;100;2,4;252;23/09/9999;23;300000;False;PUBLICA;-
LF00240094V;-;ITAU UNIBANCO S.A.;LF;False;0;-;PREFIXADO;-;10,53;252;29/03/2027;20;50000;False;PUBLICA;-
LF002100NF7;BRBSAFLFEU08;BANCO SAFRA S/A;LF;False;0;-;IPCA;100;5,56;252;17/08/2026;1;357000;False;PUBLICA;-
LF002400X8R;-;ITAU UNIBANCO S.A.;LF;False;0;-;DI;102;-;-;15/12/2027;763;50000;False;PUBLICA;-
LF0021008PW;-;BANCO SAFRA S/A;LF;False;0;-;IPCA;100;4,69;252;30/06/2031;1;50000;False;PUBLICA;-
LF002400EBT;-;BANCO SAFRA S/A;LF;False;0;-;DI;101,5;-;-;29/05/2029;3;50000;False;PUBLICA;-
LF002300SK7;-;ITAU UNIBANCO S.A.;LF;False;0;-;PREFIXADO;-;14,2;252;10/02/2033;1;50000;False;PUBLICA;-
LFSC23006SR;BRITUBLFI1R3;ITAU UNIBANCO HOLDING S.A;LFSC;False;0;-;DI;100;1,9;252;09/11/9999;3;350000;False;PUBLICA;-
LF0021004TY;-;BANCO SAFRA S/A;LF;False;0;-;IPCA;100;4,56;252;15/05/2035;2;50000;False;PUBLICA;-
LF002100CQ3;-;BANCO SAFRA S/A;LF;False;0;-;IPCA;100;4,96;252;17/08/2026;1;50000;False;PUBLICA;-
LF002400LT2;-;ITAU UNIBANCO S.A.;LF;False;0;-;DI;102;-;-;16/08/2027;80;50000;False;PUBLICA;-
LF00250090L;-;ITAU UNIBANCO S.A.;LF;False;0;-;DI;101;-;-;17/04/2028;100;50000;False;PUBLICA;-
LF002400G9B;-;ITAU UNIBANCO S.A.;LF;False;0;-;DI;102;-;-;15/07/2027;51;50000;False;PUBLICA;-
LF002100B5W;-;BANCO SAFRA S/A;LF;False;0;-;IPCA;100;4,43;252;17/08/2026;1;50000;False;PUBLICA;-
LF002400NA3;-;BANCO SAFRA S/A;LF;False;0;-;IPCA;100;6,02;252;15/05/2029;1;50000;False;PUBLICA;-
LF0022006IO;-;BANCO SAFRA S/A;LF;False;0;-;IPCA;100;5,76;252;17/08/2026;4;55000;False;PUBLICA;-
LF002100JY5;BRBSAFLTR9C9;BANCO SAFRA S/A;LF;False;0;-;IPCA;100;5,61;252;17/08/2026;2;51000;False;PUBLICA;-
LF0021001TD;BRBSAFLTFGY3;BANCO SAFRA S/A;LF;False;0;-;IPCA;100;4,23;252;15/05/2035;1;80000;False;PUBLICA;-
LF002200EJU;-;BANCO SAFRA S/A;LF;False;0;-;IPCA;100;5,8;252;17/08/2026;3;65000;False;PUBLICA;-
LF002400T2Q;-;BANCO SAFRA S/A;LF;False;0;-;DI;103;-;-;19/10/2026;5;50000;False;PUBLICA;-
LF002100LVO;BRBSAFLFE1D5;BANCO SAFRA S/A;LF;False;0;-;IPCA;100;5,67;252;17/08/2026;1;50000;False;PUBLICA;-
LF002400RYZ;-;BANCO SAFRA S/A;LF;False;0;-;DI;103;-;-;13/10/2027;20;51504,405;False;PUBLICA;-
LF002600II0;-;ITAU UNIBANCO S.A.;LF;False;0;-;PREFIXADO;-;14,66;252;19/06/2028;6;50000;False;PUBLICA;-
LF002600IXZ;-;ITAU UNIBANCO S.A.;LF;False;0;-;PREFIXADO;-;14,7;252;22/06/2028;8;58750;False;PUBLICA;-
LF0026004E3;BRBCOCLFI4N9;BANCO C6 S.A.;LF;False;0;-;DI;100;0,95;252;10/02/2028;9000;50000;False;PUBLICA;-
LF002100HBP;-;BANCO SAFRA S/A;LF;False;0;-;IPCA;100;5,37;252;17/08/2026;1;65000;False;PUBLICA;-
LF002100IPX;-;BANCO SAFRA S/A;LF;False;0;-;IPCA;100;5,79;252;17/08/2026;5;52000;False;PUBLICA;-
LF002400QM2;-;BANCO SAFRA S/A;LF;False;0;-;IPCA;100;6,22;252;12/05/2045;1;73300;False;PUBLICA;-
LF002100CHP;-;BANCO SAFRA S/A;LF;False;0;-;IPCA;100;5,1;252;17/08/2026;4;50000;False;PUBLICA;-
LF002400HMK;-;BANCO SAFRA S/A;LF;False;0;-;IPCA;100;6,51;252;15/05/2029;1;79842,05;False;PUBLICA;-
LF002400C75;-;BANCO SAFRA S/A;LF;False;0;-;PREFIXADO;-;11,18;252;05/05/2028;14;50000;False;PUBLICA;-
LF0021002KX;-;BANCO SAFRA S/A;LF;False;0;-;IPCA;100;4,24;252;08/03/2027;5;66800;False;PUBLICA;-
LF002500A7N;-;ITAU UNIBANCO S.A.;LF;False;0;-;DI;101;-;-;15/05/2028;30;50000;False;PUBLICA;-
LF002400JTW;-;ITAU UNIBANCO S.A.;LF;False;0;-;DI;102;-;-;16/08/2027;120;50000;False;PUBLICA;-
LF0021008DP;-;BANCO SAFRA S/A;LF;False;0;-;IPCA;100;4,24;252;17/08/2026;22;50000;False;PUBLICA;-
LF002100EL1;-;BANCO SAFRA S/A;LF;False;0;-;IPCA;100;4,92;252;17/08/2026;10;50000;False;PUBLICA;-
LF00210064K;-;BANCO SAFRA S/A;LF;False;0;-;IPCA;100;4,75;252;13/05/2031;1;50000;False;PUBLICA;-
LF0021001MH;BRBSAFLTFE19;BANCO SAFRA S/A;LF;False;0;-;IPCA;100;3,32;252;17/08/2026;5;50000;False;PUBLICA;-
LF0022005AW;-;BANCO SAFRA S/A;LF;False;0;-;IPCA;100;5,68;252;11/02/2027;1;50000;False;PUBLICA;-
LF002100IJQ;-;BANCO SAFRA S/A;LF;False;0;-;IPCA;100;5,8;252;26/10/2026;1;50000;False;PUBLICA;-
LF002400R1W;-;ITAU UNIBANCO S.A.;LF;False;0;-;DI;101;-;-;01/10/2026;476;50000;False;PUBLICA;-
LF002306YRU;-;BANCO SAFRA S/A;LF;False;0;-;DI;106;-;-;14/09/2026;10;50050;False;PUBLICA;-
LF0025008VL;-;ITAU UNIBANCO S.A.;LF;False;0;-;DI;102;-;-;28/03/2030;1;80000;False;PUBLICA;-
LF002200EOS;-;BANCO SAFRA S/A;LF;False;0;-;IPCA;100;6,46;252;24/05/2032;1;82000;False;PUBLICA;-
LF002400LFM;-;ITAU UNIBANCO S.A.;LF;False;0;-;DI;102;-;-;16/08/2027;3;50000;False;PUBLICA;-
LF00210055U;-;BANCO SAFRA S/A;LF;False;0;-;IPCA;100;4,63;252;23/04/2031;2;50000;False;PUBLICA;-
LF002400GA2;BRBSAFLNNDG4;BANCO SAFRA S/A;LF;False;0;-;DI;100;0,45;252;20/08/2026;13;50000;False;PUBLICA;-
LF002100F54;-;BANCO SAFRA S/A;LF;False;0;-;IPCA;100;5,03;252;17/08/2026;4;50000;False;PUBLICA;-
LF0021006FY;-;BANCO SAFRA S/A;LF;False;0;-;IPCA;100;3,97;252;17/08/2026;1;50000;False;PUBLICA;-
LF002100ERB;-;BANCO SAFRA S/A;LF;False;0;-;IPCA;100;4,99;252;17/08/2026;1;59000;False;PUBLICA;-
LF002100GR1;-;BANCO SAFRA S/A;LF;False;0;-;IPCA;100;5,08;252;17/08/2026;1;50000;False;PUBLICA;-
LF00220006Z;-;BANCO SAFRA S/A;LF;False;0;-;IPCA;100;5,74;252;17/08/2026;3;50000;False;PUBLICA;-
LF00220002C;-;BANCO SAFRA S/A;LF;False;0;-;IPCA;100;5,51;252;17/08/2026;1;55000;False;PUBLICA;-
LF002100CM0;-;BANCO SAFRA S/A;LF;False;0;-;IPCA;100;5,02;252;17/08/2026;1;50000;False;PUBLICA;-
LF002600MQ4;-;ITAU UNIBANCO S.A.;LF;False;0;-;DI;101;-;-;15/08/2029;100;50000;False;PUBLICA;-
LF0021009TY;-;BANCO SAFRA S/A;LF;False;0;-;IPCA;100;4,03;252;17/08/2026;2;50000;False;PUBLICA;-
LF0022001B5;-;BANCO SAFRA S/A;LF;False;0;-;IPCA;100;5,77;252;17/08/2026;1;50000;False;PUBLICA;-
LF002100G2Z;-;BANCO SAFRA S/A;LF;False;0;-;IPCA;100;5,06;252;17/08/2026;1;50000;False;PUBLICA;-
LF002500R3B;-;ITAU UNIBANCO S.A.;LF;False;0;-;DI;101,5;-;-;16/12/2030;728;50000;False;PUBLICA;-
LF0021002CX;-;BANCO SAFRA S/A;LF;False;0;-;IPCA;100;3,58;252;17/08/2026;13;50000;False;PUBLICA;-
LF002100H01;-;BANCO SAFRA S/A;LF;False;0;-;IPCA;100;5,15;252;17/08/2026;1;50000;False;PUBLICA;-
LF0023080QN;-;BANCO SAFRA S/A;LF;False;0;-;PREFIXADO;-;10,77;252;03/11/2026;4;50000;False;PUBLICA;-
LF00210028M;-;BANCO SAFRA S/A;LF;False;0;-;IPCA;100;4,6;252;03/03/2031;1;51000;False;PUBLICA;-
LF002200A81;-;BANCO SAFRA S/A;LF;False;0;-;IPCA;100;6;252;31/03/2032;1;70000;False;PUBLICA;-
LF0021009RH;-;BANCO SAFRA S/A;LF;False;0;-;IPCA;100;4,05;252;17/08/2026;1;70115,29;False;PUBLICA;-
LF00250052U;-;ITAU UNIBANCO S.A.;LF;False;0;-;DI;101,8;-;-;15/03/2028;20;50000;False;PUBLICA;-
LF002400QLV;-;BANCO SAFRA S/A;LF;False;0;-;IPCA;100;6,22;252;12/05/2045;5;50000;False;PUBLICA;-
LF0021005FG;-;BANCO SAFRA S/A;LF;False;0;-;IPCA;100;3,79;252;17/08/2026;1;52000;False;PUBLICA;-
LFSC23006TU;BRITUBLFI1R3;ITAU UNIBANCO HOLDING S.A;LFSC;False;0;-;DI;100;1,9;252;09/11/9999;4;350000;False;PUBLICA;-
LF002400LFK;-;ITAU UNIBANCO S.A.;LF;False;0;-;DI;102;-;-;16/08/2027;150;51560;False;PUBLICA;-
LF0021002HZ;-;BANCO SAFRA S/A;LF;False;0;-;IPCA;100;3,4;252;17/08/2026;1;50000;False;PUBLICA;-
LF0021006PN;-;BANCO SAFRA S/A;LF;False;0;-;IPCA;100;4,02;252;17/08/2026;1;50000;False;PUBLICA;-
LF002100OSR;-;BANCO SAFRA S/A;LF;False;0;-;IPCA;100;5,29;252;17/08/2026;1;50000;False;PUBLICA;-
LF002400O8C;-;ITAU UNIBANCO S.A.;LF;False;0;-;DI;102;-;-;15/09/2027;60;50000;False;PUBLICA;-
LF002100GUJ;-;BANCO SAFRA S/A;LF;False;0;-;IPCA;100;5,07;252;17/08/2026;3;50000;False;PUBLICA;-
LF002400FI7;-;ITAU UNIBANCO S.A.;LF;False;0;-;DI;102,25;-;-;15/06/2027;1000;50000;False;PUBLICA;-
LF00220007B;-;BANCO SAFRA S/A;LF;False;0;-;IPCA;100;5,74;252;17/08/2026;2;50000;False;PUBLICA;-
LF002100GCR;-;BANCO SAFRA S/A;LF;False;0;-;IPCA;100;5,17;252;06/10/2031;2;50000;False;PUBLICA;-
LF0024004NS;-;BANCO BRADESCO S/A;LF;False;0;-;IPCA;100;5,95;252;15/05/2035;1;50000;False;PUBLICA;-
LF002100IYS;-;BANCO SAFRA S/A;LF;False;0;-;IPCA;100;5,89;252;17/08/2026;1;80000;False;PUBLICA;-
LF002400L44;-;ITAU UNIBANCO S.A.;LF;False;0;-;DI;102;-;-;16/08/2027;16;50000;False;PUBLICA;-
LFSN21003E6;BRBITALFIX23;ITAU UNIBANCO HOLDING S.A;LFSN;False;0;-;DI;100;2;252;21/10/2031;80;400000;False;PUBLICA;-
LF0021004M3;-;BANCO SAFRA S/A;LF;False;0;-;IPCA;100;4,23;252;17/08/2026;1;50000;False;PUBLICA;-
LF002100J98;-;BANCO SAFRA S/A;LF;False;0;-;IPCA;100;6,01;252;17/08/2026;1;50000;False;PUBLICA;-
LF002400N30;-;BANCO SAFRA S/A;LF;False;0;-;PREFIXADO;-;10,98;252;28/08/2026;4;52054,65;False;PUBLICA;-
LF002600FO8;-;ITAU UNIBANCO S.A.;LF;False;0;-;IPCA;100;7,31;252;25/05/2028;1;616000;False;PUBLICA;-
LF002400OKH;-;ITAU UNIBANCO S.A.;LF;False;0;-;IPCA;100;6,25;252;10/09/2026;2;50000;False;PUBLICA;-
LF002200A9P;-;BANCO SAFRA S/A;LF;False;0;-;DI;104;-;-;01/04/2027;140;50000;False;PUBLICA;-
LF002400HQJ;-;ITAU UNIBANCO S.A.;LF;False;0;-;DI;102;-;-;15/07/2027;2000;50000;False;PUBLICA;-
LF002100EDC;BRBSAFLFNQV1;BANCO SAFRA S/A;LF;False;0;-;IPCA;100;5,66;252;14/09/2026;240;50000;False;PUBLICA;-
LF002100HHV;-;BANCO SAFRA S/A;LF;False;0;-;IPCA;100;5,46;252;17/08/2026;2;50000;False;PUBLICA;-
LF0022004TA;BRBSAFLNN2L5;BANCO SAFRA S/A;LF;False;0;-;DI;100;1,35;252;10/02/2027;8;50000;False;PUBLICA;-
LF0024013QT;-;ITAU UNIBANCO S.A.;LF;False;0;-;IPCA;100;8,14;252;15/12/2028;20;50000;False;PUBLICA;-
LF002307TN4;BRBSAFLNNAY3;BANCO SAFRA S/A;LF;False;0;-;DI;107,2;-;-;13/10/2026;36;50000;False;PUBLICA;-
LF0021003FR;-;BANCO SAFRA S/A;LF;False;0;-;IPCA;100;4,84;252;24/03/2027;1;150000;False;PUBLICA;-
LFSN22005PQ;-;BANCO SAFRA S/A;LFSN;False;0;-;IPCA;-;6,63;252;04/05/2029;2;500000;False;PUBLICA;-
LF0021003DU;-;BANCO SAFRA S/A;LF;False;0;-;IPCA;100;3,92;252;17/08/2026;3;50000;False;PUBLICA;-
LF002100B8B;-;BANCO SAFRA S/A;LF;False;0;-;IPCA;100;4,45;252;17/08/2026;4;50000;False;PUBLICA;-
LF0021009LC;-;BANCO SAFRA S/A;LF;False;0;-;IPCA;100;4,88;252;13/07/2027;4;50000;False;PUBLICA;-
LF002600NFI;-;ITAU UNIBANCO S.A.;LF;False;0;-;DI;101,5;-;-;15/08/2029;52;50000;False;PUBLICA;-
LF0024013QU;-;ITAU UNIBANCO S.A.;LF;False;0;-;IPCA;100;7,98;252;23/12/2026;1;100000;False;PUBLICA;-
LF0025003YJ;-;ITAU UNIBANCO S.A.;LF;False;0;-;PREFIXADO;-;15,19;252;01/02/2027;1;320000;False;PUBLICA;-
LF002400MVN;-;ITAU UNIBANCO S.A.;LF;False;0;-;DI;102;-;-;15/09/2027;72;50000;False;PUBLICA;-
LF002500O1P;-;ITAU UNIBANCO S.A.;LF;False;0;-;PREFIXADO;-;13,56;252;31/10/2035;1;60000;False;PUBLICA;-
LF002500NIS;BRJDEELFI0N8;BANCO JOHN DEERE S.A.;LF;False;0;-;DI;100;0,35;252;03/11/2027;6238;50000;False;PUBLICA;-
LF002400DRO;-;BANCO SAFRA S/A;LF;False;0;-;IPCA;100;6,04;252;15/05/2045;2;50000;False;PUBLICA;-
LF002600C9I;-;ITAU UNIBANCO S.A.;LF;False;0;-;DI;102;-;-;30/04/2029;331;50000;False;PUBLICA;-
LF002400RML;BRCNHCLFI3S5;BANCO CNH INDUSTRIAL CAPITAL S/A;LF;False;0;-;DI;100;0,5;252;07/10/2027;4000;50000;False;PUBLICA;-
LF0025009H7;-;ITAU UNIBANCO S.A.;LF;False;0;-;DI;101;-;-;17/04/2028;20;53915,65;False;PUBLICA;-
LFSC22002BO;BRITUBLFI1I2;ITAU UNIBANCO HOLDING S.A;LFSC;False;0;-;DI;100;2,4;252;23/09/9999;59;300000;False;PUBLICA;-
LF002200FSW;-;BANCO SAFRA S/A;LF;False;0;-;IPCA;100;5,98;252;17/08/2026;2;50000;False;PUBLICA;-
LF002400RT9;-;BANCO SAFRA S/A;LF;False;0;-;IPCA;100;6,38;252;15/05/2045;3;54296,666667;False;PUBLICA;-
LF002100N43;BRBSAFLFER45;BANCO SAFRA S/A;LF;False;0;-;IPCA;100;5,44;252;17/08/2026;1;50000;False;PUBLICA;-
LFSN22008C2;-;BANCO SAFRA S/A;LFSN;False;0;-;IPCA;-;6,87;252;14/06/2032;1;300000;False;PUBLICA;-
LF0022005XC;-;BANCO SAFRA S/A;LF;False;0;-;IPCA;100;5,69;252;17/08/2026;1;54000;False;PUBLICA;-
LF002100KZP;BRBSAFLTREG0;BANCO SAFRA S/A;LF;False;0;-;IPCA;100;5,56;252;17/08/2026;1;50000;False;PUBLICA;-
LF002400M0D;-;ITAU UNIBANCO S.A.;LF;False;0;-;DI;102;-;-;15/09/2027;20;50000;False;PUBLICA;-
LF002100B8A;-;BANCO SAFRA S/A;LF;False;0;-;IPCA;100;4,45;252;17/08/2026;9;50000;False;PUBLICA;-
LF002500BH7;-;ITAU UNIBANCO S.A.;LF;False;0;-;PREFIXADO;-;13,6;252;29/04/2027;1;200000;False;PUBLICA;-
LFSC22002C4;BRITUBLFI1I2;ITAU UNIBANCO HOLDING S.A;LFSC;False;0;-;DI;100;2,4;252;23/09/9999;18;300000;False;PUBLICA;-
LF002100GJJ;-;BANCO SAFRA S/A;LF;False;0;-;IPCA;100;5,04;252;17/08/2026;5;50000;False;PUBLICA;-
LF00250007B;-;ITAU UNIBANCO S.A.;LF;False;0;-;DI;102;-;-;17/01/2028;369;50052,65;False;PUBLICA;-
LF002400PFW;-;BANCO SAFRA S/A;LF;False;0;-;IPCA;100;6,33;252;18/09/2045;2;63000;False;PUBLICA;-
LF0021003VA;-;BANCO SAFRA S/A;LF;False;0;-;IPCA;100;4,4;252;15/05/2035;1;50000;False;PUBLICA;-
LF002100PG5;-;BANCO SAFRA S/A;LF;False;0;-;IPCA;100;5,25;252;17/08/2026;1;50000;False;PUBLICA;-
LF002400JTJ;-;ITAU UNIBANCO S.A.;LF;False;0;-;DI;102;-;-;16/08/2027;40;50000;False;PUBLICA;-
LF002308524;-;BANCO SAFRA S/A;LF;False;0;-;DI;102,25;-;-;13/11/2026;4;50000;False;PUBLICA;-
LF002100A48;-;BANCO SAFRA S/A;LF;False;0;-;IPCA;100;4,15;252;17/08/2026;2;70000;False;PUBLICA;-
LF0024008DM;-;BANCO SAFRA S/A;LF;False;0;-;IPCA;100;5,91;252;20/03/2030;6;57500;False;PUBLICA;-
LF002100N8I;BRBSAFLFESI3;BANCO SAFRA S/A;LF;False;0;-;IPCA;100;5,53;252;17/08/2026;3;50000;False;PUBLICA;-
LF002600AVA;-;ITAU UNIBANCO S.A.;LF;False;0;-;DI;101,5;-;-;17/04/2028;1;290000;False;PUBLICA;-
LF002100NIK;BRBSAFLFEUF5;BANCO SAFRA S/A;LF;False;0;-;IPCA;100;5,47;252;17/08/2026;1;50000;False;PUBLICA;-
LF002100415;-;BANCO SAFRA S/A;LF;False;0;-;IPCA;100;3,96;252;17/08/2026;1;60000;False;PUBLICA;-
LF002100G38;-;BANCO SAFRA S/A;LF;False;0;-;IPCA;100;5,06;252;17/08/2026;2;67500;False;PUBLICA;-
LF002100CQB;-;BANCO SAFRA S/A;LF;False;0;-;IPCA;100;4,97;252;17/08/2026;2;50000;False;PUBLICA;-
LF002100G7Y;-;BANCO SAFRA S/A;LF;False;0;-;IPCA;100;5,41;252;15/05/2035;1;80000;False;PUBLICA;-
LF002400KH9;-;BANCO SAFRA S/A;LF;False;0;-;IPCA;100;6,33;252;15/05/2045;1;50000;False;PUBLICA;-
LF002600LTG;BRDAYCLTFCJ4;BANCO DAYCOVAL S/A;LF;False;0;-;DI;100;0,45;252;23/07/2029;25690;50000;False;PUBLICA;-
LF002600JIP;-;ITAU UNIBANCO S.A.;LF;False;0;-;DI;101,5;-;-;26/06/2028;2;50000;False;PUBLICA;-
LF002100G6W;-;BANCO SAFRA S/A;LF;False;0;-;IPCA;100;5,17;252;17/08/2026;1;50000;False;PUBLICA;-
LF002400SXE;BRAGBKLFI1O5;BANCO AGIBANK S/A;LF;False;0;-;DI;100;1,1;252;27/10/2026;4300;50000;False;PUBLICA;-
LF0025001XI;-;ITAU UNIBANCO S.A.;LF;False;0;-;DI;102;-;-;17/01/2028;100;50000;False;PUBLICA;-
LF002304Z0K;-;ITAU UNIBANCO S.A.;LF;False;0;-;PREFIXADO;-;11,1;252;10/07/2028;22;50000;False;PUBLICA;-
LF00250090J;-;ITAU UNIBANCO S.A.;LF;False;0;-;IPCA;100;8,16;252;01/04/2030;200;50000;False;PUBLICA;-
LF002100FZR;-;BANCO SAFRA S/A;LF;False;0;-;PREFIXADO;-;11,86;252;05/10/2026;30;50000;False;PUBLICA;-
LF00210064G;-;BANCO SAFRA S/A;LF;False;0;-;IPCA;100;3,88;252;17/08/2026;20;50000;False;PUBLICA;-
LF002600DNK;-;ITAU UNIBANCO S.A.;LF;False;0;-;DI;101;-;-;08/05/2028;200;50000;False;PUBLICA;-
LF002100EHH;-;BANCO SAFRA S/A;LF;False;0;-;IPCA;100;4,92;252;17/08/2026;20;50000;False;PUBLICA;-
LF002400E8Y;-;BANCO SAFRA S/A;LF;False;0;-;PREFIXADO;-;11,29;252;27/05/2030;2;50000;False;PUBLICA;-
LF002400LT4;-;ITAU UNIBANCO S.A.;LF;False;0;-;DI;102;-;-;16/08/2027;178;50000;False;PUBLICA;-
LF0021005OJ;-;BANCO SAFRA S/A;LF;False;0;-;IPCA;100;4,6;252;15/05/2035;2;50000;False;PUBLICA;-
LF0022008G9;-;BANCO SAFRA S/A;LF;False;0;-;IPCA;100;6,57;252;17/03/2032;2;50000;False;PUBLICA;-
LF002400DX0;-;BANCO SAFRA S/A;LF;False;0;-;IPCA;100;6,05;252;15/05/2045;3;56666,666667;False;PUBLICA;-
LF002400NXJ;-;ITAU UNIBANCO S.A.;LF;False;0;-;DI;102;-;-;15/09/2027;60;50000;False;PUBLICA;-
LF0021003RS;-;BANCO SAFRA S/A;LF;False;0;-;IPCA;100;4,49;252;15/05/2035;4;50000;False;PUBLICA;-
LF00210052C;-;BANCO SAFRA S/A;LF;False;0;-;IPCA;100;4,14;252;17/08/2026;12;50000;False;PUBLICA;-
LF002100CCA;-;BANCO SAFRA S/A;LF;False;0;-;IPCA;100;4,93;252;17/08/2026;3;50000;False;PUBLICA;-
LF0021001ZD;BRBSAFLTFIS1;BANCO SAFRA S/A;LF;False;0;-;IPCA;100;4,52;252;01/03/2027;2;50000;False;PUBLICA;-
LF0024012SZ;-;ITAU UNIBANCO S.A.;LF;False;0;-;IPCA;100;8,43;252;14/12/2026;1;1000000;False;PUBLICA;-
LF0021005LF;-;BANCO SAFRA S/A;LF;False;0;-;IPCA;100;3,86;252;17/08/2026;4;50000;False;PUBLICA;-
LF00210071Z;-;BANCO SAFRA S/A;LF;False;0;-;IPCA;100;3,76;252;18/08/2026;1;50000;False;PUBLICA;-
LF0021006FO;-;BANCO SAFRA S/A;LF;False;0;-;IPCA;100;3,97;252;17/08/2026;1;50000;False;PUBLICA;-
LF002600EB2;-;ITAU UNIBANCO S.A.;LF;False;0;-;DI;101,5;-;-;13/05/2030;40;126700;False;PUBLICA;-
LF002400I50;-;ITAU UNIBANCO S.A.;LF;False;0;-;DI;102;-;-;15/07/2027;100;56800;False;PUBLICA;-
LF002100BW6;-;BANCO SAFRA S/A;LF;False;0;-;IPCA;100;4,81;252;17/08/2026;2;67000;False;PUBLICA;-
LF002400KUW;BRBSAFLNNDM2;BANCO SAFRA S/A;LF;False;0;-;DI;100;0,4;252;05/10/2026;133;50000;False;PUBLICA;-
LF0021003G7;-;BANCO SAFRA S/A;LF;False;0;-;IPCA;100;3,93;252;17/08/2026;1;50000;False;PUBLICA;-
LF0021002RM;-;BANCO SAFRA S/A;LF;False;0;-;IPCA;100;4,25;252;12/03/2031;1;50000;False;PUBLICA;-
LF002100HC4;-;BANCO SAFRA S/A;LF;False;0;-;IPCA;100;5,37;252;17/08/2026;1;50000;False;PUBLICA;-
LF002100EP3;-;ITAU UNIBANCO S.A.;LF;False;0;-;DI;106;-;-;21/10/2026;1;2600000;False;PUBLICA;-
LF002100OXQ;-;BANCO SAFRA S/A;LF;False;0;-;IPCA;100;5,25;252;17/08/2026;2;53500;False;PUBLICA;-
LF0024001PM;-;BANCO BMG S/A;LF;False;0;-;DI;100;1,5;252;13/11/2028;38;101521,8715;False;PUBLICA;-
LF002400IVJ;-;BANCO SAFRA S/A;LF;False;0;-;IPCA;100;6,04;252;15/05/2029;1;77000;False;PUBLICA;-
LF002600A3U;-;ITAU UNIBANCO S.A.;LF;False;0;-;IPCA;100;7,33;252;09/04/2029;1;50000;False;PUBLICA;-
LF002600LGV;-;BANCO SAFRA S/A;LF;False;0;-;PREFIXADO;-;14,2;252;22/07/2030;10;56000;False;PUBLICA;-
LF002100LHC;-;BANCO SAFRA S/A;LF;False;0;-;IPCA;100;5,26;252;13/11/2026;2;50000;False;PUBLICA;-
LF002100937;-;BANCO SAFRA S/A;LF;False;0;-;IPCA;100;4,14;252;17/08/2026;1;55000;False;PUBLICA;-
LF002400JW1;BRBSAFLNNDL4;BANCO SAFRA S/A;LF;False;0;-;DI;100;0,4;252;28/09/2026;187;50000;False;PUBLICA;-
LF002302YN7;BRBITALFN3H7;ITAU UNIBANCO S.A.;LF;False;0;-;DI;105,5;-;-;15/05/2028;800;50000;False;PUBLICA;-
LF002500KRE;-;ITAU UNIBANCO S.A.;LF;False;0;-;IPCA;100;7,6;252;11/09/2028;1;50000;False;PUBLICA;-
LF002400G4H;BRBSAFLNNDE9;BANCO SAFRA S/A;LF;False;0;-;DI;100;0,45;252;20/08/2026;3;50000;False;PUBLICA;-
LF0021005TF;-;BANCO SAFRA S/A;LF;False;0;-;IPCA;100;3,89;252;17/08/2026;1;50000;False;PUBLICA;-
LF002100DH2;BRBSAFLFEZI8;BANCO SAFRA S/A;LF;False;0;-;IPCA;100;4,76;252;17/08/2026;2;60000;False;PUBLICA;-
LF002400FL0;-;BANCO SAFRA S/A;LF;False;0;-;IPCA;100;6,74;252;15/06/2029;120;50000;False;PUBLICA;-
LF002305CR1;-;BANCO SAFRA S/A;LF;False;0;-;PREFIXADO;-;11,43;252;21/07/2028;22;51363,636364;False;PUBLICA;-
LF002400DKN;-;BANCO SAFRA S/A;LF;False;0;-;IPCA;100;6,03;252;15/05/2045;6;50000;False;PUBLICA;-
LF002500RWA;-;ITAU UNIBANCO S.A.;LF;False;0;-;PREFIXADO;-;13,39;252;24/12/2035;1;60000;False;PUBLICA;-
LF002100J9V;-;BANCO SAFRA S/A;LF;False;0;-;IPCA;100;6,01;252;17/08/2026;52;50000;False;PUBLICA;-
LF002400NN5;-;ITAU UNIBANCO S.A.;LF;False;0;-;IPCA;100;6,49;252;04/09/2028;20;50000;False;PUBLICA;-
LF00210068L;-;BANCO SAFRA S/A;LF;False;0;-;IPCA;100;5,05;252;13/05/2027;2;55000;False;PUBLICA;-
LF002100BWK;-;BANCO SAFRA S/A;LF;False;0;-;IPCA;100;4,81;252;17/08/2026;1;295000;False;PUBLICA;-
LF002100I3U;-;BANCO SAFRA S/A;LF;False;0;-;IPCA;100;5,74;252;17/08/2026;1;50000;False;PUBLICA;-
LF002400OKL;-;ITAU UNIBANCO S.A.;LF;False;0;-;DI;102;-;-;15/09/2027;92;50219,23;False;PUBLICA;-
LF0025001RW;-;ITAU UNIBANCO S.A.;LF;False;0;-;DI;102;-;-;17/01/2028;200;50000;False;PUBLICA;-
LF0023021RO;-;BANCO SAFRA S/A;LF;False;0;-;PREFIXADO;-;12,63;252;26/03/2029;5;58000;False;PUBLICA;-
LF002400RZ1;-;ITAU UNIBANCO S.A.;LF;False;0;-;DI;101;-;-;09/10/2026;600;50000;False;PUBLICA;-
LF002100E2R;-;BANCO SAFRA S/A;LF;False;0;-;IPCA;100;5,12;252;17/08/2026;1;69000;False;PUBLICA;-
LF0021001KT;BRBSAFLTFDC6;BANCO SAFRA S/A;LF;False;0;-;IPCA;100;3,32;252;17/08/2026;5;50000;False;PUBLICA;-
LF002600NJG;-;ITAU UNIBANCO S.A.;LF;False;0;-;DI;101,5;-;-;15/08/2029;40;50000;False;PUBLICA;-
LF002600IPC;-;ITAU UNIBANCO S.A.;LF;False;0;-;IPCA;100;8,6;252;19/06/2028;1;80000;False;PUBLICA;-
LF002400KEN;-;ITAU UNIBANCO S.A.;LF;False;0;-;DI;102;-;-;16/08/2027;25;54600;False;PUBLICA;-
LFSN21003L7;BRBITALFIXA3;ITAU UNIBANCO HOLDING S.A;LFSN;False;0;-;DI;100;2;252;21/10/2031;1;400000;False;PUBLICA;-
LF002100GXR;-;BANCO SAFRA S/A;LF;False;0;-;IPCA;100;5,44;252;14/10/2026;5;50000;False;PUBLICA;-
LF002307N5T;-;BANCO SAFRA S/A;LF;False;0;-;DI;103;-;-;05/10/2026;20;50000;False;PUBLICA;-
LF0023088BS;-;BANCO SAFRA S/A;LF;False;0;-;PREFIXADO;-;10,6;252;19/11/2029;1;50000;False;PUBLICA;-
LF0021007P0;-;BANCO SAFRA S/A;LF;False;0;-;IPCA;100;4,66;252;16/06/2031;1;225000;False;PUBLICA;-
LF002600KN8;-;ITAU UNIBANCO S.A.;LF;False;0;-;PREFIXADO;-;14,32;252;09/07/2029;8;60000;False;PUBLICA;-
LF002100HC9;-;BANCO SAFRA S/A;LF;False;0;-;IPCA;100;5,37;252;17/08/2026;2;66500;False;PUBLICA;-
LF002100DE4;-;BANCO SAFRA S/A;LF;False;0;-;IPCA;100;4,94;252;01/09/2031;1;50000;False;PUBLICA;-
LF002400QLT;-;BANCO SAFRA S/A;LF;False;0;-;IPCA;100;6,22;252;12/05/2045;1;90000;False;PUBLICA;-
LF002400RTI;-;ITAU UNIBANCO S.A.;LF;False;0;-;DI;102;-;-;15/10/2027;766;50000;False;PUBLICA;-
LFSN21003ME;BRBITALFIXD7;ITAU UNIBANCO HOLDING S.A;LFSN;False;0;-;DI;100;2;252;21/10/2031;1;400000;False;PUBLICA;-
LF002400L3U;-;ITAU UNIBANCO S.A.;LF;False;0;-;DI;102;-;-;16/08/2027;360;50000;False;PUBLICA;-
LF002200MPF;-;BANCO SAFRA S/A;LF;False;0;-;IPCA;100;5,91;252;14/09/2027;2;50000;False;PUBLICA;-
LF002100Q15;-;BANCO SAFRA S/A;LF;False;0;-;IPCA;100;5,53;252;17/08/2026;20;50000;False;PUBLICA;-
LF002400EGC;-;BANCO SAFRA S/A;LF;False;0;-;PREFIXADO;-;11,7;252;01/06/2027;100;50000;False;PUBLICA;-
LF0022008GA;-;BANCO SAFRA S/A;LF;False;0;-;IPCA;100;6,57;252;17/03/2032;2;50000;False;PUBLICA;-
LF0022008U6;-;BANCO SAFRA S/A;LF;False;0;-;IPCA;100;5,97;252;17/08/2026;4;50000;False;PUBLICA;-
LF002100NT5;BRBSAFLFEWO3;BANCO SAFRA S/A;LF;False;0;-;IPCA;100;5,82;252;02/12/2027;4;55000;False;PUBLICA;-
LF002100LAT;BRBSAFLTRFP8;BANCO SAFRA S/A;LF;False;0;-;IPCA;100;5,57;252;17/08/2026;10;50000;False;PUBLICA;-
LF002500APQ;-;ITAU UNIBANCO S.A.;LF;False;0;-;PREFIXADO;-;13,87;252;23/04/2027;50;50000;False;PUBLICA;-
LF002100GXY;-;BANCO SAFRA S/A;LF;False;0;-;IPCA;100;5,05;252;17/08/2026;3;50000;False;PUBLICA;-
LF002400RCJ;-;BANCO SAFRA S/A;LF;False;0;-;IPCA;100;6,31;252;15/05/2045;1;60000;False;PUBLICA;-
LF002400UH5;-;ITAU UNIBANCO S.A.;LF;False;0;-;DI;102;-;-;16/11/2027;460;50000;False;PUBLICA;-
LF002305YNU;-;BANCO SAFRA S/A;LF;False;0;-;DI;110;-;-;09/08/2027;200;50000;False;PUBLICA;-
LF0021002RF;-;BANCO SAFRA S/A;LF;False;0;-;IPCA;100;3,53;252;17/08/2026;1;50000;False;PUBLICA;-
LF002600G42;-;ITAU UNIBANCO S.A.;LF;False;0;-;DI;101,5;-;-;30/05/2028;10;50000;False;PUBLICA;-
LF002100JKI;BRBSAFLTR7V3;BANCO SAFRA S/A;LF;False;0;-;IPCA;100;5,95;252;17/08/2026;1;50000;False;PUBLICA;-
LF002500APP;-;ITAU UNIBANCO S.A.;LF;False;0;-;DI;101;-;-;23/04/2027;412;60000;False;PUBLICA;-
LF002200KAQ;-;BANCO SAFRA S/A;LF;False;0;-;IPCA;100;6,59;252;15/05/2035;2;50000;False;PUBLICA;-
LF002400KA4;-;ITAU UNIBANCO S.A.;LF;False;0;-;DI;102;-;-;16/08/2027;50;65200;False;PUBLICA;-
LF002400PHZ;-;BANCO SAFRA S/A;LF;False;0;-;IPCA;100;6,43;252;15/05/2029;2;50000;False;PUBLICA;-
LF0023068JG;-;BANCO BRADESCO S/A;LF;False;0;-;PREFIXADO;-;10,15;252;18/08/2026;20;50000;False;PUBLICA;-
LF0026008PO;-;ITAU UNIBANCO S.A.;LF;False;0;-;PREFIXADO;-;13,8;252;24/03/2036;1;80000;False;PUBLICA;-
LF0021006MS;-;BANCO SAFRA S/A;LF;False;0;-;IPCA;100;3,97;252;17/08/2026;1;51000;False;PUBLICA;-
LF00250076N;-;ITAU UNIBANCO S.A.;LF;False;0;-;IPCA;100;7,61;252;13/03/2029;1;50000;False;PUBLICA;-
LF002400M0K;-;ITAU UNIBANCO S.A.;LF;False;0;-;DI;102;-;-;15/09/2027;20;56800;False;PUBLICA;-
LF0021001MA;BRBSAFLTFDO1;BANCO SAFRA S/A;LF;False;0;-;IPCA;100;3,36;252;17/08/2026;2;50000;False;PUBLICA;-
LF00210015R;-;ITAU UNIBANCO S.A.;LF;False;0;-;PREFIXADO;-;8,24;252;09/02/2029;1;100000;False;PUBLICA;-
LF002400PFV;-;BANCO SAFRA S/A;LF;False;0;-;IPCA;100;6,33;252;18/09/2045;6;51333,333334;False;PUBLICA;-
LF002200I8I;-;BANCO SAFRA S/A;LF;False;0;-;PREFIXADO;-;12,9;252;23/06/2027;1;50000;False;PUBLICA;-
LF002200CXH;-;BANCO SAFRA S/A;LF;False;0;-;IPCA;100;5,74;252;17/08/2026;1;50000;False;PUBLICA;-
LF002500BH6;-;ITAU UNIBANCO S.A.;LF;False;0;-;DI;101,5;-;-;15/05/2028;340;50266,66;False;PUBLICA;-
LF002100FNR;-;BANCO SAFRA S/A;LF;False;0;-;IPCA;100;5,02;252;17/08/2026;1;50000;False;PUBLICA;-
LF002100IJZ;-;BANCO SAFRA S/A;LF;False;0;-;IPCA;100;5,82;252;17/08/2026;1;54000;False;PUBLICA;-
LF002100LCO;-;BANCO SAFRA S/A;LF;False;0;-;PREFIXADO;-;12,27;252;12/11/2026;10;113379;False;PUBLICA;-
LF002100I2D;-;BANCO SAFRA S/A;LF;False;0;-;IPCA;100;5,74;252;17/08/2026;4;61500;False;PUBLICA;-
LF002500B9K;-;ITAU UNIBANCO S.A.;LF;False;0;-;DI;101,5;-;-;15/05/2028;140;50000;False;PUBLICA;-
LF0021004LN;-;BANCO SAFRA S/A;LF;False;0;-;IPCA;100;4,23;252;17/08/2026;6;50000;False;PUBLICA;-
LF002200G43;-;BANCO SAFRA S/A;LF;False;0;-;IPCA;100;6,13;252;15/05/2035;2;63862,46;False;PUBLICA;-
LF002200CT8;-;BANCO SAFRA S/A;LF;False;0;-;IPCA;100;6,7;252;28/04/2032;6;50000;False;PUBLICA;-
LF002600H6X;-;ITAU UNIBANCO S.A.;LF;False;0;-;IPCA;100;8,43;252;09/06/2031;60;50000;False;PUBLICA;-
LF002400FQA;-;BANCO SAFRA S/A;LF;False;0;-;IPCA;100;6,32;252;15/05/2045;1;50000;False;PUBLICA;-
LFSC22002CD;BRITUBLFI1I2;ITAU UNIBANCO HOLDING S.A;LFSC;False;0;-;DI;100;2,4;252;23/09/9999;1;300000;False;PUBLICA;-
LFSC22002SK;BRITUBLFI1M4;ITAU UNIBANCO HOLDING S.A;LFSC;False;0;-;DI;100;2,4;252;29/09/9999;2;300000;False;PUBLICA;-
LFSC22002CZ;BRITUBLFI1I2;ITAU UNIBANCO HOLDING S.A;LFSC;False;0;-;DI;100;2,4;252;23/09/9999;15;300000;False;PUBLICA;-
LF0021002NM;-;BANCO SAFRA S/A;LF;False;0;-;IPCA;100;3,5;252;17/08/2026;2;50000;False;PUBLICA;-
LF002100D7S;-;BANCO SAFRA S/A;LF;False;0;-;IPCA;100;4,8;252;17/08/2026;1;50000;False;PUBLICA;-
LF0022009T6;-;BANCO SAFRA S/A;LF;False;0;-;IPCA;100;5,09;252;29/03/2027;34;50000;False;PUBLICA;-
LF002100F9W;-;BANCO SAFRA S/A;LF;False;0;-;IPCA;100;5,01;252;17/08/2026;20;50000;False;PUBLICA;-
LF002100637;-;BANCO SAFRA S/A;LF;False;0;-;IPCA;100;4,75;252;12/05/2031;1;60000;False;PUBLICA;-
LF002100C5A;-;BANCO SAFRA S/A;LF;False;0;-;IPCA;100;4,87;252;17/08/2026;3;50000;False;PUBLICA;-
LF0021001ZK;BRBSAFLTFJ06;BANCO SAFRA S/A;LF;False;0;-;IPCA;100;3,68;252;17/08/2026;1;50000;False;PUBLICA;-
LFSN21003DF;BRBITALFIX07;ITAU UNIBANCO HOLDING S.A;LFSN;False;0;-;DI;100;2;252;21/10/2031;2;400000;False;PUBLICA;-
LF002100BWL;-;BANCO SAFRA S/A;LF;False;0;-;IPCA;100;4,81;252;17/08/2026;3;50000;False;PUBLICA;-
LF002400BW5;BRCNHCLFI3K2;BANCO CNH INDUSTRIAL CAPITAL S/A;LF;False;0;-;DI;100;0,75;252;29/04/2027;4900;50000;False;PUBLICA;-
LF0021008ZY;-;BANCO SAFRA S/A;LF;False;0;-;IPCA;100;4,18;252;17/08/2026;1;50000;False;PUBLICA;-
LF002400P57;-;ITAU UNIBANCO S.A.;LF;False;0;-;DI;102;-;-;15/10/2027;150;50000;False;PUBLICA;-
LF002400KXC;-;ITAU UNIBANCO S.A.;LF;False;0;-;DI;102;-;-;16/08/2027;100;57732;False;PUBLICA;-
LF002100C5O;-;BANCO SAFRA S/A;LF;False;0;-;IPCA;100;4,87;252;17/08/2026;1;50000;False;PUBLICA;-
LF002100HCA;-;BANCO SAFRA S/A;LF;False;0;-;IPCA;100;5,37;252;17/08/2026;1;50000;False;PUBLICA;-
LF002100HP9;-;BANCO SAFRA S/A;LF;False;0;-;IPCA;100;5,55;252;17/08/2026;4;50000;False;PUBLICA;-
LF0021008VQ;-;BANCO SAFRA S/A;LF;False;0;-;IPCA;100;4,67;252;30/06/2031;2;50000;False;PUBLICA;-
LF0022004TF;BRBSAFLNN2L5;BANCO SAFRA S/A;LF;False;0;-;DI;100;1,35;252;10/02/2027;6;50000;False;PUBLICA;-
LF002600NBR;-;ITAU UNIBANCO S.A.;LF;False;0;-;DI;101,5;-;-;15/08/2029;200;50000;False;PUBLICA;-
LFSC23006OG;BRITUBLFI1Q5;ITAU UNIBANCO HOLDING S.A;LFSC;False;0;-;DI;100;1,9;252;08/11/9999;1;350000;False;PUBLICA;-
LF0021004TU;-;BANCO SAFRA S/A;LF;False;0;-;IPCA;100;4,13;252;17/08/2026;20;50000;False;PUBLICA;-
LF002304DVM;-;BANCO BRADESCO S/A;LF;False;0;-;DI;106;-;-;21/06/2028;1;50000;False;PUBLICA;-
LF0023070MJ;-;ITAU UNIBANCO S.A.;LF;False;0;-;IPCA;100;5,52;252;13/09/2028;20;50000;False;PUBLICA;-
LF002400LZG;-;BANCO SAFRA S/A;LF;False;0;-;IPCA;100;6,6;252;17/08/2026;73;50191,780822;False;PUBLICA;-
LF0025002HL;-;ITAU UNIBANCO S.A.;LF;False;0;-;PREFIXADO;-;15,51;252;17/12/2026;1;200000;False;PUBLICA;-
LF002400UDA;-;ITAU UNIBANCO S.A.;LF;False;0;-;PREFIXADO;-;12,86;252;03/11/2026;1;100000;False;PUBLICA;-
LF002200FSY;-;BANCO SAFRA S/A;LF;False;0;-;IPCA;100;7,4;252;02/06/2032;40;50000;False;PUBLICA;-
LF002400OHB;-;BANCO SAFRA S/A;LF;False;0;-;IPCA;100;6,31;252;11/09/2045;6;50000;False;PUBLICA;-
LF002100CI5;-;BANCO SAFRA S/A;LF;False;0;-;IPCA;100;5,17;252;17/08/2026;5;54800;False;PUBLICA;-
LF002400DBG;-;BANCO SAFRA S/A;LF;False;0;-;IPCA;100;6,08;252;15/05/2045;20;51500;False;PUBLICA;-
LF00220016A;-;BANCO SAFRA S/A;LF;False;0;-;IPCA;100;5,77;252;17/08/2026;2;65000;False;PUBLICA;-
LF002200B5P;-;BANCO SAFRA S/A;LF;False;0;-;IPCA;100;5,68;252;17/08/2026;2;72500;False;PUBLICA;-
LF002100AXI;-;BANCO SAFRA S/A;LF;False;0;-;IPCA;100;4,57;252;17/08/2026;5;50000;False;PUBLICA;-
LF002200EU9;-;BANCO SAFRA S/A;LF;False;0;-;IPCA;100;5,89;252;17/08/2026;2;54000;False;PUBLICA;-
LF002200I8S;-;ITAU UNIBANCO S.A.;LF;False;0;-;PREFIXADO;-;13,02;252;23/06/2027;1;200000;False;PUBLICA;-
LF002100BHF;-;BANCO SAFRA S/A;LF;False;0;-;IPCA;100;4,62;252;17/08/2026;1;50000;False;PUBLICA;-
LF002100GCY;-;BANCO SAFRA S/A;LF;False;0;-;IPCA;100;5,06;252;17/08/2026;8;51250;False;PUBLICA;-
LF0024004C1;-;BANCO BRADESCO S/A;LF;False;0;-;IPCA;100;5,91;252;15/05/2035;7;50000;False;PUBLICA;-
LF002400KUV;BRBSAFLNNDM2;BANCO SAFRA S/A;LF;False;0;-;DI;100;0,4;252;05/10/2026;2827;50000;False;PUBLICA;-
LF002400OHC;-;BANCO SAFRA S/A;LF;False;0;-;PREFIXADO;-;12,06;252;11/09/2026;200;50000;False;PUBLICA;-
LF002500A7H;-;ITAU UNIBANCO S.A.;LF;False;0;-;DI;101,5;-;-;15/05/2028;60;57050;False;PUBLICA;-
LF002100HPH;-;BANCO SAFRA S/A;LF;False;0;-;IPCA;100;5,69;252;17/08/2026;5;50000;False;PUBLICA;-
LF002400OTO;-;ITAU UNIBANCO S.A.;LF;False;0;-;DI;102;-;-;15/09/2027;4982;50008,63;False;PUBLICA;-
LF0021008LT;-;BANCO SAFRA S/A;LF;False;0;-;IPCA;100;4,17;252;17/08/2026;2;58000;False;PUBLICA;-
LF0026004DV;-;ITAU UNIBANCO S.A.;LF;False;0;-;DI;101;-;-;15/02/2029;2590;50000;False;PUBLICA;-
LF002301XAO;-;ITAU UNIBANCO S.A.;LF;False;0;-;PREFIXADO;-;13,18;252;23/03/2027;1;340000;False;PUBLICA;-
LF002400M0R;-;ITAU UNIBANCO S.A.;LF;False;0;-;DI;102;-;-;15/09/2027;600;50000;False;PUBLICA;-
LF0021003EE;-;BANCO SAFRA S/A;LF;False;0;-;IPCA;100;4,71;252;24/03/2031;1;50000;False;PUBLICA;-
LF0021007YL;-;BANCO SAFRA S/A;LF;False;0;-;IPCA;100;4,22;252;17/08/2026;5;50000;False;PUBLICA;-
LF0021006FW;-;BANCO SAFRA S/A;LF;False;0;-;IPCA;100;4,65;252;15/05/2035;3;50000;False;PUBLICA;-
LF002400LZR;-;BANCO SAFRA S/A;LF;False;0;-;DI;103;-;-;17/08/2026;6;50000;False;PUBLICA;-
LF0022000ZQ;-;BANCO SAFRA S/A;LF;False;0;-;IPCA;100;5,75;252;17/08/2026;2;50000;False;PUBLICA;-
LFSN2200FFR;-;BANCO SAFRA S/A;LFSN;False;0;-;IPCA;-;7,72;252;13/12/2029;1;310000;False;PUBLICA;-
LF0021005OC;-;BANCO SAFRA S/A;LF;False;0;-;IPCA;100;3,92;252;17/08/2026;4;50000;False;PUBLICA;-
LF002100F9Z;-;BANCO SAFRA S/A;LF;False;0;-;IPCA;100;5,01;252;17/08/2026;3;50000;False;PUBLICA;-
LF002400NXF;-;ITAU UNIBANCO S.A.;LF;False;0;-;DI;101;-;-;08/09/2026;440;50000;False;PUBLICA;-
LF002100GXG;-;BANCO SAFRA S/A;LF;False;0;-;IPCA;100;5,05;252;17/08/2026;20;50000;False;PUBLICA;-
LF002306HC9;-;ITAU UNIBANCO S.A.;LF;False;0;-;PREFIXADO;-;11,75;252;29/08/2033;1;100000;False;PUBLICA;-
LF0023012QV;-;ITAU UNIBANCO S.A.;LF;False;0;-;PREFIXADO;-;13,86;252;17/02/2028;1;50000;False;PUBLICA;-
LFSN21003TB;BRBITALFIXI6;ITAU UNIBANCO HOLDING S.A;LFSN;False;0;-;DI;100;2;252;22/09/2031;70;400000;False;PUBLICA;-
LF002100NQ3;BRBSAFLFEWB0;BANCO SAFRA S/A;LF;False;0;-;IPCA;100;5,37;252;17/08/2026;1;50000;False;PUBLICA;-
LF002400SR6;-;ITAU UNIBANCO S.A.;LF;False;0;-;DI;101,8;-;-;16/11/2026;100;50000;False;PUBLICA;-
LF0021002WY;-;BANCO SAFRA S/A;LF;False;0;-;IPCA;100;3,62;252;17/08/2026;1;55000;False;PUBLICA;-
LF00260034X;-;ITAU UNIBANCO S.A.;LF;False;0;-;IPCA;100;7,89;252;28/01/2030;100;50000;False;PUBLICA;-
LF002400OKO;-;ITAU UNIBANCO S.A.;LF;False;0;-;DI;102;-;-;15/09/2027;157;50000;False;PUBLICA;-
LF002100HDL;-;BANCO SAFRA S/A;LF;False;0;-;IPCA;100;5,37;252;17/08/2026;8;50000;False;PUBLICA;-
LF002100G6C;-;BANCO SAFRA S/A;LF;False;0;-;IPCA;100;5,12;252;17/08/2026;5;50000;False;PUBLICA;-
LF002400LZO;-;BANCO SAFRA S/A;LF;False;0;-;IPCA;100;6,01;252;17/08/2026;2;50000;False;PUBLICA;-
LFSC22002SC;BRITUBLFI1M4;ITAU UNIBANCO HOLDING S.A;LFSC;False;0;-;DI;100;2,4;252;29/09/9999;1;300000;False;PUBLICA;-
LF002400M0S;-;ITAU UNIBANCO S.A.;LF;False;0;-;DI;102;-;-;15/09/2027;1200;50000;False;PUBLICA;-
LF0021002B9;-;BANCO SAFRA S/A;LF;False;0;-;IPCA;100;3,61;252;17/08/2026;4;50000;False;PUBLICA;-
LF002400RPK;-;ITAU UNIBANCO S.A.;LF;False;0;-;DI;102;-;-;08/10/2026;33;50000;False;PUBLICA;-
LF00250090H;-;ITAU UNIBANCO S.A.;LF;False;0;-;DI;101;-;-;17/04/2028;60;50000;False;PUBLICA;-
LF0024012T1;-;ITAU UNIBANCO S.A.;LF;False;0;-;DI;102;-;-;15/12/2027;264;50000;False;PUBLICA;-
LF002100HDM;-;BANCO SAFRA S/A;LF;False;0;-;IPCA;100;5,37;252;17/08/2026;1;50000;False;PUBLICA;-
LF002100PFR;-;BANCO SAFRA S/A;LF;False;0;-;PREFIXADO;-;10,89;252;15/12/2031;1;85000;False;PUBLICA;-
LF00250035S;-;ITAU UNIBANCO S.A.;LF;False;0;-;DI;102;-;-;15/02/2028;13;50769,24;False;PUBLICA;-
LF002100ONZ;-;BANCO SAFRA S/A;LF;False;0;-;IPCA;100;5,32;252;17/08/2026;3;56666,666667;False;PUBLICA;-
LF002200CT9;-;BANCO SAFRA S/A;LF;False;0;-;IPCA;100;5,8;252;17/08/2026;4;58807,5;False;PUBLICA;-
LF0021007OG;-;BANCO SAFRA S/A;LF;False;0;-;IPCA;100;3,99;252;17/08/2026;1;50000;False;PUBLICA;-
LF002400TJA;-;ITAU UNIBANCO S.A.;LF;False;0;-;DI;102;-;-;16/11/2027;220;50250;False;PUBLICA;-
LF00220088H;-;BANCO SAFRA S/A;LF;False;0;-;IPCA;100;6,01;252;17/08/2026;5;52400;False;PUBLICA;-
LF002500BH8;-;ITAU UNIBANCO S.A.;LF;False;0;-;IPCA;100;7,98;252;28/04/2027;1;50000;False;PUBLICA;-
LF002400DX5;-;BANCO SAFRA S/A;LF;False;0;-;IPCA;100;6,05;252;15/05/2045;1;50000;False;PUBLICA;-
LF002400IKC;-;ITAU UNIBANCO S.A.;LF;False;0;-;DI;102;-;-;15/07/2027;40;50000;False;PUBLICA;-
LF0022003FW;-;BANCO SAFRA S/A;LF;False;0;-;IPCA;100;5,96;252;15/05/2035;1;50000;False;PUBLICA;-
LF0021009D0;-;BANCO SAFRA S/A;LF;False;0;-;IPCA;100;4,54;252;08/07/2031;3;81000;False;PUBLICA;-
LF002100NSW;BRBSAFLFEWJ3;BANCO SAFRA S/A;LF;False;0;-;IPCA;100;5,52;252;17/08/2026;6;56666,666667;False;PUBLICA;-
LF002100A67;-;BANCO SAFRA S/A;LF;False;0;-;IPCA;100;4,23;252;17/08/2026;1;50000;False;PUBLICA;-
LF002400KUX;BRBSAFLNNDM2;BANCO SAFRA S/A;LF;False;0;-;DI;100;0,4;252;05/10/2026;1777;50000;False;PUBLICA;-
LF002400C4J;-;ITAU UNIBANCO S.A.;LF;False;0;-;IPCA;100;6,22;252;02/05/2028;1;753000;False;PUBLICA;-
LF0025009PO;-;ITAU UNIBANCO S.A.;LF;False;0;-;DI;101;-;-;17/04/2028;220;50000;False;PUBLICA;-
LF002100EZ9;-;BANCO SAFRA S/A;LF;False;0;-;IPCA;100;4,88;252;17/08/2026;2;58000;False;PUBLICA;-
LF002400SQW;-;BANCO SAFRA S/A;LF;False;0;-;IPCA;100;6,59;252;15/05/2029;4;50000;False;PUBLICA;-
LF002200A2X;-;BANCO SAFRA S/A;LF;False;0;-;IPCA;100;5,91;252;01/04/2032;1;50000;False;PUBLICA;-
LF002200E8P;-;BANCO SAFRA S/A;LF;False;0;-;IPCA;100;6,23;252;15/05/2028;6;50000;False;PUBLICA;-
LF0025001RP;-;ITAU UNIBANCO S.A.;LF;False;0;-;DI;102;-;-;18/01/2028;1;56360,98;False;PUBLICA;-
LF002400TUZ;-;ITAU UNIBANCO S.A.;LF;False;0;-;DI;102;-;-;16/11/2027;22;50000;False;PUBLICA;-
LF0021002NE;-;BANCO SAFRA S/A;LF;False;0;-;IPCA;100;3,5;252;17/08/2026;3;50000;False;PUBLICA;-
LF0021006MR;-;BANCO SAFRA S/A;LF;False;0;-;IPCA;100;3,99;252;17/08/2026;1;84487,27;False;PUBLICA;-
LF002100F45;-;BANCO SAFRA S/A;LF;False;0;-;IPCA;100;5,03;252;17/08/2026;27;50037,037038;False;PUBLICA;-
LF002400O4W;-;ITAU UNIBANCO S.A.;LF;False;0;-;DI;102;-;-;15/09/2027;200;51925;False;PUBLICA;-
LF002400QLS;-;BANCO SAFRA S/A;LF;False;0;-;IPCA;100;6,22;252;12/05/2045;2;60000;False;PUBLICA;-
LFSN21003MF;BRBITALFIXD7;ITAU UNIBANCO HOLDING S.A;LFSN;False;0;-;DI;100;2;252;21/10/2031;25;400000;False;PUBLICA;-
LF0025000CN;-;ITAU UNIBANCO S.A.;LF;False;0;-;PREFIXADO;-;15,25;252;06/01/2028;10;50000;False;PUBLICA;-
LF002400E5G;-;BANCO SAFRA S/A;LF;False;0;-;IPCA;100;6,05;252;15/05/2035;4;52500;False;PUBLICA;-
LF002100902;-;BANCO SAFRA S/A;LF;False;0;-;IPCA;100;4,18;252;17/08/2026;1;80000;False;PUBLICA;-
LF002400VKO;-;ITAU UNIBANCO S.A.;LF;False;0;-;DI;102;-;-;16/11/2027;745;50000;False;PUBLICA;-
LF00210096F;-;BANCO SAFRA S/A;LF;False;0;-;IPCA;100;4,15;252;17/08/2026;7;54285,714286;False;PUBLICA;-
LF0022001V4;-;BANCO SAFRA S/A;LF;False;0;-;IPCA;100;5,63;252;17/08/2026;5;54400;False;PUBLICA;-
LF00210061V;-;BANCO SAFRA S/A;LF;False;0;-;IPCA;100;3,91;252;17/08/2026;2;101000;False;PUBLICA;-
LF002400GDY;-;ITAU UNIBANCO S.A.;LF;False;0;-;IPCA;100;6,14;252;22/06/2027;1;100000;False;PUBLICA;-
LFSC22002MR;BRITUBLFI1L6;ITAU UNIBANCO HOLDING S.A;LFSC;False;0;-;DI;100;2,4;252;28/09/9999;16;300000;False;PUBLICA;-
LF002302YNB;-;ITAU UNIBANCO S.A.;LF;False;0;-;PREFIXADO;-;13,02;252;09/05/2033;1;56000;False;PUBLICA;-
LF002500Q2Y;BRBVKWLFID64;BCO VOLKSWAGEN S/A;LF;False;0;-;DI;100;0,46;252;03/12/2028;13000;50000;False;PUBLICA;-
LF002100OY9;-;BANCO SAFRA S/A;LF;False;0;-;DI;109;-;-;09/12/2027;1;50000;False;PUBLICA;-
LF002400WTC;-;ITAU UNIBANCO S.A.;LF;False;0;-;PREFIXADO;-;13,24;252;21/11/2028;1;50000;False;PUBLICA;-
LF002400S4S;-;ITAU UNIBANCO S.A.;LF;False;0;-;DI;102;-;-;15/10/2027;140;50000;False;PUBLICA;-
LF0021004JT;-;BANCO SAFRA S/A;LF;False;0;-;IPCA;100;4,11;252;17/08/2026;7;50000;False;PUBLICA;-
LF002500AKZ;-;ITAU UNIBANCO S.A.;LF;False;0;-;PREFIXADO;-;14,09;252;17/04/2029;2;50000;False;PUBLICA;-
LF002100FZP;-;BANCO SAFRA S/A;LF;False;0;-;IPCA;100;5;252;17/08/2026;1;50000;False;PUBLICA;-
LF0021003GK;-;BANCO SAFRA S/A;LF;False;0;-;IPCA;100;4;252;17/08/2026;1;50000;False;PUBLICA;-
LF002400TEI;-;ITAU UNIBANCO S.A.;LF;False;0;-;DI;101;-;-;21/10/2026;260;50000;False;PUBLICA;-
LF002100A66;-;BANCO SAFRA S/A;LF;False;0;-;IPCA;100;4,23;252;17/08/2026;1;50000;False;PUBLICA;-
LF0025004J1;-;ITAU UNIBANCO S.A.;LF;False;0;-;PREFIXADO;-;15,05;252;10/02/2027;1;500000;False;PUBLICA;-
LF002400LQG;-;ITAU UNIBANCO S.A.;LF;False;0;-;DI;102;-;-;16/08/2027;40;50000;False;PUBLICA;-
LF002100EL4;-;BANCO SAFRA S/A;LF;False;0;-;IPCA;100;4,92;252;17/08/2026;4;50000;False;PUBLICA;-
LF002308BDV;-;BANCO SAFRA S/A;LF;False;0;-;IPCA;100;5,22;252;26/11/2029;1;65000;False;PUBLICA;-
LFSN26002HO;BRITUBLFI266;ITAU UNIBANCO HOLDING S.A;LFSN;False;0;-;DI;100;0,55;252;15/05/2036;5551;300000;False;PUBLICA;-
LFSN21003JL;BRBITALFIX80;ITAU UNIBANCO HOLDING S.A;LFSN;False;0;-;DI;100;2;252;22/09/2031;9;400000;False;PUBLICA;-
LF0021003V9;-;BANCO SAFRA S/A;LF;False;0;-;IPCA;100;4,02;252;17/08/2026;3;50000;False;PUBLICA;-
LF0026004EE;BRBSTDLFI022;BANCO INBURSA S/A;LF;False;0;-;DI;100;0,55;252;10/02/2029;2800;50000;False;PUBLICA;-
LF002100C4Y;-;BANCO SAFRA S/A;LF;False;0;-;IPCA;100;4,87;252;17/08/2026;1;50000;False;PUBLICA;-
LF0021005CX;-;BANCO SAFRA S/A;LF;False;0;-;IPCA;100;3,82;252;17/08/2026;13;50000;False;PUBLICA;-
LF0021004A0;-;BANCO SAFRA S/A;LF;False;0;-;IPCA;100;4,11;252;17/08/2026;8;66375;False;PUBLICA;-
LF002200H2P;-;BANCO SAFRA S/A;LF;False;0;-;IPCA;100;5,89;252;17/06/2027;10;50000;False;PUBLICA;-
LF0026008ZX;-;BANCO SAFRA S/A;LF;False;0;-;PREFIXADO;-;13,6;252;26/03/2029;8;50000;False;PUBLICA;-
LF002400WTA;-;ITAU UNIBANCO S.A.;LF;False;0;-;DI;102;-;-;15/12/2027;552;50052,04;False;PUBLICA;-
LF002100C55;-;BANCO SAFRA S/A;LF;False;0;-;IPCA;100;4,86;252;19/08/2026;1;50000;False;PUBLICA;-
LF0024012T5;BRBITALFN3V8;ITAU UNIBANCO S.A.;LF;False;0;-;IPCA;100;8,25;252;13/12/2027;1;5000000;False;PUBLICA;-
LF002200DB0;-;BANCO SAFRA S/A;LF;False;0;-;PREFIXADO;-;13,03;252;03/05/2032;1;50000;False;PUBLICA;-
LF002100F46;-;BANCO SAFRA S/A;LF;False;0;-;IPCA;100;5,03;252;17/08/2026;1;50000;False;PUBLICA;-
LF002500LUE;BRCAMRLFI3I7;BANCO RCI BRASIL S.A.;LF;False;0;-;DI;100;0,3;252;26/10/2027;5730;50000;False;PUBLICA;-
LFSN21003KI;BRBITALFIX80;ITAU UNIBANCO HOLDING S.A;LFSN;False;0;-;DI;100;2;252;22/09/2031;3;400000;False;PUBLICA;-
LF0021007MI;-;BANCO SAFRA S/A;LF;False;0;-;IPCA;100;3,94;252;17/08/2026;3;50000;False;PUBLICA;-
LF002100NPL;BRBSAFLFEW48;BANCO SAFRA S/A;LF;False;0;-;IPCA;100;5,85;252;01/12/2026;3;60000;False;PUBLICA;-
LF002200ME7;-;BANCO SAFRA S/A;LF;False;0;-;IPCA;100;5,97;252;06/09/2027;1;60000;False;PUBLICA;-
LF0025006JS;-;ITAU UNIBANCO S.A.;LF;False;0;-;IPCA;100;8,06;252;08/03/2027;1;2625000;False;PUBLICA;-
LF002306LT5;-;BANCO SAFRA S/A;LF;False;0;-;PREFIXADO;-;10,31;252;31/08/2026;60;50000;False;PUBLICA;-
LF00260028C;-;ITAU UNIBANCO S.A.;LF;False;0;-;DI;101;-;-;24/01/2028;14;50000;False;PUBLICA;-
LF002100F4F;-;BANCO SAFRA S/A;LF;False;0;-;IPCA;100;5,03;252;17/08/2026;2;55994,5;False;PUBLICA;-
LF0026001QG;-;ITAU UNIBANCO S.A.;LF;False;0;-;PREFIXADO;-;13,48;252;16/01/2036;1;700000;False;PUBLICA;-
LF002200SSE;-;ITAU UNIBANCO S.A.;LF;False;0;-;IPCA;100;6,9;252;13/12/2032;1;6000000;False;PUBLICA;-
LF0022007TJ;-;BANCO SAFRA S/A;LF;False;0;-;IPCA;100;6,1;252;17/08/2026;2;65500;False;PUBLICA;-
LF002600KEM;-;ITAU UNIBANCO S.A.;LF;False;0;-;DI;101;-;-;06/07/2028;2;50000;False;PUBLICA;-
LF002200S9K;-;BANCO SAFRA S/A;LF;False;0;-;IPCA;100;6,05;252;08/12/2027;1;50000;False;PUBLICA;-
LF0021009LV;-;BANCO SAFRA S/A;LF;False;0;-;IPCA;100;4,18;252;17/08/2026;1;50000;False;PUBLICA;-
LF002500F7X;BRBBNPLFIHC8;BANCO BNP PARIBAS BRASIL S/A;LF;False;0;-;DI;100;0,3;252;01/07/2027;575;50000;False;PUBLICA;-
LF0022009V4;-;BANCO SAFRA S/A;LF;False;0;-;DI;110,5;-;-;29/03/2028;2;66000;False;PUBLICA;-
LF002400PI8;-;BANCO SAFRA S/A;LF;False;0;-;IPCA;100;6,36;252;19/09/2045;1;50000;False;PUBLICA;-
LF0022004T8;BRBSAFLNN2L5;BANCO SAFRA S/A;LF;False;0;-;DI;100;1,35;252;10/02/2027;10;50000;False;PUBLICA;-
LF002100G7P;-;BANCO SAFRA S/A;LF;False;0;-;IPCA;100;5,17;252;17/08/2026;10;50000;False;PUBLICA;-
LF002200DI0;-;BANCO SAFRA S/A;LF;False;0;-;IPCA;100;5,77;252;17/08/2026;4;50000;False;PUBLICA;-
LF002400SML;-;BANCO SAFRA S/A;LF;False;0;-;IPCA;100;6,39;252;15/05/2045;2;50000;False;PUBLICA;-
LF002100EED;-;BANCO SAFRA S/A;LF;False;0;-;IPCA;100;4,91;252;17/08/2026;10;50000;False;PUBLICA;-
LF002600HLL;BRBONSLFI139;BANCO BS2 S.A.;LF;False;0;-;DI;100;1,65;252;22/06/2028;2200;50000;False;PUBLICA;-
LF002400MBW;-;BANCO SAFRA S/A;LF;False;0;-;PREFIXADO;-;11,72;252;21/08/2028;43;50279,069768;False;PUBLICA;-
LF002100HBQ;-;BANCO SAFRA S/A;LF;False;0;-;IPCA;100;5,37;252;17/08/2026;1;50000;False;PUBLICA;-
LF002200KH6;-;ITAU UNIBANCO S.A.;LF;False;0;-;IPCA;100;6,78;252;30/07/2029;4;50000;False;PUBLICA;-
LF002100PTR;-;BANCO SAFRA S/A;LF;False;0;-;IPCA;100;5,43;252;17/08/2026;1;57000;False;PUBLICA;-
LF0022005RA;-;BANCO SAFRA S/A;LF;False;0;-;IPCA;100;5,72;252;17/08/2026;2;58500;False;PUBLICA;-
LF0021005DS;-;BANCO SAFRA S/A;LF;False;0;-;IPCA;100;3,82;252;17/08/2026;1;80000;False;PUBLICA;-
LF002100BC0;-;BANCO SAFRA S/A;LF;False;0;-;IPCA;100;4,62;252;17/08/2026;3;50000;False;PUBLICA;-
LF002400AAX;-;BANCO SAFRA S/A;LF;False;0;-;DI;103,5;-;-;14/04/2027;44;50000;False;PUBLICA;-
LF002400NMW;-;BANCO SAFRA S/A;LF;False;0;-;PREFIXADO;-;12,17;252;04/09/2026;52;50000;False;PUBLICA;-
LF002200TSC;BRBSAFLNNHG5;BANCO SAFRA S/A;LF;False;0;-;DI;107,4;-;-;22/12/2027;200;50000;False;PUBLICA;-
LF002100CBY;-;BANCO SAFRA S/A;LF;False;0;-;IPCA;100;4,93;252;17/08/2026;1;56997;False;PUBLICA;-
LF00250097U;BRNUFNLFI5E7;NU FINANCEIRA SA SOCIEDADE DE CREDITO FINANCIAMENTO E INVESTIMENTO;LF;False;0;-;DI;100;0,55;252;12/04/2027;4695;50000;False;PUBLICA;-
LF002400O84;-;ITAU UNIBANCO S.A.;LF;False;0;-;DI;102;-;-;15/09/2027;24;50000;False;PUBLICA;-
LF002100ICX;-;BANCO SAFRA S/A;LF;False;0;-;IPCA;100;5,93;252;25/10/2027;1;53000;False;PUBLICA;-
LF002400IVB;-;BANCO SAFRA S/A;LF;False;0;-;PREFIXADO;-;12,03;252;17/07/2028;80;50000;False;PUBLICA;-
LF002600GXN;-;ITAU UNIBANCO S.A.;LF;False;0;-;DI;101,5;-;-;05/06/2030;4;50000;False;PUBLICA;-
LF002100722;-;BANCO SAFRA S/A;LF;False;0;-;IPCA;100;4,52;252;09/06/2031;1;50000;False;PUBLICA;-
LF002100CBJ;-;BANCO SAFRA S/A;LF;False;0;-;IPCA;100;4,93;252;17/08/2026;1;51000;False;PUBLICA;-
LF002300ZYN;-;ITAU UNIBANCO S.A.;LF;False;0;-;PREFIXADO;-;14,38;252;17/02/2033;1;250000;False;PUBLICA;-
LF002200B5R;-;BANCO SAFRA S/A;LF;False;0;-;IPCA;100;5,99;252;15/05/2035;10;50000;False;PUBLICA;-
LF0025003FX;-;ITAU UNIBANCO S.A.;LF;False;0;-;IPCA;100;8,03;252;23/01/2029;1;1000000;False;PUBLICA;-
LF002302OM2;-;ITAU UNIBANCO S.A.;LF;False;0;-;PREFIXADO;-;13,42;252;20/04/2033;1;150000;False;PUBLICA;-
LFSN22004H5;BRBAJRLFI005;BANCO DIGIMAIS S/A;LFSN;False;0;-;DI;125;-;-;12/04/2029;200;1000000;False;PUBLICA;-
LF002400LCN;-;ITAU UNIBANCO S.A.;LF;False;0;-;IPCA;100;6,27;252;08/08/2029;4;57250;False;PUBLICA;-
LF0021001L6;BRBSAFLTFDA0;BANCO SAFRA S/A;LF;False;0;-;IPCA;100;3,32;252;17/08/2026;1;50000;False;PUBLICA;-
LF002307DFQ;-;ITAU UNIBANCO S.A.;LF;False;0;-;IPCA;100;5,37;252;27/09/2027;1;4000000;False;PUBLICA;-
LF00210094X;-;BANCO SAFRA S/A;LF;False;0;-;IPCA;100;4,16;252;17/08/2026;1;60187,16;False;PUBLICA;-
LFSC22002CG;BRITUBLFI1I2;ITAU UNIBANCO HOLDING S.A;LFSC;False;0;-;DI;100;2,4;252;23/09/9999;4;300000;False;PUBLICA;-
LF002400R1Y;-;ITAU UNIBANCO S.A.;LF;False;0;-;DI;102;-;-;15/10/2027;100;60000;False;PUBLICA;-
LF002306NCP;-;BANCO SAFRA S/A;LF;False;0;-;DI;107,5;-;-;01/09/2026;50;50000;False;PUBLICA;-
LF002400KYA;BRBSAFLNNDO8;BANCO SAFRA S/A;LF;False;0;-;DI;100;0,4;252;05/10/2026;32;50000;False;PUBLICA;-
LF002400HYO;-;BANCO SAFRA S/A;LF;False;0;-;IPCA;100;6,53;252;15/05/2035;22;50000;False;PUBLICA;-
LF002400L1H;-;ITAU UNIBANCO S.A.;LF;False;0;-;DI;102;-;-;16/08/2027;100;50000;False;PUBLICA;-
LF00210047X;-;BANCO SAFRA S/A;LF;False;0;-;IPCA;100;4,51;252;15/05/2035;10;50000;False;PUBLICA;-
LF002100F4R;-;BANCO SAFRA S/A;LF;False;0;-;IPCA;100;5,03;252;17/08/2026;2;50000;False;PUBLICA;-
LF002100JES;BRBSAFLTR6X1;BANCO SAFRA S/A;LF;False;0;-;IPCA;100;5,83;252;17/08/2026;1;50000;False;PUBLICA;-
LF0022008U5;-;BANCO SAFRA S/A;LF;False;0;-;IPCA;100;5,97;252;17/08/2026;1;75000;False;PUBLICA;-
LFSN21003LP;BRBITALFIXC9;ITAU UNIBANCO HOLDING S.A;LFSN;False;0;-;DI;100;2;252;21/10/2031;5;400000;False;PUBLICA;-
LF002100K73;BRBSAFLTRA27;BANCO SAFRA S/A;LF;False;0;-;IPCA;100;5,68;252;17/08/2026;1;70000;False;PUBLICA;-
LF0024012T6;-;ITAU UNIBANCO S.A.;LF;False;0;-;IPCA;100;8,43;252;14/12/2026;1;600000;False;PUBLICA;-
LFSN21003IO;BRBITALFIX72;ITAU UNIBANCO HOLDING S.A;LFSN;False;0;-;DI;100;2;252;22/09/2031;1;400000;False;PUBLICA;-
LF002400SFP;-;BANCO SAFRA S/A;LF;False;0;-;IPCA;100;6,34;252;15/05/2045;1;50000;False;PUBLICA;-
LF002400T2L;-;BANCO SAFRA S/A;LF;False;0;-;IPCA;100;6,18;252;19/10/2026;2;60000;False;PUBLICA;-
LF002400NN6;-;ITAU UNIBANCO S.A.;LF;False;0;-;DI;102;-;-;15/09/2027;125;50288;False;PUBLICA;-
LF002400N3H;-;ITAU UNIBANCO S.A.;LF;False;0;-;DI;102;-;-;15/09/2027;60;50000;False;PUBLICA;-
LF00210064U;-;BANCO SAFRA S/A;LF;False;0;-;IPCA;100;3,88;252;17/08/2026;1;50000;False;PUBLICA;-
LF0021008LX;-;BANCO SAFRA S/A;LF;False;0;-;IPCA;100;4,17;252;17/08/2026;1;50000;False;PUBLICA;-
LF002600EY0;-;ITAU UNIBANCO S.A.;LF;False;0;-;DI;101,5;-;-;18/05/2028;1;63000;False;PUBLICA;-
LF0021005OI;-;BANCO SAFRA S/A;LF;False;0;-;IPCA;100;3,91;252;17/08/2026;1;50000;False;PUBLICA;-
LF002200901;-;BANCO SAFRA S/A;LF;False;0;-;IPCA;100;6,43;252;24/03/2032;4;50000;False;PUBLICA;-
LF0024010X6;-;ITAU UNIBANCO S.A.;LF;False;0;-;DI;102;-;-;15/12/2027;4;62220,28;False;PUBLICA;-
LF00260099U;BRCCDBLFI121;BANCO SEGURO S/A;LF;False;0;-;DI;100;0,5;252;09/04/2028;13887;50000;False;PUBLICA;-
LF002400NAB;-;ITAU UNIBANCO S.A.;LF;False;0;-;DI;102;-;-;15/09/2027;80;56325;False;PUBLICA;-
LF0021007VO;-;BANCO SAFRA S/A;LF;False;0;-;IPCA;100;4,22;252;17/08/2026;4;50000;False;PUBLICA;-
LF002200KVJ;-;BANCO SAFRA S/A;LF;False;0;-;IPCA;100;5,67;252;07/08/2028;1;50000;False;PUBLICA;-
LF0025009HB;-;ITAU UNIBANCO S.A.;LF;False;0;-;DI;101;-;-;17/04/2028;220;50000;False;PUBLICA;-
LF002305CR0;-;BANCO SAFRA S/A;LF;False;0;-;DI;110,1;-;-;21/07/2028;12;52500;False;PUBLICA;-
LFSN21003TE;BRBITALFIXI6;ITAU UNIBANCO HOLDING S.A;LFSN;False;0;-;DI;100;2;252;22/09/2031;1;400000;False;PUBLICA;-
LF002400Q6F;-;BANCO SAFRA S/A;LF;False;0;-;IPCA;100;6,21;252;15/05/2045;1;78000;False;PUBLICA;-
LFSN21001Q5;BRBSAFLFNNU0;BANCO SAFRA S/A;LFSN;False;0;-;IPCA;-;6;252;17/05/2028;17;1000000;False;PUBLICA;-
LFSC22002CM;BRITUBLFI1I2;ITAU UNIBANCO HOLDING S.A;LFSC;False;0;-;DI;100;2,4;252;23/09/9999;6;300000;False;PUBLICA;-
LF0022003LY;-;BANCO SAFRA S/A;LF;False;0;-;IPCA;100;5,64;252;17/08/2026;4;51500;False;PUBLICA;-
LF002400IW4;-;ITAU UNIBANCO S.A.;LF;False;0;-;DI;102;-;-;16/08/2027;60;50000;False;PUBLICA;-
LF002400GKZ;-;BANCO SAFRA S/A;LF;False;0;-;IPCA;100;6,51;252;15/05/2029;140;50000;False;PUBLICA;-
LF0021007IR;-;BANCO SAFRA S/A;LF;False;0;-;IPCA;100;4,82;252;14/06/2027;1;70000;False;PUBLICA;-
LF002100EHP;-;BANCO SAFRA S/A;LF;False;0;-;IPCA;100;4,96;252;15/09/2031;1;70000;False;PUBLICA;-
LF002100HCU;-;BANCO SAFRA S/A;LF;False;0;-;IPCA;100;5,37;252;17/08/2026;2;55000;False;PUBLICA;-
LF002400MKV;-;BANCO SAFRA S/A;LF;False;0;-;DI;100;-;-;25/08/2026;11;51818,181819;False;PUBLICA;-
LF002200E7H;-;BANCO SAFRA S/A;LF;False;0;-;IPCA;100;6,12;252;15/05/2035;2;50000;False;PUBLICA;-
LF002400ZUH;-;ITAU UNIBANCO S.A.;LF;False;0;-;IPCA;100;7,26;252;06/12/2027;5;50000;False;PUBLICA;-
LF002400LRJ;-;BANCO SAFRA S/A;LF;False;0;-;IPCA;100;6,15;252;15/05/2029;1;68000;False;PUBLICA;-
LF0024004YX;-;BANCO BRADESCO S/A;LF;False;0;-;IPCA;100;5,92;252;15/05/2035;6;50000;False;PUBLICA;-
LF0021009LU;-;BANCO SAFRA S/A;LF;False;0;-;IPCA;100;4,18;252;17/08/2026;1;50000;False;PUBLICA;-
LF0025005OX;-;ITAU UNIBANCO S.A.;LF;False;0;-;IPCA;100;7,37;252;24/02/2027;1;50000;False;PUBLICA;-
LF002400IW5;-;ITAU UNIBANCO S.A.;LF;False;0;-;DI;102;-;-;16/08/2027;1186;50000;False;PUBLICA;-
LF0026004DY;-;ITAU UNIBANCO S.A.;LF;False;0;-;DI;101;-;-;15/02/2029;60;50000;False;PUBLICA;-
LF002100CBV;-;BANCO SAFRA S/A;LF;False;0;-;IPCA;100;4,93;252;17/08/2026;4;50000;False;PUBLICA;-
LF002100PMP;-;BANCO SAFRA S/A;LF;False;0;-;IPCA;100;5,34;252;17/08/2026;10;50000;False;PUBLICA;-
LF002400R1O;-;BANCO SAFRA S/A;LF;False;0;-;IPCA;100;6,82;252;05/10/2026;120;50000;False;PUBLICA;-
LF0022007QT;-;BANCO SAFRA S/A;LF;False;0;-;IPCA;100;6,02;252;17/08/2026;5;54000;False;PUBLICA;-
LF0021006LB;-;BANCO SAFRA S/A;LF;False;0;-;IPCA;100;3,95;252;17/08/2026;4;50000;False;PUBLICA;-
LF002400M0V;-;ITAU UNIBANCO S.A.;LF;False;0;-;DI;101;-;-;17/08/2026;200;50000;False;PUBLICA;-
LF002500BGS;-;ITAU UNIBANCO S.A.;LF;False;0;-;DI;101;-;-;17/05/2027;20;50000;False;PUBLICA;-
LF002400HYM;-;BANCO SAFRA S/A;LF;False;0;-;IPCA;100;6,29;252;15/05/2029;2;50000;False;PUBLICA;-
LF002400GW7;-;ITAU UNIBANCO S.A.;LF;False;0;-;DI;102;-;-;15/07/2027;70;50000;False;PUBLICA;-
LF0021009NX;-;BANCO SAFRA S/A;LF;False;0;-;IPCA;100;4,14;252;17/08/2026;1;51750;False;PUBLICA;-
LFSN21003NX;BRBITALFIXH8;ITAU UNIBANCO HOLDING S.A;LFSN;False;0;-;DI;100;2;252;22/09/2031;1;400000;False;PUBLICA;-
LF002500C65;-;ITAU UNIBANCO S.A.;LF;False;0;-;DI;101,5;-;-;09/05/2030;4;51750;False;PUBLICA;-
LF0021006PD;-;BANCO SAFRA S/A;LF;False;0;-;IPCA;100;4,8;252;27/05/2031;7;79000;False;PUBLICA;-
LF0022002EM;-;BANCO SAFRA S/A;LF;False;0;-;IPCA;100;5,65;252;17/08/2026;3;64333,333334;False;PUBLICA;-
LF002100B7O;-;BANCO SAFRA S/A;LF;False;0;-;IPCA;100;4,45;252;17/08/2026;1;50000;False;PUBLICA;-
LF002400P58;-;ITAU UNIBANCO S.A.;LF;False;0;-;DI;102;-;-;15/09/2027;90;50000;False;PUBLICA;-
LFSN21003K8;BRBITALFIX80;ITAU UNIBANCO HOLDING S.A;LFSN;False;0;-;DI;100;2;252;22/09/2031;2;400000;False;PUBLICA;-
LF002100448;-;BANCO SAFRA S/A;LF;False;0;-;IPCA;100;3,98;252;17/08/2026;1;50000;False;PUBLICA;-
LF002100LG8;-;BANCO SAFRA S/A;LF;False;0;-;IPCA;100;5,6;252;17/08/2026;2;59000;False;PUBLICA;-
LF0021008MS;-;BANCO SAFRA S/A;LF;False;0;-;IPCA;100;4,17;252;17/08/2026;1;50000;False;PUBLICA;-
LF002400JC3;-;BANCO SAFRA S/A;LF;False;0;-;IPCA;100;6,18;252;15/05/2029;2;50000;False;PUBLICA;-
LF002100KZW;BRBSAFLTREG0;BANCO SAFRA S/A;LF;False;0;-;IPCA;100;5,56;252;17/08/2026;1;50000;False;PUBLICA;-
LF002600MCG;-;ITAU UNIBANCO S.A.;LF;False;0;-;DI;101,5;-;-;15/08/2029;100;50000;False;PUBLICA;-
LF002100K6C;BRBSAFLTRAU9;BANCO SAFRA S/A;LF;False;0;-;IPCA;100;5,68;252;17/08/2026;2;50000;False;PUBLICA;-
LF002200DYZ;-;BANCO SAFRA S/A;LF;False;0;-;IPCA;100;5,96;252;17/08/2026;1;75000;False;PUBLICA;-
LF002400OR0;BRMCSFLFI0V0;MERCADO CREDITO SOCIEDADE DE CREDITO FINANCIAMENTO E INVESTIMENTO SA;LF;False;0;-;DI;100;0,5;252;22/09/2026;10000;50000;False;PUBLICA;-
LF002100GQS;-;BANCO SAFRA S/A;LF;False;0;-;IPCA;100;5,08;252;17/08/2026;6;50000;False;PUBLICA;-
LF002400PG6;-;ITAU UNIBANCO S.A.;LF;False;0;-;DI;102;-;-;15/10/2027;240;50000;False;PUBLICA;-
LF0021001SX;BRBSAFLTFH24;BANCO SAFRA S/A;LF;False;0;-;IPCA;100;3,36;252;17/08/2026;1;50000;False;PUBLICA;-
LF002400DKT;-;BANCO SAFRA S/A;LF;False;0;-;IPCA;100;6,03;252;15/05/2045;1;50000;False;PUBLICA;-
LF002400K5S;-;BANCO SAFRA S/A;LF;False;0;-;PREFIXADO;-;12,22;252;02/08/2027;5;50000;False;PUBLICA;-
LF002100DDZ;-;BANCO SAFRA S/A;LF;False;0;-;IPCA;100;4,76;252;17/08/2026;5;50000;False;PUBLICA;-
LF0021001C4;-;ITAU UNIBANCO S.A.;LF;False;0;-;PREFIXADO;-;8,51;252;12/02/2031;6;50000;False;PUBLICA;-
LF002100D7D;-;BANCO SAFRA S/A;LF;False;0;-;IPCA;100;4,8;252;17/08/2026;1;50000;False;PUBLICA;-
LF002400SFS;-;ITAU UNIBANCO S.A.;LF;False;0;-;DI;102;-;-;15/10/2027;56;50000;False;PUBLICA;-
LF002400EGB;-;BANCO SAFRA S/A;LF;False;0;-;PREFIXADO;-;11,98;252;01/06/2028;100;50000;False;PUBLICA;-
LF0022009LF;-;BANCO SAFRA S/A;LF;False;0;-;IPCA;100;5,81;252;24/03/2032;4;51250;False;PUBLICA;-
LF002100CUC;-;BANCO SAFRA S/A;LF;False;0;-;IPCA;100;4,94;252;17/08/2026;1;66000;False;PUBLICA;-
LF002100447;-;BANCO SAFRA S/A;LF;False;0;-;IPCA;100;4,46;252;15/05/2035;2;70000;False;PUBLICA;-
LF002100HPN;-;BANCO SAFRA S/A;LF;False;0;-;IPCA;100;5,55;252;17/08/2026;2;52500;False;PUBLICA;-
LF002100MCU;-;BANCO SAFRA S/A;LF;False;0;-;IPCA;100;5,57;252;17/08/2026;2;54500;False;PUBLICA;-
LFSC2200298;BRITUBLFI1H4;ITAU UNIBANCO HOLDING S.A;LFSC;False;0;-;DI;100;2,4;252;22/09/9999;3;300000;False;PUBLICA;-
LF002100CJ0;-;BANCO SAFRA S/A;LF;False;0;-;IPCA;100;5,11;252;17/08/2026;4;50000;False;PUBLICA;-
LF002500972;-;ITAU UNIBANCO S.A.;LF;False;0;-;IPCA;100;8,68;252;02/04/2027;10;208300;False;PUBLICA;-
LF002600NBQ;-;ITAU UNIBANCO S.A.;LF;False;0;-;DI;101,5;-;-;15/08/2029;366;50090,43;False;PUBLICA;-
LF002600BIT;-;ITAU UNIBANCO S.A.;LF;False;0;-;IPCA;100;7,1;252;24/04/2028;30;50000;False;PUBLICA;-
LF002100CGD;-;BANCO SAFRA S/A;LF;False;0;-;IPCA;100;5,17;252;17/08/2026;14;50000;False;PUBLICA;-
LF002400QLQ;-;BANCO SAFRA S/A;LF;False;0;-;IPCA;100;6,4;252;15/05/2029;2;50000;False;PUBLICA;-
LF002100IR1;-;BANCO SAFRA S/A;LF;False;0;-;IPCA;100;5,85;252;17/08/2026;1;50000;False;PUBLICA;-
LF002400JG5;-;ITAU UNIBANCO S.A.;LF;False;0;-;DI;102;-;-;16/08/2027;80;50000;False;PUBLICA;-
LF00220009V;-;BANCO SAFRA S/A;LF;False;0;-;IPCA;100;5,82;252;17/08/2026;1;50000;False;PUBLICA;-
LFSC220028Z;BRITUBLFI1H4;ITAU UNIBANCO HOLDING S.A;LFSC;False;0;-;DI;100;2,4;252;22/09/9999;10;300000;False;PUBLICA;-
LF002100DQ8;-;BANCO SAFRA S/A;LF;False;0;-;IPCA;100;4,96;252;03/09/2027;2;50000;False;PUBLICA;-
LF002100CF8;-;BANCO SAFRA S/A;LF;False;0;-;IPCA;100;5,29;252;19/08/2026;2;61500;False;PUBLICA;-
LF002400RTT;BRSCNALFI052;SCANIA BANCO S/A;LF;False;0;-;DI;100;0,75;252;09/10/2028;4000;50000;False;PUBLICA;-
LF0022009V7;-;BANCO SAFRA S/A;LF;False;0;-;IPCA;100;5,81;252;31/03/2031;3;50000;False;PUBLICA;-
LFSN21003IA;BRBITALFIX72;ITAU UNIBANCO HOLDING S.A;LFSN;False;0;-;DI;100;2;252;22/09/2031;8;400000;False;PUBLICA;-
LF002100QSL;-;BANCO SAFRA S/A;LF;False;0;-;IPCA;100;5,9;252;29/12/2026;2;50000;False;PUBLICA;-
LF002100IK3;-;BANCO SAFRA S/A;LF;False;0;-;IPCA;100;5,82;252;17/08/2026;1;50940,99;False;PUBLICA;-
LF002100GDS;-;BANCO SAFRA S/A;LF;False;0;-;IPCA;100;5,06;252;17/08/2026;1;50000;False;PUBLICA;-
LF002100HQO;-;BANCO SAFRA S/A;LF;False;0;-;IPCA;100;5,69;252;17/08/2026;8;50000;False;PUBLICA;-
LF002600N0D;-;ITAU UNIBANCO S.A.;LF;False;0;-;DI;101,5;-;-;15/08/2029;60;50000;False;PUBLICA;-
LF002400KEM;-;ITAU UNIBANCO S.A.;LF;False;0;-;DI;102;-;-;16/08/2027;60;50000;False;PUBLICA;-
LF0021004YY;-;BANCO SAFRA S/A;LF;False;0;-;IPCA;100;4,53;252;15/05/2035;2;50000;False;PUBLICA;-
LF002400OQY;-;ITAU UNIBANCO S.A.;LF;False;0;-;DI;102;-;-;15/09/2027;666;50045,05;False;PUBLICA;-
LF002100FJD;-;BANCO SAFRA S/A;LF;False;0;-;IPCA;100;5,01;252;17/08/2026;4;50000;False;PUBLICA;-
LF0022000K0;-;BANCO SAFRA S/A;LF;False;0;-;IPCA;100;6,04;252;15/05/2035;3;60000;False;PUBLICA;-
LF0022009VD;-;BANCO SAFRA S/A;LF;False;0;-;IPCA;100;6,43;252;29/03/2029;5;50000;False;PUBLICA;-
LF002400F2G;-;BANCO SAFRA S/A;LF;False;0;-;IPCA;100;6,18;252;15/05/2045;2;50000;False;PUBLICA;-
LF002100H2E;-;BANCO SAFRA S/A;LF;False;0;-;IPCA;100;5,15;252;17/08/2026;3;50000;False;PUBLICA;-
LF0025003MC;-;ITAU UNIBANCO S.A.;LF;False;0;-;DI;102;-;-;15/02/2028;280;50000;False;PUBLICA;-
LF0021006V7;-;BANCO SAFRA S/A;LF;False;0;-;IPCA;100;3,85;252;17/08/2026;1;51333;False;PUBLICA;-
LF002100EBR;-;BANCO SAFRA S/A;LF;False;0;-;IPCA;100;4,93;252;17/08/2026;1;80000;False;PUBLICA;-
LF002100GQL;-;BANCO SAFRA S/A;LF;False;0;-;IPCA;100;5,08;252;17/08/2026;3;50000;False;PUBLICA;-
LF00250052W;-;ITAU UNIBANCO S.A.;LF;False;0;-;DI;101,8;-;-;15/03/2028;40;50000;False;PUBLICA;-
LF0024003LU;-;ITAU UNIBANCO S.A.;LF;False;0;-;DI;103;-;-;29/01/2027;1;1534000;False;PUBLICA;-
LF0021001MF;BRBSAFLTFDU8;BANCO SAFRA S/A;LF;False;0;-;IPCA;100;4,24;252;26/02/2031;4;50000;False;PUBLICA;-
LF002100MHT;BRBSAFLFEMW7;BANCO SAFRA S/A;LF;False;0;-;IPCA;100;5,57;252;17/08/2026;1;65000;False;PUBLICA;-
LFSN21003D4;BRBITALFIX07;ITAU UNIBANCO HOLDING S.A;LFSN;False;0;-;DI;100;2;252;21/10/2031;150;400000;False;PUBLICA;-
LF00210055T;-;BANCO SAFRA S/A;LF;False;0;-;IPCA;100;4,63;252;23/04/2031;2;50000;False;PUBLICA;-
LF002600JGF;BRBVKWLFIDW5;BCO VOLKSWAGEN S/A;LF;False;0;-;DI;100;0,47;252;26/06/2029;11674;50000;False;PUBLICA;-
LF002400PO4;-;ITAU UNIBANCO S.A.;LF;False;0;-;DI;102;-;-;15/10/2027;8;50000;False;PUBLICA;-
LF002400EGX;-;ITAU UNIBANCO S.A.;LF;False;0;-;IPCA;100;6,49;252;29/05/2034;1;110000;False;PUBLICA;-
LF002600CPL;-;ITAU UNIBANCO S.A.;LF;False;0;-;DI;101;-;-;05/05/2028;1;200000;False;PUBLICA;-
LF00250069X;-;ITAU UNIBANCO S.A.;LF;False;0;-;PREFIXADO;-;14,84;252;01/03/2027;1;3614000;False;PUBLICA;-
LF00240082B;-;BANCO BRADESCO S/A;LF;False;0;-;IPCA;100;5,61;252;15/05/2035;4;50000;False;PUBLICA;-
LF002400NMT;-;BANCO SAFRA S/A;LF;False;0;-;IPCA;100;6,31;252;15/05/2035;1;50000;False;PUBLICA;-
LF00210021A;-;BANCO SAFRA S/A;LF;False;0;-;IPCA;100;3,82;252;17/08/2026;2;50000;False;PUBLICA;-
LF002400HGG;-;ITAU UNIBANCO S.A.;LF;False;0;-;DI;102;-;-;15/07/2027;30;50000;False;PUBLICA;-
LF002200F1Q;-;BANCO SAFRA S/A;LF;False;0;-;IPCA;100;5,95;252;17/08/2026;34;50000;False;PUBLICA;-
LF002100HBN;-;BANCO SAFRA S/A;LF;False;0;-;IPCA;100;5,37;252;17/08/2026;2;50000;False;PUBLICA;-
LF002400P1Y;-;ITAU UNIBANCO S.A.;LF;False;0;-;DI;102;-;-;15/09/2027;80;50000;False;PUBLICA;-
LF002200EBB;-;BANCO SAFRA S/A;LF;False;0;-;PREFIXADO;-;13,19;252;17/05/2032;2;65000;False;PUBLICA;-
LF002200H2T;-;BANCO SAFRA S/A;LF;False;0;-;DI;106,75;-;-;17/06/2027;4;57500;False;PUBLICA;-
LF0021006FP;-;BANCO SAFRA S/A;LF;False;0;-;IPCA;100;3,97;252;17/08/2026;1;50000;False;PUBLICA;-
LF002400OQP;-;ITAU UNIBANCO S.A.;LF;False;0;-;DI;102;-;-;15/09/2027;800;50000;False;PUBLICA;-
LF002100MMX;BRBSAFLFENZ8;BANCO SAFRA S/A;LF;False;0;-;IPCA;100;5,6;252;17/08/2026;1;50000;False;PUBLICA;-
LF002100FKJ;-;BANCO SAFRA S/A;LF;False;0;-;IPCA;100;5,01;252;17/08/2026;3;50000;False;PUBLICA;-
LF002400PIN;-;ITAU UNIBANCO S.A.;LF;False;0;-;DI;102;-;-;15/10/2027;600;50000;False;PUBLICA;-
LF002100ER1;-;BANCO SAFRA S/A;LF;False;0;-;IPCA;100;4,99;252;17/08/2026;2;50000;False;PUBLICA;-
LF002100514;-;BANCO SAFRA S/A;LF;False;0;-;IPCA;100;4,14;252;17/08/2026;1;80000;False;PUBLICA;-
LF0021004A6;-;BANCO SAFRA S/A;LF;False;0;-;IPCA;100;4,11;252;17/08/2026;1;155000;False;PUBLICA;-
LF0021009LH;-;BANCO SAFRA S/A;LF;False;0;-;IPCA;100;4,69;252;14/07/2031;4;50000;False;PUBLICA;-
LF002200KCL;-;BANCO SAFRA S/A;LF;False;0;-;IPCA;100;6,69;252;15/05/2035;4;50000;False;PUBLICA;-
LF002600NFS;-;ITAU UNIBANCO S.A.;LF;False;0;-;DI;101;-;-;15/08/2029;174;50000;False;PUBLICA;-
LF002100N3E;BRBSAFLFER45;BANCO SAFRA S/A;LF;False;0;-;IPCA;100;5,44;252;17/08/2026;1;50000;False;PUBLICA;-
LFSC220028Y;BRITUBLFI1H4;ITAU UNIBANCO HOLDING S.A;LFSC;False;0;-;DI;100;2,4;252;22/09/9999;61;300000;False;PUBLICA;-
LF002400DHX;-;BANCO SAFRA S/A;LF;False;0;-;IPCA;100;6,08;252;15/05/2035;1;50000;False;PUBLICA;-
LF002200JS6;-;ITAU UNIBANCO S.A.;LF;False;0;-;PREFIXADO;-;13,83;252;19/07/2027;1;500000;False;PUBLICA;-
LF0023031F0;-;BANCO BRADESCO S/A;LF;False;0;-;DI;106;-;-;05/05/2028;1;50000;False;PUBLICA;-
LF002400L5Y;BRBSAFLNNDP5;BANCO SAFRA S/A;LF;False;0;-;DI;100;0,4;252;08/01/2027;40;50000;False;PUBLICA;-
LF0021005FA;-;BANCO SAFRA S/A;LF;False;0;-;IPCA;100;3,81;252;17/08/2026;1;50000;False;PUBLICA;-
LF002600LKA;-;ITAU UNIBANCO S.A.;LF;False;0;-;DI;101;-;-;20/07/2028;10;67530;False;PUBLICA;-
LF002600MQ6;-;ITAU UNIBANCO S.A.;LF;False;0;-;DI;101,5;-;-;03/08/2029;140;53700;False;PUBLICA;-
LF002500FN9;-;ITAU UNIBANCO S.A.;LF;False;0;-;DI;101,5;-;-;04/07/2030;4;50000;False;PUBLICA;-
LF002400NIN;-;ITAU UNIBANCO S.A.;LF;False;0;-;DI;102;-;-;31/08/2026;46;50000;False;PUBLICA;-
LF00230060Q;-;ITAU UNIBANCO S.A.;LF;False;0;-;IPCA;100;6,53;252;17/01/2033;1;2000000;False;PUBLICA;-
LF0025009MQ;-;ITAU UNIBANCO S.A.;LF;False;0;-;DI;101,8;-;-;17/04/2028;25;54120;False;PUBLICA;-
LF002100E8E;-;BANCO SAFRA S/A;LF;False;0;-;IPCA;100;4,98;252;17/08/2026;10;50000;False;PUBLICA;-
LF002400EG8;-;BANCO SAFRA S/A;LF;False;0;-;IPCA;100;6,09;252;15/05/2035;3;51666,666667;False;PUBLICA;-
LF0021007MW;-;BANCO SAFRA S/A;LF;False;0;-;IPCA;100;4,66;252;16/06/2031;1;50000;False;PUBLICA;-
LF002400DRL;-;BANCO SAFRA S/A;LF;False;0;-;IPCA;100;6,04;252;15/05/2045;3;59666,666667;False;PUBLICA;-
LF002303X7G;-;BANCO BRADESCO S/A;LF;False;0;-;DI;106;-;-;05/06/2028;3;50000;False;PUBLICA;-
LF002307N5U;-;ITAU UNIBANCO S.A.;LF;False;0;-;PREFIXADO;-;11,78;252;04/10/2027;1;205000;False;PUBLICA;-
LFSN21002PX;-;BANCO SAFRA S/A;LFSN;False;0;-;IPCA;-;6,09;252;14/08/2028;2;421000;False;PUBLICA;-
LF00230584K;-;BANCO SAFRA S/A;LF;False;0;-;PREFIXADO;-;10,45;252;18/07/2028;2;50000;False;PUBLICA;-
LF002100IYT;-;BANCO SAFRA S/A;LF;False;0;-;IPCA;100;5,89;252;17/08/2026;30;50000;False;PUBLICA;-
LF0022000DO;-;BANCO SAFRA S/A;LF;False;0;-;IPCA;100;5,75;252;17/08/2026;1;50000;False;PUBLICA;-
LF00210058G;-;BANCO SAFRA S/A;LF;False;0;-;IPCA;100;3,85;252;17/08/2026;2;50000;False;PUBLICA;-
LF002100BC1;-;BANCO SAFRA S/A;LF;False;0;-;IPCA;100;4,59;252;17/08/2026;256;66406,25;False;PUBLICA;-
LF0022004UB;BRBSAFLNN2L5;BANCO SAFRA S/A;LF;False;0;-;DI;100;1,35;252;10/02/2027;613;50000;False;PUBLICA;-
LF0025009Y6;-;ITAU UNIBANCO S.A.;LF;False;0;-;DI;101;-;-;17/04/2028;80;50000;False;PUBLICA;-
LF002400L1Q;-;ITAU UNIBANCO S.A.;LF;False;0;-;DI;102;-;-;16/08/2027;40;60000;False;PUBLICA;-
LF002400BWI;BRAGBKLFI0Q2;BANCO AGIBANK S/A;LF;False;0;-;DI;100;2,05;252;29/04/2027;4477;50000;False;PUBLICA;-
LF0023088RL;-;ITAU UNIBANCO S.A.;LF;False;0;-;DI;103;-;-;23/11/2026;60;50000;False;PUBLICA;-
LF0021002IB;-;BANCO SAFRA S/A;LF;False;0;-;IPCA;100;4,14;252;10/03/2031;1;75000;False;PUBLICA;-
LF002100G3Y;-;BANCO SAFRA S/A;LF;False;0;-;IPCA;100;5,06;252;17/08/2026;4;50000;False;PUBLICA;-
LF002400M00;-;BANCO SAFRA S/A;LF;False;0;-;IPCA;100;6,27;252;15/05/2029;1;50000;False;PUBLICA;-
LF002400J5N;-;ITAU UNIBANCO S.A.;LF;False;0;-;DI;102;-;-;16/08/2027;65;50000;False;PUBLICA;-
LFSC22002C5;BRITUBLFI1I2;ITAU UNIBANCO HOLDING S.A;LFSC;False;0;-;DI;100;2,4;252;23/09/9999;10;300000;False;PUBLICA;-
LF002304Z0H;-;BANCO SAFRA S/A;LF;False;0;-;PREFIXADO;-;10,37;252;09/07/2029;8;51625;False;PUBLICA;-
LFSN21002K9;-;BANCO SAFRA S/A;LFSN;False;0;-;IPCA;-;6,1;252;04/08/2028;2;307500;False;PUBLICA;-
LF002300HR1;-;ITAU UNIBANCO S.A.;LF;False;0;-;DI;102;-;-;17/04/2028;15;50000;False;PUBLICA;-
LF002100576;-;BANCO SAFRA S/A;LF;False;0;-;IPCA;100;3,95;252;17/08/2026;1;83000;False;PUBLICA;-
LF002600EY3;-;ITAU UNIBANCO S.A.;LF;False;0;-;DI;101;-;-;15/06/2029;80;52125;False;PUBLICA;-
LF002100PLF;-;BANCO SAFRA S/A;LF;False;0;-;IPCA;100;5,34;252;17/08/2026;4;50000;False;PUBLICA;-
LF002100EYJ;-;BANCO SAFRA S/A;LF;False;0;-;IPCA;100;4,89;252;17/08/2026;2;50000;False;PUBLICA;-
LF002100EEC;-;BANCO SAFRA S/A;LF;False;0;-;IPCA;100;4,91;252;17/08/2026;1;70000;False;PUBLICA;-
LF002100JL9;BRBSAFLTR8P3;BANCO SAFRA S/A;LF;False;0;-;IPCA;100;5,95;252;17/08/2026;4;58750;False;PUBLICA;-
LF0025003VF;-;ITAU UNIBANCO S.A.;LF;False;0;-;IPCA;100;8,24;252;29/01/2029;1;4000000;False;PUBLICA;-
LF002400WEK;-;ITAU UNIBANCO S.A.;LF;False;0;-;DI;102;-;-;16/12/2027;80;50500;False;PUBLICA;-
LF002100NSQ;BRBSAFLFEWE4;BANCO SAFRA S/A;LF;False;0;-;IPCA;100;5,52;252;17/08/2026;1;50000;False;PUBLICA;-
LF002400T37;-;ITAU UNIBANCO S.A.;LF;False;0;-;DI;102;-;-;16/11/2027;100;50000;False;PUBLICA;-
LF00250057H;-;ITAU UNIBANCO S.A.;LF;False;0;-;IPCA;100;7,35;252;18/02/2028;2;50000;False;PUBLICA;-
LFSC26004BO;BRITUBLFI2A7;ITAU UNIBANCO HOLDING S.A;LFSC;False;0;-;DI;100;1,05;252;10/06/9999;30;300000;False;PUBLICA;-
LF0025009MN;-;ITAU UNIBANCO S.A.;LF;False;0;-;DI;101;-;-;17/04/2028;400;50000;False;PUBLICA;-
LF002300O2S;-;ITAU UNIBANCO S.A.;LF;False;0;-;IPCA;100;7,1;252;03/02/2033;1;2000000;False;PUBLICA;-
LFSC220029A;BRITUBLFI1H4;ITAU UNIBANCO HOLDING S.A;LFSC;False;0;-;DI;100;2,4;252;22/09/9999;10;300000;False;PUBLICA;-
LF0026007YS;-;ITAU UNIBANCO S.A.;LF;False;0;-;DI;101,5;-;-;18/03/2030;20;50000;False;PUBLICA;-
LF002200DXA;-;BANCO SAFRA S/A;LF;False;0;-;IPCA;100;6,46;252;12/05/2032;2;50000;False;PUBLICA;-
LF0021005E7;BRBSAFLNN211;BANCO SAFRA S/A;LF;False;0;-;IPCA;100;5,3;252;29/04/2029;100;50000;False;PUBLICA;-
LF002200LE4;-;BANCO SAFRA S/A;LF;False;0;-;IPCA;100;5,8;252;14/08/2028;2;65500;False;PUBLICA;-
LF002400TZP;-;ITAU UNIBANCO S.A.;LF;False;0;-;DI;102;-;-;16/11/2027;43;50000;False;PUBLICA;-
LF0022004U6;BRBSAFLNN2L5;BANCO SAFRA S/A;LF;False;0;-;DI;100;1,35;252;10/02/2027;73;50000;False;PUBLICA;-
LF0021002TD;-;BANCO SAFRA S/A;LF;False;0;-;IPCA;100;3,49;252;17/08/2026;1;50000;False;PUBLICA;-
LF002301ALT;-;BANCO SAFRA S/A;LF;False;0;-;PREFIXADO;-;13,15;252;27/02/2029;1;51000;False;PUBLICA;-
LF002100A2I;-;BANCO SAFRA S/A;LF;False;0;-;IPCA;100;4,08;252;17/08/2026;2;50000;False;PUBLICA;-
LF002301RW4;-;ITAU UNIBANCO S.A.;LF;False;0;-;PREFIXADO;-;14,24;252;21/03/2033;1;51000;False;PUBLICA;-
LF002400PZS;-;ITAU UNIBANCO S.A.;LF;False;0;-;DI;102;-;-;24/09/2026;300;50000;False;PUBLICA;-
LF002100CLI;-;BANCO SAFRA S/A;LF;False;0;-;IPCA;100;5,02;252;17/08/2026;1;50000;False;PUBLICA;-
LF002400OW2;BRBSAFLNNE23;BANCO SAFRA S/A;LF;False;0;-;DI;100;0,35;252;12/03/2027;600;50000;False;PUBLICA;-
LFSN21003SY;BRBITALFIXI6;ITAU UNIBANCO HOLDING S.A;LFSN;False;0;-;DI;100;2;252;22/09/2031;75;400000;False;PUBLICA;-
LF002200U5R;-;BANCO SAFRA S/A;LF;False;0;-;PREFIXADO;-;12,76;252;27/12/2027;6;50000;False;PUBLICA;-
LF002600H3W;BRCAMRLFI429;BANCO RCI BRASIL S.A.;LF;False;0;-;DI;100;0,42;252;09/07/2029;6180;50000;False;PUBLICA;-
LF0022000Z7;-;BANCO SAFRA S/A;LF;False;0;-;IPCA;100;5,75;252;17/08/2026;4;50250;False;PUBLICA;-
LF002500B6O;-;ITAU UNIBANCO S.A.;LF;False;0;-;DI;101,5;-;-;15/05/2028;240;50000;False;PUBLICA;-
LF002100P9Y;-;BANCO SAFRA S/A;LF;False;0;-;IPCA;100;5,22;252;17/08/2026;2;50000;False;PUBLICA;-
LFSN21003HM;BRBITALFIX72;ITAU UNIBANCO HOLDING S.A;LFSN;False;0;-;DI;100;2;252;22/09/2031;14;400000;False;PUBLICA;-
LF002100QST;-;BANCO SAFRA S/A;LF;False;0;-;IPCA;100;5,43;252;17/08/2026;4;50000;False;PUBLICA;-
LF0023084R3;-;ITAU UNIBANCO S.A.;LF;False;0;-;IPCA;100;6,04;252;10/11/2028;1;700000;False;PUBLICA;-
LF002200DWP;-;BANCO SAFRA S/A;LF;False;0;-;IPCA;100;6;252;17/08/2026;1;60000;False;PUBLICA;-
LF002200DWQ;-;BANCO SAFRA S/A;LF;False;0;-;IPCA;100;6;252;17/08/2026;1;50000;False;PUBLICA;-
LF002400SX4;-;ITAU UNIBANCO S.A.;LF;False;0;-;DI;102;-;-;16/11/2027;559;50000;False;PUBLICA;-
LF002100CLG;-;BANCO SAFRA S/A;LF;False;0;-;IPCA;100;5,02;252;17/08/2026;3;54666,666667;False;PUBLICA;-
LF002400UGZ;-;ITAU UNIBANCO S.A.;LF;False;0;-;DI;102;-;-;16/11/2027;45;50000;False;PUBLICA;-
LF002600KEQ;-;ITAU UNIBANCO S.A.;LF;False;0;-;IPCA;100;8,14;252;06/07/2029;1;604714;False;PUBLICA;-
LF002100EW3;-;BANCO SAFRA S/A;LF;False;0;-;IPCA;100;4,89;252;17/08/2026;1;50000;False;PUBLICA;-
LF002200B5W;-;BANCO SAFRA S/A;LF;False;0;-;IPCA;100;5,68;252;17/08/2026;1;50000;False;PUBLICA;-
LFSC2500669;BRITUBLFI217;ITAU UNIBANCO HOLDING S.A;LFSC;False;0;-;DI;100;1,25;252;30/05/9999;2866;300000;False;PUBLICA;-
LF002400WTB;-;ITAU UNIBANCO S.A.;LF;False;0;-;DI;102;-;-;21/11/2029;12;57500;False;PUBLICA;-
LF002400GKY;-;BANCO SAFRA S/A;LF;False;0;-;PREFIXADO;-;12,28;252;25/06/2029;60;50000;False;PUBLICA;-
LF002200L0T;-;ITAU UNIBANCO S.A.;LF;False;0;-;PREFIXADO;-;12,48;252;10/08/2032;1;150000;False;PUBLICA;-
LF002400E34;-;BANCO SAFRA S/A;LF;False;0;-;IPCA;100;6,08;252;15/05/2045;1;50000;False;PUBLICA;-
LF0025000IJ;-;ITAU UNIBANCO S.A.;LF;False;0;-;DI;102;-;-;17/01/2028;20;50000;False;PUBLICA;-
LF002100FEI;-;BANCO SAFRA S/A;LF;False;0;-;IPCA;100;5,06;252;17/08/2026;1;55000;False;PUBLICA;-
LFSC22002D9;BRITUBLFI1J0;ITAU UNIBANCO HOLDING S.A;LFSC;False;0;-;DI;100;2,4;252;26/09/9999;1;300000;False;PUBLICA;-
LF002100JFJ;BRBSAFLTR706;BANCO SAFRA S/A;LF;False;0;-;IPCA;100;5,83;252;17/08/2026;8;50000;False;PUBLICA;-
LF002100FKB;-;BANCO SAFRA S/A;LF;False;0;-;IPCA;100;5,06;252;17/08/2026;1;60000;False;PUBLICA;-
LF002200LO1;-;BANCO SAFRA S/A;LF;False;0;-;IPCA;100;5,89;252;21/08/2028;5;50000;False;PUBLICA;-
LF002400M0A;-;ITAU UNIBANCO S.A.;LF;False;0;-;DI;102;-;-;15/09/2027;400;51818,5;False;PUBLICA;-
LF002100GDC;-;BANCO SAFRA S/A;LF;False;0;-;IPCA;100;5,12;252;17/08/2026;8;50000;False;PUBLICA;-
LF002600CGY;-;ITAU UNIBANCO S.A.;LF;False;0;-;DI;102;-;-;15/05/2029;99;50000;False;PUBLICA;-
LF0026002WU;-;ITAU UNIBANCO S.A.;LF;False;0;-;DI;101;-;-;27/01/2028;4;60000;False;PUBLICA;-
LF002400HD5;-;ITAU UNIBANCO S.A.;LF;False;0;-;IPCA;100;6,82;252;28/06/2029;1;195000;False;PUBLICA;-
LF002100MLU;BRBSAFLFENZ8;BANCO SAFRA S/A;LF;False;0;-;IPCA;100;5,6;252;17/08/2026;1;50000;False;PUBLICA;-
LF002200BLV;-;BANCO SAFRA S/A;LF;False;0;-;IPCA;100;6,06;252;17/04/2028;4;50000;False;PUBLICA;-
LF002200LUD;-;ITAU UNIBANCO S.A.;LF;False;0;-;PREFIXADO;-;12,66;252;25/08/2032;1;300000;False;PUBLICA;-
LF00250090C;-;ITAU UNIBANCO S.A.;LF;False;0;-;IPCA;100;8,69;252;31/03/2027;1;1500000;False;PUBLICA;-
LF002400NI5;-;BANCO SAFRA S/A;LF;False;0;-;DI;103,5;-;-;01/09/2026;106;50141,509434;False;PUBLICA;-
LF002400IJQ;-;BANCO SAFRA S/A;LF;False;0;-;IPCA;100;6,04;252;15/05/2029;6;54166,666667;False;PUBLICA;-
LF002100512;-;BANCO SAFRA S/A;LF;False;0;-;IPCA;100;4,14;252;17/08/2026;1;50000;False;PUBLICA;-
LF002400PCS;-;ITAU UNIBANCO S.A.;LF;False;0;-;DI;102;-;-;15/10/2027;100;50000;False;PUBLICA;-
LF002100FF3;-;BANCO SAFRA S/A;LF;False;0;-;IPCA;100;5,06;252;17/08/2026;1;50000;False;PUBLICA;-
LFSN21003TL;BRBITALFIXI6;ITAU UNIBANCO HOLDING S.A;LFSN;False;0;-;DI;100;2;252;22/09/2031;68;400000;False;PUBLICA;-
LF002500A02;-;BANCO SAFRA S/A;LF;False;0;-;IPCA;100;7,6;252;16/10/2035;2;50000;False;PUBLICA;-
LF0021002LM;-;BANCO SAFRA S/A;LF;False;0;-;IPCA;100;3,51;252;17/08/2026;1;55000;False;PUBLICA;-
LF002600C9C;-;ITAU UNIBANCO S.A.;LF;False;0;-;DI;101,5;-;-;30/04/2029;40;50000;False;PUBLICA;-
LF002400JTF;-;BANCO SAFRA S/A;LF;False;0;-;IPCA;100;6,31;252;15/05/2029;1;50000;False;PUBLICA;-
LF002400IVD;-;BANCO SAFRA S/A;LF;False;0;-;IPCA;100;6,04;252;15/05/2029;1;60000;False;PUBLICA;-
LF002400M0H;-;ITAU UNIBANCO S.A.;LF;False;0;-;DI;102;-;-;16/08/2027;30;57700;False;PUBLICA;-
LF002400IR0;-;BANCO SAFRA S/A;LF;False;0;-;IPCA;100;6,02;252;15/05/2029;1;65000;False;PUBLICA;-
LF002100F99;-;BANCO SAFRA S/A;LF;False;0;-;IPCA;100;5,01;252;17/08/2026;4;54000;False;PUBLICA;-
LF002400RTN;-;ITAU UNIBANCO S.A.;LF;False;0;-;DI;102;-;-;15/10/2027;296;50000;False;PUBLICA;-
LF002500GCS;-;ITAU UNIBANCO S.A.;LF;False;0;-;IPCA;100;7,95;252;18/07/2029;40;50000;False;PUBLICA;-
LF00210070C;-;BANCO SAFRA S/A;LF;False;0;-;IPCA;100;3,76;252;17/08/2026;1;50000;False;PUBLICA;-
LF002100CL5;-;BANCO SAFRA S/A;LF;False;0;-;IPCA;100;5,2;252;25/08/2031;1;50000;False;PUBLICA;-
LF0021006MW;-;BANCO SAFRA S/A;LF;False;0;-;IPCA;100;3,99;252;17/08/2026;1;78000;False;PUBLICA;-
LF002301UOA;-;ITAU UNIBANCO S.A.;LF;False;0;-;PREFIXADO;-;13,22;252;22/03/2027;1;125000;False;PUBLICA;-
LF002100I3X;-;BANCO SAFRA S/A;LF;False;0;-;IPCA;100;5,81;252;15/05/2035;1;50000;False;PUBLICA;-
LF002600NJC;-;ITAU UNIBANCO S.A.;LF;False;0;-;DI;101,5;-;-;12/08/2031;5;50000;False;PUBLICA;-
LF002400TZO;-;ITAU UNIBANCO S.A.;LF;False;0;-;PREFIXADO;-;12,93;252;25/10/2027;520;50700;False;PUBLICA;-
LF00210063A;-;BANCO SAFRA S/A;LF;False;0;-;IPCA;100;3,87;252;17/08/2026;1;50000;False;PUBLICA;-
LF002600JEE;-;ITAU UNIBANCO S.A.;LF;False;0;-;DI;101;-;-;26/06/2028;20;50000;False;PUBLICA;-
LF002400V3K;-;ITAU UNIBANCO S.A.;LF;False;0;-;DI;101;-;-;09/11/2026;320;50000;False;PUBLICA;-
LF002400G4Q;BRBSAFLNNDE9;BANCO SAFRA S/A;LF;False;0;-;DI;100;0,45;252;20/08/2026;34;50000;False;PUBLICA;-
LF002400GL5;-;BANCO SAFRA S/A;LF;False;0;-;IPCA;100;6,73;252;21/06/2028;30;50000;False;PUBLICA;-
LF002100IQB;-;BANCO SAFRA S/A;LF;False;0;-;IPCA;100;5,79;252;17/08/2026;36;50222,222223;False;PUBLICA;-
LF002200AU1;-;BANCO SAFRA S/A;LF;False;0;-;IPCA;100;5,57;252;17/08/2026;2;72500;False;PUBLICA;-
LFSC22002CX;BRITUBLFI1I2;ITAU UNIBANCO HOLDING S.A;LFSC;False;0;-;DI;100;2,4;252;23/09/9999;2;300000;False;PUBLICA;-
LF002400NI6;-;BANCO SAFRA S/A;LF;False;0;-;IPCA;100;6,04;252;01/09/2026;6;55333,333334;False;PUBLICA;-
LF0021009XT;-;BANCO SAFRA S/A;LF;False;0;-;IPCA;100;4,04;252;17/08/2026;1;50000;False;PUBLICA;-
LFSC22002D3;BRITUBLFI1J0;ITAU UNIBANCO HOLDING S.A;LFSC;False;0;-;DI;100;2,4;252;26/09/9999;17;300000;False;PUBLICA;-
LF0026008LI;-;ITAU UNIBANCO S.A.;LF;False;0;-;DI;101,5;-;-;23/03/2029;2;62500;False;PUBLICA;-
LF002400ZDQ;-;ITAU UNIBANCO S.A.;LF;False;0;-;DI;102;-;-;15/12/2027;196;50000;False;PUBLICA;-
LFSC22002SL;BRITUBLFI1M4;ITAU UNIBANCO HOLDING S.A;LFSC;False;0;-;DI;100;2,4;252;29/09/9999;2;300000;False;PUBLICA;-
LF002400TJ5;-;ITAU UNIBANCO S.A.;LF;False;0;-;DI;102;-;-;16/11/2027;1502;50000;False;PUBLICA;-
LF002100721;-;BANCO SAFRA S/A;LF;False;0;-;IPCA;100;3,79;252;17/08/2026;3;50000;False;PUBLICA;-
LF002100Q79;-;BANCO SAFRA S/A;LF;False;0;-;IPCA;100;5,45;252;17/08/2026;6;54166,666667;False;PUBLICA;-
LF0025004C9;-;ITAU UNIBANCO S.A.;LF;False;0;-;DI;102;-;-;15/02/2028;4;50000;False;PUBLICA;-
LF002500DNO;-;ITAU UNIBANCO S.A.;LF;False;0;-;IPCA;100;8,42;252;04/06/2027;4;56250;False;PUBLICA;-
LF002305H2H;-;BANCO BRADESCO S/A;LF;False;0;-;PREFIXADO;-;10,41;252;26/07/2027;60;50000;False;PUBLICA;-
LFSN2500FL5;BRBVKWLFID72;BCO VOLKSWAGEN S/A;LFSN;False;0;-;DI;100;0,9;252;03/12/2035;333;300000;False;PUBLICA;-
LF002100FRT;-;BANCO SAFRA S/A;LF;False;0;-;IPCA;100;5,05;252;17/08/2026;1;50000;False;PUBLICA;-
LF002200CPZ;-;BANCO SAFRA S/A;LF;False;0;-;IPCA;100;6,23;252;27/04/2032;1;50000;False;PUBLICA;-
LF002100H8R;-;BANCO SAFRA S/A;LF;False;0;-;IPCA;100;5,22;252;17/08/2026;11;50909,09091;False;PUBLICA;-
LF002200H2E;-;BANCO SAFRA S/A;LF;False;0;-;IPCA;100;5,79;252;17/08/2026;1;70000;False;PUBLICA;-
LF0021007YO;-;BANCO SAFRA S/A;LF;False;0;-;IPCA;100;4,22;252;17/08/2026;1;50000;False;PUBLICA;-
LFSN2200266;-;BANCO SAFRA S/A;LFSN;False;0;-;PREFIXADO;-;12,68;252;22/02/2030;3;300000;False;PUBLICA;-
LF002600DNM;-;ITAU UNIBANCO S.A.;LF;False;0;-;DI;101;-;-;08/05/2028;4;50000;False;PUBLICA;-
LF002100E2J;-;BANCO SAFRA S/A;LF;False;0;-;IPCA;100;5,12;252;17/08/2026;2;50000;False;PUBLICA;-
LF002304XH3;-;BANCO BRADESCO S/A;LF;False;0;-;DI;104;-;-;10/07/2028;3;50000;False;PUBLICA;-
LF00250053D;-;ITAU UNIBANCO S.A.;LF;False;0;-;DI;101,8;-;-;15/03/2028;32;50486,58;False;PUBLICA;-
LF0021003V6;-;BANCO SAFRA S/A;LF;False;0;-;IPCA;100;4,69;252;01/04/2031;3;50000;False;PUBLICA;-
LF002100LAK;BRBSAFLTRF89;BANCO SAFRA S/A;LF;False;0;-;IPCA;100;5,57;252;17/08/2026;1;50000;False;PUBLICA;-
LF002200B8F;-;BANCO SAFRA S/A;LF;False;0;-;IPCA;100;5,79;252;17/08/2026;2;50000;False;PUBLICA;-
LFSC23006TF;BRITUBLFI1R3;ITAU UNIBANCO HOLDING S.A;LFSC;False;0;-;DI;100;1,9;252;09/11/9999;13;350000;False;PUBLICA;-
LF0022003X3;-;BANCO SAFRA S/A;LF;False;0;-;IPCA;100;5,5;252;17/08/2026;3;66000;False;PUBLICA;-
LF002400T38;-;ITAU UNIBANCO S.A.;LF;False;0;-;DI;102;-;-;16/11/2027;1120;50000;False;PUBLICA;-
LF00240041R;BRBSAFLNNC25;BANCO SAFRA S/A;LF;False;0;-;IPCA;100;5,96;252;02/02/2027;100;100000;False;PUBLICA;-
LF0021007N0;-;BANCO SAFRA S/A;LF;False;0;-;IPCA;100;4,66;252;16/06/2031;1;82000;False;PUBLICA;-
LF002400IVE;-;BANCO SAFRA S/A;LF;False;0;-;IPCA;100;6,05;252;15/05/2035;3;50000;False;PUBLICA;-
LF002100H29;-;BANCO SAFRA S/A;LF;False;0;-;IPCA;100;5,12;252;18/08/2026;1;50000;False;PUBLICA;-
LF002100903;-;BANCO SAFRA S/A;LF;False;0;-;IPCA;100;4,18;252;17/08/2026;1;50000;False;PUBLICA;-
LF0021009Q1;-;BANCO SAFRA S/A;LF;False;0;-;IPCA;100;4,14;252;17/08/2026;18;52277,777778;False;PUBLICA;-
LF002100NTR;BRBSAFLFEWO3;BANCO SAFRA S/A;LF;False;0;-;IPCA;100;5,82;252;02/12/2027;4;55000;False;PUBLICA;-
LF002400R7J;-;ITAU UNIBANCO S.A.;LF;False;0;-;DI;102;-;-;15/10/2027;210;50000;False;PUBLICA;-
LF002400COQ;-;BANCO SAFRA S/A;LF;False;0;-;IPCA;100;6,13;252;15/05/2035;10;50000;False;PUBLICA;-
LF002200FWH;-;BANCO SAFRA S/A;LF;False;0;-;IPCA;100;5,95;252;17/08/2026;1;50000;False;PUBLICA;-
LFSN21001QC;BRBSAFLFNNU0;BANCO SAFRA S/A;LFSN;False;0;-;IPCA;-;6;252;17/05/2028;1;1000000;False;PUBLICA;-
LF002100OO8;-;BANCO SAFRA S/A;LF;False;0;-;IPCA;100;5,32;252;17/08/2026;4;50000;False;PUBLICA;-
LF002500535;-;ITAU UNIBANCO S.A.;LF;False;0;-;DI;101,8;-;-;15/02/2028;200;50000;False;PUBLICA;-
LF002100C4Z;-;BANCO SAFRA S/A;LF;False;0;-;IPCA;100;4,87;252;17/08/2026;10;50000;False;PUBLICA;-
LF0021002NK;-;BANCO SAFRA S/A;LF;False;0;-;PREFIXADO;-;9,57;252;10/03/2031;30;50000;False;PUBLICA;-
LF002400C7F;-;ITAU UNIBANCO S.A.;LF;False;0;-;PREFIXADO;-;10,83;252;04/05/2027;1;307000;False;PUBLICA;-
LF0025008VO;-;ITAU UNIBANCO S.A.;LF;False;0;-;DI;102;-;-;17/04/2028;920;50000;False;PUBLICA;-
LF002100E3E;-;BANCO SAFRA S/A;LF;False;0;-;IPCA;100;5,12;252;17/08/2026;3;50000;False;PUBLICA;-
LF00210044O;-;BANCO SAFRA S/A;LF;False;0;-;IPCA;100;3,99;252;17/08/2026;20;50000;False;PUBLICA;-
LF0021002CU;-;BANCO SAFRA S/A;LF;False;0;-;IPCA;100;3,58;252;17/08/2026;6;50000;False;PUBLICA;-
LF002600M5K;-;ITAU UNIBANCO S.A.;LF;False;0;-;DI;101;-;-;15/08/2029;9;50000;False;PUBLICA;-
LF002400LZE;-;BANCO SAFRA S/A;LF;False;0;-;IPCA;100;6,27;252;15/05/2029;4;50000;False;PUBLICA;-
LF002100BC2;-;BANCO SAFRA S/A;LF;False;0;-;IPCA;100;4,62;252;17/08/2026;2;50000;False;PUBLICA;-
LF002400G48;BRBSAFLNNDE9;BANCO SAFRA S/A;LF;False;0;-;DI;100;0,45;252;20/08/2026;33;50000;False;PUBLICA;-
LF0021001L4;BRBSAFLTFDI3;BANCO SAFRA S/A;LF;False;0;-;IPCA;100;4,24;252;26/02/2031;3;50000;False;PUBLICA;-
LF002100IK4;-;BANCO SAFRA S/A;LF;False;0;-;IPCA;100;5,82;252;17/08/2026;2;63500;False;PUBLICA;-
LFSC26004BM;BRITUBLFI290;ITAU UNIBANCO HOLDING S.A;LFSC;False;0;-;DI;100;1,05;252;09/06/9999;2498;300000;False;PUBLICA;-
LF002600A8T;-;ITAU UNIBANCO S.A.;LF;False;0;-;DI;101;-;-;16/04/2029;105;50000;False;PUBLICA;-
LF0025009HC;-;ITAU UNIBANCO S.A.;LF;False;0;-;DI;101;-;-;17/04/2028;80;56000;False;PUBLICA;-
LF00250057E;-;ITAU UNIBANCO S.A.;LF;False;0;-;DI;101,8;-;-;15/03/2028;190;50000;False;PUBLICA;-
LF0021006CI;-;BANCO SAFRA S/A;LF;False;0;-;IPCA;100;4,5;252;15/05/2035;8;50000;False;PUBLICA;-
LF0022004TZ;BRBSAFLNN2L5;BANCO SAFRA S/A;LF;False;0;-;DI;100;1,35;252;10/02/2027;222;50000;False;PUBLICA;-
LF002100CLA;-;BANCO SAFRA S/A;LF;False;0;-;IPCA;100;5,02;252;17/08/2026;4;50000;False;PUBLICA;-
LF002500JLL;-;ITAU UNIBANCO S.A.;LF;False;0;-;IPCA;100;8,07;252;27/08/2027;2;50000;False;PUBLICA;-
LF002400W00;-;ITAU UNIBANCO S.A.;LF;False;0;-;DI;102;-;-;16/11/2027;15;52571,47;False;PUBLICA;-
LF002100BBR;-;BANCO SAFRA S/A;LF;False;0;-;IPCA;100;4,62;252;17/08/2026;10;50000;False;PUBLICA;-
LF002100I3Z;-;BANCO SAFRA S/A;LF;False;0;-;IPCA;100;5,74;252;17/08/2026;2;67500;False;PUBLICA;-
LF00250049F;-;ITAU UNIBANCO S.A.;LF;False;0;-;IPCA;100;7,5;252;04/02/2027;1;250000;False;PUBLICA;-
LF002400OHU;-;ITAU UNIBANCO S.A.;LF;False;0;-;DI;102;-;-;15/09/2027;169;50018,84;False;PUBLICA;-
LF002100IJS;-;BANCO SAFRA S/A;LF;False;0;-;IPCA;100;5,82;252;17/08/2026;2;50000;False;PUBLICA;-
LF002100CQ7;-;BANCO SAFRA S/A;LF;False;0;-;IPCA;100;4,96;252;17/08/2026;1;63000;False;PUBLICA;-
LF0025006WD;-;ITAU UNIBANCO S.A.;LF;False;0;-;IPCA;100;7,91;252;11/03/2027;1;50000;False;PUBLICA;-
LF002100HQE;-;BANCO SAFRA S/A;LF;False;0;-;IPCA;100;5,69;252;17/08/2026;10;50000;False;PUBLICA;-
LF002500EU2;BRDAYCLTF736;BANCO DAYCOVAL S/A;LF;False;0;-;DI;100;0,35;252;07/07/2027;10000;50000;False;PUBLICA;-
LF002306VDL;-;BANCO BRADESCO S/A;LF;False;0;-;IPCA;100;5,16;252;08/09/2028;1;50000;False;PUBLICA;-
LFSN21003NH;BRBITALFIXG0;ITAU UNIBANCO HOLDING S.A;LFSN;False;0;-;DI;100;2;252;21/10/2031;5;400000;False;PUBLICA;-
LF0021007HR;-;BANCO SAFRA S/A;LF;False;0;-;IPCA;100;3,92;252;17/08/2026;1;65000;False;PUBLICA;-
LF002400T3A;-;ITAU UNIBANCO S.A.;LF;False;0;-;PREFIXADO;-;12,81;252;19/10/2026;1;200000;False;PUBLICA;-
LF0022007JK;-;BANCO SAFRA S/A;LF;False;0;-;IPCA;100;6,11;252;17/08/2026;1;50000;False;PUBLICA;-
LF002600GA0;-;ITAU UNIBANCO S.A.;LF;False;0;-;DI;101,5;-;-;29/05/2030;6;50000;False;PUBLICA;-
LF002400S45;-;BANCO SAFRA S/A;LF;False;0;-;IPCA;100;6,73;252;13/10/2026;1;50000;False;PUBLICA;-
LF0021006CC;-;BANCO SAFRA S/A;LF;False;0;-;IPCA;100;4,5;252;15/05/2035;12;50000;False;PUBLICA;-
LFSC220028R;BRITUBLFI1H4;ITAU UNIBANCO HOLDING S.A;LFSC;False;0;-;DI;100;2,4;252;22/09/9999;25;300000;False;PUBLICA;-
LF002400IVG;-;BANCO SAFRA S/A;LF;False;0;-;PREFIXADO;-;11,83;252;19/07/2027;10;50000;False;PUBLICA;-
LF002200FLO;-;BANCO SAFRA S/A;LF;False;0;-;IPCA;100;6,02;252;17/08/2026;7;50000;False;PUBLICA;-
LF002100GCP;-;BANCO SAFRA S/A;LF;False;0;-;IPCA;100;5,06;252;17/08/2026;1;50000;False;PUBLICA;-
LF002400HCZ;-;ITAU UNIBANCO S.A.;LF;False;0;-;DI;102;-;-;15/07/2027;35;50000;False;PUBLICA;-
LF002100PMC;-;BANCO SAFRA S/A;LF;False;0;-;IPCA;100;5,34;252;17/08/2026;1;50000;False;PUBLICA;-
LF0021003EF;-;BANCO SAFRA S/A;LF;False;0;-;IPCA;100;3,91;252;17/08/2026;3;65000;False;PUBLICA;-
LF002100GCX;-;BANCO SAFRA S/A;LF;False;0;-;IPCA;100;5,06;252;17/08/2026;2;67750;False;PUBLICA;-
LF0026004IN;-;ITAU UNIBANCO S.A.;LF;False;0;-;DI;101,5;-;-;11/02/2028;167;50000;False;PUBLICA;-
LF002200CDW;-;BANCO SAFRA S/A;LF;False;0;-;IPCA;100;5,8;252;22/04/2027;3;53333,333334;False;PUBLICA;-
LF0025009HF;-;ITAU UNIBANCO S.A.;LF;False;0;-;DI;101;-;-;17/04/2028;100;50000;False;PUBLICA;-
LF002400NXG;-;ITAU UNIBANCO S.A.;LF;False;0;-;DI;102;-;-;15/09/2027;20;50000;False;PUBLICA;-
LF002307T0S;-;ITAU UNIBANCO S.A.;LF;False;0;-;PREFIXADO;-;12,11;252;09/10/2028;1;200000;False;PUBLICA;-
LF0021009XN;-;BANCO SAFRA S/A;LF;False;0;-;IPCA;100;4,04;252;17/08/2026;4;50000;False;PUBLICA;-
LF0023075Q3;-;ITAU UNIBANCO S.A.;LF;False;0;-;PREFIXADO;-;10,55;252;18/09/2026;1;100000;False;PUBLICA;-
LF0021004MB;-;BANCO SAFRA S/A;LF;False;0;-;IPCA;100;4,23;252;17/08/2026;40;50000;False;PUBLICA;-
LF0025000IG;-;ITAU UNIBANCO S.A.;LF;False;0;-;DI;102;-;-;17/01/2028;40;50000;False;PUBLICA;-
LF002200C37;-;BANCO SAFRA S/A;LF;False;0;-;DI;109;-;-;19/04/2028;1;50000;False;PUBLICA;-
LF002500GNV;-;ITAU UNIBANCO S.A.;LF;False;0;-;IPCA;100;7,98;252;24/07/2029;8;50000;False;PUBLICA;-
LFSC23006SP;BRITUBLFI1R3;ITAU UNIBANCO HOLDING S.A;LFSC;False;0;-;DI;100;1,9;252;09/11/9999;2;350000;False;PUBLICA;-
LF0021005TE;-;BANCO SAFRA S/A;LF;False;0;-;IPCA;100;3,89;252;17/08/2026;1;50000;False;PUBLICA;-
LF002400V8K;-;ITAU UNIBANCO S.A.;LF;False;0;-;DI;102;-;-;16/11/2027;280;50000;False;PUBLICA;-
LF0022004TH;BRBSAFLNN2L5;BANCO SAFRA S/A;LF;False;0;-;DI;100;1,35;252;10/02/2027;7;50000;False;PUBLICA;-
LF002400JCC;-;ITAU UNIBANCO S.A.;LF;False;0;-;DI;102;-;-;16/08/2027;3510;50205,7;False;PUBLICA;-
LF002100F4W;-;BANCO SAFRA S/A;LF;False;0;-;IPCA;100;5,03;252;17/08/2026;2;60000;False;PUBLICA;-
LF002400PIR;-;ITAU UNIBANCO S.A.;LF;False;0;-;DI;102;-;-;15/10/2027;40;50000;False;PUBLICA;-
LF002500A3V;-;ITAU UNIBANCO S.A.;LF;False;0;-;PREFIXADO;-;14,01;252;15/04/2027;16;58750;False;PUBLICA;-
LF002400YSA;-;ITAU UNIBANCO S.A.;LF;False;0;-;IPCA;100;7,12;252;02/12/2026;1;350000;False;PUBLICA;-
LF002301W27;-;BANCO SAFRA S/A;LF;False;0;-;PREFIXADO;-;13,03;252;20/03/2029;3;50000;False;PUBLICA;-
LF002100AC5;-;BANCO SAFRA S/A;LF;False;0;-;IPCA;100;4,32;252;17/08/2026;6;50000;False;PUBLICA;-
LF002200K9H;-;ITAU UNIBANCO S.A.;LF;False;0;-;PREFIXADO;-;14,25;252;26/07/2032;1;50000;False;PUBLICA;-
LF002500A03;-;BANCO SAFRA S/A;LF;False;0;-;IPCA;100;7,55;252;11/10/2045;2;50000;False;PUBLICA;-
LF002500PEA;-;ITAU UNIBANCO S.A.;LF;False;0;-;PREFIXADO;-;12,65;252;14/11/2028;25;54240;False;PUBLICA;-
LF002400WKA;BRAGBKLFI1T4;BANCO AGIBANK S/A;LF;False;0;-;DI;100;1,1;252;19/11/2026;1200;50000;False;PUBLICA;-
LF002500ICJ;-;BANCO SAFRA S/A;LF;False;0;-;IPCA;100;7,15;252;15/08/2032;175;50000;False;PUBLICA;-
LF0023089DQ;-;ITAU UNIBANCO S.A.;LF;False;0;-;PREFIXADO;-;11,58;252;28/11/2033;1;200000;False;PUBLICA;-
LF002400UGV;-;ITAU UNIBANCO S.A.;LF;False;0;-;DI;102;-;-;01/11/2027;10;50000;False;PUBLICA;-
LF002400O7I;BRBSAFLNNDZ4;BANCO SAFRA S/A;LF;False;0;-;IPCA;100;6,7;252;06/09/2028;400;50000;False;PUBLICA;-
LF002100DQG;-;BANCO SAFRA S/A;LF;False;0;-;IPCA;100;4,87;252;17/08/2026;6;50000;False;PUBLICA;-
LF002100PMJ;-;BANCO SAFRA S/A;LF;False;0;-;IPCA;100;5,34;252;17/08/2026;2;50000;False;PUBLICA;-
LF0025000IE;-;ITAU UNIBANCO S.A.;LF;False;0;-;DI;102;-;-;17/01/2028;160;50000;False;PUBLICA;-
LF002100D14;-;BANCO SAFRA S/A;LF;False;0;-;IPCA;100;4,73;252;17/08/2026;1;50000;False;PUBLICA;-
LF002400K5T;-;BANCO SAFRA S/A;LF;False;0;-;IPCA;100;6,13;252;15/05/2045;3;60666,666667;False;PUBLICA;-
LFSC22002MS;BRITUBLFI1L6;ITAU UNIBANCO HOLDING S.A;LFSC;False;0;-;DI;100;2,4;252;28/09/9999;4;300000;False;PUBLICA;-
LFSC23006O7;BRITUBLFI1Q5;ITAU UNIBANCO HOLDING S.A;LFSC;False;0;-;DI;100;1,9;252;08/11/9999;2;350000;False;PUBLICA;-
LF0022000DP;-;BANCO SAFRA S/A;LF;False;0;-;IPCA;100;5,75;252;17/08/2026;1;50884,08;False;PUBLICA;-
LF0021009CT;-;BANCO SAFRA S/A;LF;False;0;-;IPCA;100;4,54;252;08/07/2031;1;50000;False;PUBLICA;-
LF002600B6B;-;ITAU UNIBANCO S.A.;LF;False;0;-;DI;101,5;-;-;16/04/2029;480;50000;False;PUBLICA;-
LF002600ES4;-;ITAU UNIBANCO S.A.;LF;False;0;-;PREFIXADO;-;14,3;252;14/05/2031;9;50000;False;PUBLICA;-
LF00220071E;-;BANCO SAFRA S/A;LF;False;0;-;IPCA;100;5,86;252;17/08/2026;10;50000;False;PUBLICA;-
LF002100J8Y;-;BANCO SAFRA S/A;LF;False;0;-;IPCA;100;6,01;252;17/08/2026;3;50856,553334;False;PUBLICA;-
LF002306VJ5;-;BANCO SAFRA S/A;LF;False;0;-;PREFIXADO;-;11,5;252;08/09/2028;20;50000;False;PUBLICA;-
LF00210048C;-;BANCO SAFRA S/A;LF;False;0;-;IPCA;100;4,08;252;17/08/2026;1;50000;False;PUBLICA;-
LF002500C2Q;-;ITAU UNIBANCO S.A.;LF;False;0;-;DI;102;-;-;15/05/2028;400;50000;False;PUBLICA;-
LF0021004FQ;-;BANCO SAFRA S/A;LF;False;0;-;IPCA;100;4,49;252;15/05/2035;1;50000;False;PUBLICA;-
LF0021007QY;-;BANCO SAFRA S/A;LF;False;0;-;IPCA;100;4,64;252;16/05/2035;1;51000;False;PUBLICA;-
LF002600NJI;-;ITAU UNIBANCO S.A.;LF;False;0;-;DI;101;-;-;15/08/2029;100;50000;False;PUBLICA;-
LF0025002Z9;-;ITAU UNIBANCO S.A.;LF;False;0;-;PREFIXADO;-;15,05;252;21/01/2027;1;200000;False;PUBLICA;-
LF002306KF9;-;BANCO BRADESCO S/A;LF;False;0;-;IPCA;100;4,9;252;15/05/2035;9;50000;False;PUBLICA;-
LF002500F0B;BRCCDBLFI0N0;BANCO SEGURO S/A;LF;False;0;-;DI;100;0,45;252;10/07/2027;18406;50000;False;PUBLICA;-
LF002100GQW;-;BANCO SAFRA S/A;LF;False;0;-;IPCA;100;5,08;252;17/08/2026;1;50000;False;PUBLICA;-
LF002303EOS;-;BANCO BRADESCO S/A;LF;False;0;-;PREFIXADO;-;11,96;252;18/05/2028;1;50000;False;PUBLICA;-
LFSC23006OA;BRITUBLFI1Q5;ITAU UNIBANCO HOLDING S.A;LFSC;False;0;-;DI;100;1,9;252;08/11/9999;1;350000;False;PUBLICA;-
LFSC22002C3;BRITUBLFI1I2;ITAU UNIBANCO HOLDING S.A;LFSC;False;0;-;DI;100;2,4;252;23/09/9999;5;300000;False;PUBLICA;-
LF002400JTL;-;ITAU UNIBANCO S.A.;LF;False;0;-;DI;102;-;-;16/08/2027;9;50000;False;PUBLICA;-
LF002100GRE;-;BANCO SAFRA S/A;LF;False;0;-;IPCA;100;5,41;252;15/05/2035;2;65000;False;PUBLICA;-
LF002100ELQ;-;BANCO SAFRA S/A;LF;False;0;-;IPCA;100;4,92;252;17/08/2026;1;50000;False;PUBLICA;-
LF002303MPW;-;ITAU UNIBANCO S.A.;LF;False;0;-;PREFIXADO;-;12,3;252;30/05/2033;1;450000;False;PUBLICA;-
LF0021002CP;-;BANCO SAFRA S/A;LF;False;0;-;IPCA;100;4,43;252;15/05/2035;20;50000;False;PUBLICA;-
LFSN21003TA;BRBITALFIXI6;ITAU UNIBANCO HOLDING S.A;LFSN;False;0;-;DI;100;2;252;22/09/2031;9;400000;False;PUBLICA;-
LF002100N3F;BRBSAFLFERA2;BANCO SAFRA S/A;LF;False;0;-;IPCA;100;5,45;252;17/08/2026;10;51800;False;PUBLICA;-
LF00220076E;-;BANCO SAFRA S/A;LF;False;0;-;IPCA;100;5,92;252;17/08/2026;1;87000;False;PUBLICA;-
LF0025007NJ;-;ITAU UNIBANCO S.A.;LF;False;0;-;IPCA;100;7,97;252;18/03/2027;1;50000;False;PUBLICA;-
LFSN2400001;BRPINELFI4V9;BANCO PINE S/A;LFSN;False;0;-;DI;100;4,8;252;03/01/2034;292;300000;False;PUBLICA;-
LF002500QH9;-;ITAU UNIBANCO S.A.;LF;False;0;-;IPCA;100;7,55;252;09/12/2030;10;50000;False;PUBLICA;-
LF0021001MG;BRBSAFLTFDW4;BANCO SAFRA S/A;LF;False;0;-;IPCA;100;3,36;252;17/08/2026;1;50000;False;PUBLICA;-
LF002400IVI;-;BANCO SAFRA S/A;LF;False;0;-;IPCA;100;5,69;252;19/07/2027;1;50000;False;PUBLICA;-
LF002100ARC;-;BANCO SAFRA S/A;LF;False;0;-;IPCA;100;4,45;252;17/08/2026;38;50000;False;PUBLICA;-
LF002400U3R;BRBMGBLFI745;BANCO BMG S/A;LF;False;0;-;DI;100;1,5;252;07/11/2026;3000;100000;False;PUBLICA;-
LF002100709;-;BANCO SAFRA S/A;LF;False;0;-;IPCA;100;3,77;252;17/08/2026;10;50000;False;PUBLICA;-
LFSC2200282;BRITUBLFI1H4;ITAU UNIBANCO HOLDING S.A;LFSC;False;0;-;DI;100;2,4;252;22/09/9999;22;300000;False;PUBLICA;-
LF00240028V;-;ITAU UNIBANCO S.A.;LF;False;0;-;DI;104;-;-;17/01/2028;1;60000;False;PUBLICA;-
LF00260075R;-;ITAU UNIBANCO S.A.;LF;False;0;-;DI;101,5;-;-;10/03/2028;58;50000;False;PUBLICA;-
LF002100IX6;-;BANCO SAFRA S/A;LF;False;0;-;IPCA;100;5,89;252;17/08/2026;1;55000;False;PUBLICA;-
LF0021009LL;-;BANCO SAFRA S/A;LF;False;0;-;IPCA;100;4,18;252;17/08/2026;5;54000;False;PUBLICA;-
LF002100EVN;-;BANCO SAFRA S/A;LF;False;0;-;IPCA;100;5,31;252;21/09/2026;5;52600;False;PUBLICA;-
LF00210064J;-;BANCO SAFRA S/A;LF;False;0;-;IPCA;100;4,75;252;13/05/2031;1;50000;False;PUBLICA;-
LF002301LPX;-;ITAU UNIBANCO S.A.;LF;False;0;-;PREFIXADO;-;13,57;252;13/03/2028;1;440000;False;PUBLICA;-
LFSC22002MT;BRITUBLFI1L6;ITAU UNIBANCO HOLDING S.A;LFSC;False;0;-;DI;100;2,4;252;28/09/9999;6;300000;False;PUBLICA;-
LF002600ADU;-;ITAU UNIBANCO S.A.;LF;False;0;-;DI;101,5;-;-;16/04/2029;1011;50026,59;False;PUBLICA;-
LF002200JXC;-;BANCO SAFRA S/A;LF;False;0;-;IPCA;100;7,7;252;20/07/2029;10;50000;False;PUBLICA;-
LF002400HTZ;-;ITAU UNIBANCO S.A.;LF;False;0;-;IPCA;100;6,55;252;04/07/2028;20;50000;False;PUBLICA;-
LF002400GDH;-;ITAU UNIBANCO S.A.;LF;False;0;-;DI;102;-;-;15/07/2027;32;50000;False;PUBLICA;-
LF002100GYJ;-;BANCO SAFRA S/A;LF;False;0;-;IPCA;100;5,05;252;17/08/2026;1;50000;False;PUBLICA;-
LF0021003P4;-;BANCO SAFRA S/A;LF;False;0;-;IPCA;100;4,09;252;17/08/2026;4;78500;False;PUBLICA;-
LF002400E37;-;BANCO SAFRA S/A;LF;False;0;-;IPCA;100;6,08;252;15/05/2045;3;53333,333334;False;PUBLICA;-
LF002100FEG;-;BANCO SAFRA S/A;LF;False;0;-;IPCA;100;5,06;252;17/08/2026;14;50000;False;PUBLICA;-
LF00210043R;-;BANCO SAFRA S/A;LF;False;0;-;IPCA;100;4,47;252;15/05/2035;1;50000;False;PUBLICA;-
LF002100PF8;-;BANCO SAFRA S/A;LF;False;0;-;IPCA;100;5,25;252;17/08/2026;1;60000;False;PUBLICA;-
LF002400C7A;-;BANCO BRADESCO S/A;LF;False;0;-;IPCA;100;6,15;252;15/05/2035;4;50000;False;PUBLICA;-
LF002600GG7;-;ITAU UNIBANCO S.A.;LF;False;0;-;DI;101,5;-;-;01/06/2028;5;50000;False;PUBLICA;-
LFSN21003JK;BRBITALFIX80;ITAU UNIBANCO HOLDING S.A;LFSN;False;0;-;DI;100;2;252;22/09/2031;15;400000;False;PUBLICA;-
LF0021002NV;-;BANCO SAFRA S/A;LF;False;0;-;IPCA;100;3,5;252;17/08/2026;1;50000;False;PUBLICA;-
LF002600BZ6;-;ITAU UNIBANCO S.A.;LF;False;0;-;DI;101,5;-;-;15/05/2029;1665;50007,32;False;PUBLICA;-
LF002200JUU;-;BANCO SAFRA S/A;LF;False;0;-;PREFIXADO;-;13,49;252;20/07/2027;10;50400;False;PUBLICA;-
LF002400KA1;-;ITAU UNIBANCO S.A.;LF;False;0;-;DI;102;-;-;16/08/2027;600;50000;False;PUBLICA;-
LF002600L9J;-;ITAU UNIBANCO S.A.;LF;False;0;-;DI;101;-;-;15/08/2029;60;50000;False;PUBLICA;-
LF0021009XR;-;BANCO SAFRA S/A;LF;False;0;-;IPCA;100;4,06;252;18/08/2026;1;50000;False;PUBLICA;-
LF002400M0Y;-;ITAU UNIBANCO S.A.;LF;False;0;-;IPCA;100;6;252;15/08/2029;4;51750;False;PUBLICA;-
LF002100CF5;-;BANCO SAFRA S/A;LF;False;0;-;IPCA;100;5,17;252;17/08/2026;9;51333,333334;False;PUBLICA;-
LF0021008MU;-;BANCO SAFRA S/A;LF;False;0;-;IPCA;100;4,64;252;25/06/2031;1;50000;False;PUBLICA;-
LF002500G20;-;ITAU UNIBANCO S.A.;LF;False;0;-;PREFIXADO;-;13,6;252;16/07/2035;4;60000;False;PUBLICA;-
LF002303A7T;-;ITAU UNIBANCO S.A.;LF;False;0;-;PREFIXADO;-;12,08;252;15/05/2028;1;250000;False;PUBLICA;-
LF002400PCQ;-;ITAU UNIBANCO S.A.;LF;False;0;-;DI;101,8;-;-;15/10/2026;26;50000;False;PUBLICA;-
LF002400OKM;-;ITAU UNIBANCO S.A.;LF;False;0;-;DI;102;-;-;15/09/2027;29;51034,49;False;PUBLICA;-
LF002400UD2;-;BANCO BRADESCO S/A;LF;False;0;-;IPCA;100;6,51;252;15/11/2028;1;50000;False;PUBLICA;-
LF002400NTQ;-;ITAU UNIBANCO S.A.;LF;False;0;-;DI;102;-;-;15/09/2027;5;50000;False;PUBLICA;-
LF002400XHF;-;ITAU UNIBANCO S.A.;LF;False;0;-;PREFIXADO;-;13,46;252;26/11/2026;20;50000;False;PUBLICA;-
LF002600M9Z;-;ITAU UNIBANCO S.A.;LF;False;0;-;DI;101,5;-;-;15/08/2029;720;50000;False;PUBLICA;-
LF002500PE6;-;ITAU UNIBANCO S.A.;LF;False;0;-;PREFIXADO;-;12,85;252;14/11/2029;5;256171;False;PUBLICA;-
LF002600L9K;-;ITAU UNIBANCO S.A.;LF;False;0;-;DI;101;-;-;15/08/2029;2;50000;False;PUBLICA;-
LF0025002Z8;-;ITAU UNIBANCO S.A.;LF;False;0;-;DI;102;-;-;15/02/2028;340;50000;False;PUBLICA;-
LF002100IJ5;-;BANCO SAFRA S/A;LF;False;0;-;IPCA;100;5,82;252;17/08/2026;6;50000;False;PUBLICA;-
LF002100FJP;-;BANCO SAFRA S/A;LF;False;0;-;IPCA;100;5,01;252;17/08/2026;1;99000;False;PUBLICA;-
LF0022002NQ;-;BANCO SAFRA S/A;LF;False;0;-;IPCA;100;5,64;252;17/08/2026;1;60000;False;PUBLICA;-
LF002400JTR;-;ITAU UNIBANCO S.A.;LF;False;0;-;IPCA;100;6,56;252;25/07/2028;82;50163;False;PUBLICA;-
LF002300ZYK;-;ITAU UNIBANCO S.A.;LF;False;0;-;IPCA;100;6,92;252;15/02/2033;1;353804;False;PUBLICA;-
LF002100IR5;-;BANCO SAFRA S/A;LF;False;0;-;IPCA;100;5,79;252;17/08/2026;1;50000;False;PUBLICA;-
LF0021002WR;-;BANCO SAFRA S/A;LF;False;0;-;IPCA;100;3,62;252;17/08/2026;1;73000;False;PUBLICA;-
LF0024011V4;-;ITAU UNIBANCO S.A.;LF;False;0;-;DI;102;-;-;15/12/2027;275;53876,38;False;PUBLICA;-
LF002100LWU;BRBSAFLFE2H4;BANCO SAFRA S/A;LF;False;0;-;IPCA;100;5,65;252;17/08/2026;5;50000;False;PUBLICA;-
LF002100CC6;-;BANCO SAFRA S/A;LF;False;0;-;IPCA;100;4,93;252;17/08/2026;2;50000;False;PUBLICA;-
LF0021002T9;-;BANCO SAFRA S/A;LF;False;0;-;IPCA;100;4,16;252;15/05/2035;2;93500;False;PUBLICA;-
LF0025001UP;BRAGBKLFI1Z1;BANCO AGIBANK S/A;LF;False;0;-;DI;100;1,15;252;14/01/2028;600;50000;False;PUBLICA;-
LF002200MWD;-;BANCO SAFRA S/A;LF;False;0;-;PREFIXADO;-;11,96;252;18/09/2028;1;50000;False;PUBLICA;-
LFSN21003NV;BRBITALFIXH8;ITAU UNIBANCO HOLDING S.A;LFSN;False;0;-;DI;100;2;252;22/09/2031;1;400000;False;PUBLICA;-
LF002400WTD;-;ITAU UNIBANCO S.A.;LF;False;0;-;IPCA;100;6,86;252;23/11/2026;1;430000;False;PUBLICA;-
LF002400J1G;-;ITAU UNIBANCO S.A.;LF;False;0;-;DI;101;-;-;16/08/2027;300;50000;False;PUBLICA;-
LF002100FMZ;-;BANCO SAFRA S/A;LF;False;0;-;IPCA;100;5,03;252;17/08/2026;10;50000;False;PUBLICA;-
LF0021004JU;-;BANCO SAFRA S/A;LF;False;0;-;IPCA;100;4,11;252;17/08/2026;9;50000;False;PUBLICA;-
LFSN21003M7;BRBITALFIXD7;ITAU UNIBANCO HOLDING S.A;LFSN;False;0;-;DI;100;2;252;21/10/2031;81;400000;False;PUBLICA;-
LF002400P5L;-;ITAU UNIBANCO S.A.;LF;False;0;-;DI;102;-;-;15/10/2027;20;50000;False;PUBLICA;-
LF002200A80;-;BANCO SAFRA S/A;LF;False;0;-;IPCA;100;6;252;31/03/2032;1;50000;False;PUBLICA;-
LF002100Q78;-;BANCO SAFRA S/A;LF;False;0;-;IPCA;100;5,46;252;17/08/2026;1;50000;False;PUBLICA;-
LF002100GQI;-;BANCO SAFRA S/A;LF;False;0;-;IPCA;100;5,08;252;17/08/2026;2;50000;False;PUBLICA;-
LF002100QSH;-;BANCO SAFRA S/A;LF;False;0;-;IPCA;100;5,42;252;17/08/2026;2;50000;False;PUBLICA;-
LF002100CF4;-;BANCO SAFRA S/A;LF;False;0;-;IPCA;100;5,84;252;19/08/2026;43;50488,372094;False;PUBLICA;-
LF002100OXM;-;BANCO SAFRA S/A;LF;False;0;-;IPCA;100;5,25;252;17/08/2026;1;50000;False;PUBLICA;-
LF002600M06;-;ITAU UNIBANCO S.A.;LF;False;0;-;DI;101;-;-;15/08/2029;130;50000;False;PUBLICA;-
LF002500JED;-;ITAU UNIBANCO S.A.;LF;False;0;-;IPCA;100;8,02;252;27/08/2029;4;50000;False;PUBLICA;-
LF002301VWL;-;BANCO SAFRA S/A;LF;False;0;-;IPCA;100;5,76;252;22/03/2028;1;50000;False;PUBLICA;-
LF002200JCP;-;BANCO SAFRA S/A;LF;False;0;-;PREFIXADO;-;12,98;252;12/07/2027;10;50000;False;PUBLICA;-
LF002500ELE;-;ITAU UNIBANCO S.A.;LF;False;0;-;DI;101;-;-;21/06/2027;8;50000;False;PUBLICA;-
LF0025009PH;-;ITAU UNIBANCO S.A.;LF;False;0;-;DI;102;-;-;17/04/2028;772;50000;False;PUBLICA;-
LF002100E2N;-;BANCO SAFRA S/A;LF;False;0;-;IPCA;100;5,7;252;09/09/2026;4;50000;False;PUBLICA;-
LF002100CLH;-;BANCO SAFRA S/A;LF;False;0;-;IPCA;100;5,02;252;17/08/2026;10;50000;False;PUBLICA;-
LF002200OPU;-;BANCO SAFRA S/A;LF;False;0;-;PREFIXADO;-;12,04;252;23/10/2028;1;50000;False;PUBLICA;-
LF0021002LA;-;BANCO SAFRA S/A;LF;False;0;-;IPCA;100;3,51;252;17/08/2026;1;50000;False;PUBLICA;-
LF002100CBK;-;BANCO SAFRA S/A;LF;False;0;-;IPCA;100;4,93;252;17/08/2026;4;50000;False;PUBLICA;-
LF002100BGY;-;BANCO SAFRA S/A;LF;False;0;-;IPCA;100;4,65;252;17/08/2026;2;70000;False;PUBLICA;-
LF002100FJZ;-;BANCO SAFRA S/A;LF;False;0;-;IPCA;100;5,01;252;17/08/2026;1;50000;False;PUBLICA;-
LF002100JBL;-;BANCO SAFRA S/A;LF;False;0;-;IPCA;100;6,01;252;17/08/2026;2;50000;False;PUBLICA;-
LF0025008R9;-;ITAU UNIBANCO S.A.;LF;False;0;-;DI;101,8;-;-;17/04/2028;18;50647,68;False;PUBLICA;-
LF002200KEH;-;BANCO SAFRA S/A;LF;False;0;-;IPCA;100;6,64;252;15/05/2035;2;62500;False;PUBLICA;-
LF002400QWG;-;BANCO SAFRA S/A;LF;False;0;-;IPCA;100;6,23;252;15/05/2035;1;50000;False;PUBLICA;-
LF0021002Z7;-;BANCO SAFRA S/A;LF;False;0;-;IPCA;100;3,69;252;17/08/2026;1;52000;False;PUBLICA;-
LF0021002LH;-;BANCO SAFRA S/A;LF;False;0;-;IPCA;100;4,27;252;10/03/2031;1;59000;False;PUBLICA;-
LF002100CC0;-;BANCO SAFRA S/A;LF;False;0;-;IPCA;100;4,93;252;17/08/2026;1;50000;False;PUBLICA;-
LF002100HJK;-;BANCO SAFRA S/A;LF;False;0;-;IPCA;100;5,46;252;17/08/2026;1;50000;False;PUBLICA;-
LF002400S50;-;ITAU UNIBANCO S.A.;LF;False;0;-;DI;102;-;-;15/10/2027;40;50000;False;PUBLICA;-
LF0025009MK;-;ITAU UNIBANCO S.A.;LF;False;0;-;DI;101;-;-;17/04/2028;600;50000;False;PUBLICA;-
LF002100CTV;-;BANCO SAFRA S/A;LF;False;0;-;IPCA;100;4,94;252;17/08/2026;14;52071,428572;False;PUBLICA;-
LF0021004DA;-;BANCO SAFRA S/A;LF;False;0;-;IPCA;100;4,06;252;17/08/2026;2;60000;False;PUBLICA;-
LF002500NM4;BRBCGMLFIA50;BANCO GM S.A;LF;False;0;-;DI;100;0,54;252;29/10/2029;3534;50000;False;PUBLICA;-
LF002600LK9;-;ITAU UNIBANCO S.A.;LF;False;0;-;IPCA;100;8,06;252;20/07/2028;2;62500;False;PUBLICA;-
LF002100QFA;-;BANCO SAFRA S/A;LF;False;0;-;DI;111;-;-;23/12/2026;10;98800;False;PUBLICA;-
LF002100A5V;-;BANCO SAFRA S/A;LF;False;0;-;IPCA;100;4,23;252;17/08/2026;4;70000;False;PUBLICA;-
LF002400JCD;-;ITAU UNIBANCO S.A.;LF;False;0;-;DI;102;-;-;16/08/2027;24;51250;False;PUBLICA;-
LF0021004OG;-;BANCO SAFRA S/A;LF;False;0;-;IPCA;100;4,14;252;17/08/2026;1;50000;False;PUBLICA;-
LF002306LT7;-;BANCO SAFRA S/A;LF;False;0;-;DI;103;-;-;31/08/2026;6;50000;False;PUBLICA;-
LF002400M06;-;BANCO SAFRA S/A;LF;False;0;-;IPCA;100;6,27;252;15/05/2029;1;50000;False;PUBLICA;-
LF0023038IK;-;ITAU UNIBANCO S.A.;LF;False;0;-;DI;104;-;-;11/05/2028;1;100000;False;PUBLICA;-
LFSN22008CA;-;BANCO SAFRA S/A;LFSN;False;0;-;PREFIXADO;-;15;252;15/06/2037;10;370000;False;PUBLICA;-
LF0024008B0;-;BANCO BRADESCO S/A;LF;False;0;-;IPCA;100;5,72;252;15/05/2035;3;50000;False;PUBLICA;-
LF002400LZX;-;BANCO SAFRA S/A;LF;False;0;-;IPCA;100;6,27;252;15/05/2029;20;50000;False;PUBLICA;-
LF002400KV4;BRBSAFLNNDM2;BANCO SAFRA S/A;LF;False;0;-;DI;100;0,4;252;05/10/2026;65;50000;False;PUBLICA;-
LF0021003PI;-;BANCO SAFRA S/A;LF;False;0;-;IPCA;100;3,99;252;17/08/2026;1;50000;False;PUBLICA;-
LF002400755;-;ITAU UNIBANCO S.A.;LF;False;0;-;PREFIXADO;-;10,22;252;02/03/2027;1;104000;False;PUBLICA;-
LF002100PFP;-;BANCO SAFRA S/A;LF;False;0;-;PREFIXADO;-;10,89;252;15/12/2031;1;50000;False;PUBLICA;-
LF002100BGX;-;BANCO SAFRA S/A;LF;False;0;-;IPCA;100;4,63;252;17/08/2026;2;50000;False;PUBLICA;-
LF002600MMH;-;ITAU UNIBANCO S.A.;LF;False;0;-;DI;101;-;-;15/05/2029;352;50000;False;PUBLICA;-
LF002100QP5;-;BANCO SAFRA S/A;LF;False;0;-;IPCA;100;5,36;252;17/08/2026;1;90000;False;PUBLICA;-
LF002100BYB;-;BANCO SAFRA S/A;LF;False;0;-;IPCA;100;4,87;252;17/08/2026;2;50000;False;PUBLICA;-
LF002100ERF;-;BANCO SAFRA S/A;LF;False;0;-;IPCA;100;4,99;252;17/08/2026;1;50000;False;PUBLICA;-
LF0025002D5;-;ITAU UNIBANCO S.A.;LF;False;0;-;PREFIXADO;-;15,22;252;18/01/2027;5;50000;False;PUBLICA;-
LF002600F5Q;-;ITAU UNIBANCO S.A.;LF;False;0;-;DI;101,5;-;-;20/05/2031;58;50000;False;PUBLICA;-
LF002100ID4;-;BANCO SAFRA S/A;LF;False;0;-;IPCA;100;5,37;252;26/10/2026;16;50000;False;PUBLICA;-
LF002200LO5;-;ITAU UNIBANCO S.A.;LF;False;0;-;IPCA;100;6,12;252;23/08/2032;1;250000;False;PUBLICA;-
LF002100ER7;-;BANCO SAFRA S/A;LF;False;0;-;IPCA;100;4,99;252;17/08/2026;1;76000;False;PUBLICA;-
LF002100GZP;-;BANCO SAFRA S/A;LF;False;0;-;IPCA;100;5,15;252;17/08/2026;1;70000;False;PUBLICA;-
LF002400V8J;-;ITAU UNIBANCO S.A.;LF;False;0;-;PREFIXADO;-;13,1;252;09/11/2026;1;500000;False;PUBLICA;-
LF0021004TX;-;BANCO SAFRA S/A;LF;False;0;-;IPCA;100;4,13;252;17/08/2026;1;50000;False;PUBLICA;-
LF002400N78;-;BANCO SAFRA S/A;LF;False;0;-;IPCA;100;6,01;252;15/05/2029;1;50000;False;PUBLICA;-
LF002100NJ9;BRBSAFLFEV56;BANCO SAFRA S/A;LF;False;0;-;IPCA;100;5,47;252;17/08/2026;3;54000;False;PUBLICA;-
LF002100H8X;-;BANCO SAFRA S/A;LF;False;0;-;IPCA;100;5,22;252;17/08/2026;2;50000;False;PUBLICA;-
LF002400IRF;-;ITAU UNIBANCO S.A.;LF;False;0;-;DI;102;-;-;15/07/2027;44;50000;False;PUBLICA;-
LF002600I78;-;ITAU UNIBANCO S.A.;LF;False;0;-;PREFIXADO;-;14,18;252;16/06/2028;3;50000;False;PUBLICA;-
LF0024008K8;BRPTSGLFI2S9;PORTOSEG S.A. CREDITO FINANCIAMENTO E INVESTIMENTO;LF;False;0;-;DI;100;0,75;252;22/04/2027;8000;50000;False;PUBLICA;-
LF002100IJF;-;BANCO SAFRA S/A;LF;False;0;-;IPCA;100;5,8;252;17/08/2026;15;57000;False;PUBLICA;-
LF002100GDO;-;BANCO SAFRA S/A;LF;False;0;-;IPCA;100;5,33;252;15/05/2035;1;50000;False;PUBLICA;-
LF002100GDW;-;BANCO SAFRA S/A;LF;False;0;-;IPCA;100;5,06;252;17/08/2026;1;50000;False;PUBLICA;-
LF002200EE9;-;BANCO SAFRA S/A;LF;False;0;-;IPCA;100;6,55;252;18/05/2032;2;50000;False;PUBLICA;-
LF002400VKU;-;ITAU UNIBANCO S.A.;LF;False;0;-;PREFIXADO;-;13,21;252;12/11/2026;1;200000;False;PUBLICA;-
LF002600LPI;-;ITAU UNIBANCO S.A.;LF;False;0;-;DI;101;-;-;15/08/2029;300;50000;False;PUBLICA;-
LFSC220028U;BRITUBLFI1H4;ITAU UNIBANCO HOLDING S.A;LFSC;False;0;-;DI;100;2,4;252;22/09/9999;19;300000;False;PUBLICA;-
LF0021007YM;-;BANCO SAFRA S/A;LF;False;0;-;IPCA;100;4,22;252;17/08/2026;20;50000;False;PUBLICA;-
LF002400LN0;-;BANCO SAFRA S/A;LF;False;0;-;PREFIXADO;-;11,04;252;12/08/2030;4;50000;False;PUBLICA;-
LF002400IVW;-;ITAU UNIBANCO S.A.;LF;False;0;-;DI;102;-;-;16/08/2027;28;50000;False;PUBLICA;-
LF002100JLP;BRBSAFLTR7X9;BANCO SAFRA S/A;LF;False;0;-;IPCA;100;5,95;252;17/08/2026;10;50000;False;PUBLICA;-
LFSN21001PQ;BRBSAFLFNNS4;BANCO SAFRA S/A;LFSN;False;0;-;IPCA;-;6,32;252;17/05/2033;100;300000;False;PUBLICA;-
LF002100CIR;-;BANCO SAFRA S/A;LF;False;0;-;IPCA;100;5,1;252;17/08/2026;1;50000;False;PUBLICA;-
LF002600JGB;BRBVKWLFIDV7;BCO VOLKSWAGEN S/A;LF;False;0;-;DI;100;0,37;252;06/07/2028;6328;50000;False;PUBLICA;-
LF0025009H8;-;ITAU UNIBANCO S.A.;LF;False;0;-;DI;101;-;-;17/04/2028;200;50000;False;PUBLICA;-
LF0025007NK;-;ITAU UNIBANCO S.A.;LF;False;0;-;IPCA;100;7,98;252;19/03/2030;300;50000;False;PUBLICA;-
LF002100FNS;-;BANCO SAFRA S/A;LF;False;0;-;IPCA;100;5,01;252;17/08/2026;1;50000;False;PUBLICA;-
LFSN21003LR;BRBITALFIXC9;ITAU UNIBANCO HOLDING S.A;LFSN;False;0;-;DI;100;2;252;21/10/2031;3;400000;False;PUBLICA;-
LF002400IVY;-;ITAU UNIBANCO S.A.;LF;False;0;-;DI;102;-;-;16/08/2027;80;50000;False;PUBLICA;-
LF002400EZU;-;BANCO SAFRA S/A;LF;False;0;-;IPCA;100;6,1;252;15/05/2029;1;90000;False;PUBLICA;-
LF002400883;-;ITAU UNIBANCO S.A.;LF;False;0;-;DI;101;-;-;15/03/2027;16;50000;False;PUBLICA;-
LF002400LQF;-;ITAU UNIBANCO S.A.;LF;False;0;-;DI;102;-;-;16/08/2027;50;50300;False;PUBLICA;-
LF0025002D4;-;ITAU UNIBANCO S.A.;LF;False;0;-;IPCA;100;7,88;252;17/01/2028;1;197000;False;PUBLICA;-
LF002100G7E;-;BANCO SAFRA S/A;LF;False;0;-;IPCA;100;5,17;252;17/08/2026;2;50000;False;PUBLICA;-
LF002100G42;-;BANCO SAFRA S/A;LF;False;0;-;IPCA;100;5,06;252;17/08/2026;1;61000;False;PUBLICA;-
LF002100G6Q;-;BANCO SAFRA S/A;LF;False;0;-;IPCA;100;5,17;252;17/08/2026;7;50000;False;PUBLICA;-
LF0023088RK;-;ITAU UNIBANCO S.A.;LF;False;0;-;DI;103,5;-;-;22/11/2027;20;50000;False;PUBLICA;-
LF0024005R4;-;BANCO BRADESCO S/A;LF;False;0;-;IPCA;100;5,89;252;15/05/2035;1;50000;False;PUBLICA;-
LF002400M0F;-;ITAU UNIBANCO S.A.;LF;False;0;-;DI;102;-;-;16/08/2027;50;50000;False;PUBLICA;-
LF0021002YP;-;BANCO SAFRA S/A;LF;False;0;-;IPCA;100;3,69;252;17/08/2026;4;258250;False;PUBLICA;-
LF002400N3T;-;BANCO SAFRA S/A;LF;False;0;-;PREFIXADO;-;11,01;252;30/08/2027;4;50000;False;PUBLICA;-
LF002100Q11;-;BANCO SAFRA S/A;LF;False;0;-;IPCA;100;5,53;252;17/08/2026;2;57860,5;False;PUBLICA;-
LF002600CGX;-;ITAU UNIBANCO S.A.;LF;False;0;-;DI;102;-;-;15/05/2029;249;50000;False;PUBLICA;-
LF0021009OD;-;BANCO SAFRA S/A;LF;False;0;-;IPCA;100;4,14;252;17/08/2026;1;50000;False;PUBLICA;-
LF002200EOZ;-;BANCO SAFRA S/A;LF;False;0;-;IPCA;100;5,79;252;17/08/2026;2;69500;False;PUBLICA;-
LF002100EBO;-;BANCO SAFRA S/A;LF;False;0;-;IPCA;100;4,93;252;17/08/2026;3;50000;False;PUBLICA;-
LF0021007VM;-;BANCO SAFRA S/A;LF;False;0;-;IPCA;100;4,22;252;17/08/2026;1;80000;False;PUBLICA;-
LF0021005D8;-;BANCO SAFRA S/A;LF;False;0;-;IPCA;100;3,82;252;17/08/2026;1;50000;False;PUBLICA;-
LFSN21002PY;-;BANCO SAFRA S/A;LFSN;False;0;-;IPCA;-;6,09;252;14/08/2028;2;421000;False;PUBLICA;-
LF002100N44;BRBSAFLFER45;BANCO SAFRA S/A;LF;False;0;-;IPCA;100;5,44;252;17/08/2026;1;50000;False;PUBLICA;-
LF002100ARE;-;BANCO SAFRA S/A;LF;False;0;-;IPCA;100;4,45;252;17/08/2026;8;50000;False;PUBLICA;-
LF002100O54;-;BANCO SAFRA S/A;LF;False;0;-;IPCA;100;5,29;252;17/08/2026;10;52200;False;PUBLICA;-
LF002400R7N;-;ITAU UNIBANCO S.A.;LF;False;0;-;DI;102;-;-;15/10/2027;41;50853,66;False;PUBLICA;-
LF0021003IW;-;BANCO SAFRA S/A;LF;False;0;-;IPCA;100;4,01;252;17/08/2026;6;50000;False;PUBLICA;-
LF002100LAW;BRBSAFLTRG21;BANCO SAFRA S/A;LF;False;0;-;IPCA;100;5,56;252;17/08/2026;1;50000;False;PUBLICA;-
LF002400G3S;BRBSAFLNNDE9;BANCO SAFRA S/A;LF;False;0;-;DI;100;0,45;252;20/08/2026;17;50000;False;PUBLICA;-
LF002400G3K;BRBSAFLNNDE9;BANCO SAFRA S/A;LF;False;0;-;DI;100;0,45;252;20/08/2026;7;50000;False;PUBLICA;-
LF0021006T5;-;BANCO SAFRA S/A;LF;False;0;-;IPCA;100;4,8;252;28/05/2031;1;50000;False;PUBLICA;-
LF0025002JP;-;ITAU UNIBANCO S.A.;LF;False;0;-;IPCA;100;7,87;252;17/01/2028;20;50000;False;PUBLICA;-
LF002400SFV;-;ITAU UNIBANCO S.A.;LF;False;0;-;DI;102;-;-;15/10/2027;44;50472,92;False;PUBLICA;-
LF002400NIQ;-;ITAU UNIBANCO S.A.;LF;False;0;-;DI;102;-;-;15/09/2027;140;50000;False;PUBLICA;-
LF0025008RG;-;ITAU UNIBANCO S.A.;LF;False;0;-;IPCA;100;8,34;252;29/03/2027;1;83000;False;PUBLICA;-
LF002400QME;-;ITAU UNIBANCO S.A.;LF;False;0;-;DI;102;-;-;15/10/2027;15;50666,67;False;PUBLICA;-
LF0023075PV;-;ITAU UNIBANCO S.A.;LF;False;0;-;PREFIXADO;-;11,93;252;22/09/2033;1;300000;False;PUBLICA;-
LF002100AF5;-;BANCO SAFRA S/A;LF;False;0;-;IPCA;100;4,34;252;17/08/2026;1;50478,58;False;PUBLICA;-
LF002400L5V;BRBSAFLNNDP5;BANCO SAFRA S/A;LF;False;0;-;DI;100;0,4;252;08/01/2027;83;50000;False;PUBLICA;-
LF002100BW7;-;BANCO SAFRA S/A;LF;False;0;-;IPCA;100;4,8;252;17/08/2026;1;50000;False;PUBLICA;-
LF002100HJZ;-;BANCO SAFRA S/A;LF;False;0;-;IPCA;100;5,46;252;17/08/2026;2;50000;False;PUBLICA;-
LF002302YMZ;-;BANCO SAFRA S/A;LF;False;0;-;PREFIXADO;-;13,1;252;03/05/2029;7;50000;False;PUBLICA;-
LF002500L7H;BRBPSALFI059;STELLANTIS FINANCIAMENTOS SOCIEDADE DE CREDITO FINANCIAMENTO E INVESTIMENTO S.A.;LF;False;0;-;PREFIXADO;-;13,79;252;18/09/2028;906;50000;False;PUBLICA;-
LFSN21003DG;BRBITALFIX15;ITAU UNIBANCO HOLDING S.A;LFSN;False;0;-;DI;100;2;252;22/09/2031;81;400000;False;PUBLICA;-
LF002100H8V;-;BANCO SAFRA S/A;LF;False;0;-;IPCA;100;5,22;252;17/08/2026;6;50000;False;PUBLICA;-
LF002600N0H;-;ITAU UNIBANCO S.A.;LF;False;0;-;DI;101;-;-;06/08/2029;20;50000;False;PUBLICA;-
LF002500S1K;-;ITAU UNIBANCO S.A.;LF;False;0;-;DI;101,5;-;-;23/12/2027;4;50000;False;PUBLICA;-
LF002400UY4;-;ITAU UNIBANCO S.A.;LF;False;0;-;DI;102;-;-;16/11/2027;150;50000;False;PUBLICA;-
LF002100NWR;BRBSAFLFEY20;BANCO SAFRA S/A;LF;False;0;-;IPCA;100;5,37;252;17/08/2026;2;50000;False;PUBLICA;-
LF002100BVS;-;BANCO SAFRA S/A;LF;False;0;-;IPCA;100;4,8;252;13/08/2026;1;77000;False;PUBLICA;-
LFSN21003NT;BRBITALFIXH8;ITAU UNIBANCO HOLDING S.A;LFSN;False;0;-;DI;100;2;252;22/09/2031;30;400000;False;PUBLICA;-
LF0022007AV;-;BANCO SAFRA S/A;LF;False;0;-;IPCA;100;5,97;252;17/08/2026;2;50000;False;PUBLICA;-
LF002600BZ4;-;ITAU UNIBANCO S.A.;LF;False;0;-;DI;101,5;-;-;15/05/2029;120;50000;False;PUBLICA;-
LF0025004UC;-;ITAU UNIBANCO S.A.;LF;False;0;-;DI;101,8;-;-;15/02/2028;5;52000;False;PUBLICA;-
LF0023082AQ;BRBPANLFIFR2;BANCO PAN S/A;LF;False;0;-;PREFIXADO;-;13,01;252;06/11/2029;466;50000;False;PUBLICA;-
LF0021005OM;-;BANCO SAFRA S/A;LF;False;0;-;IPCA;100;3,91;252;17/08/2026;2;65000;False;PUBLICA;-
LF002400HNF;-;ITAU UNIBANCO S.A.;LF;False;0;-;DI;102;-;-;15/07/2027;86;50000;False;PUBLICA;-
LF002400VKW;-;ITAU UNIBANCO S.A.;LF;False;0;-;DI;102;-;-;16/11/2027;50;59200;False;PUBLICA;-
LF002400L5G;BRBSAFLNNDP5;BANCO SAFRA S/A;LF;False;0;-;DI;100;0,4;252;08/01/2027;133;50000;False;PUBLICA;-
LF002100CUB;-;BANCO SAFRA S/A;LF;False;0;-;IPCA;100;4,93;252;17/08/2026;1;50000;False;PUBLICA;-
LF002100QN7;-;BANCO SAFRA S/A;LF;False;0;-;IPCA;100;5,41;252;17/08/2026;1;68000;False;PUBLICA;-
LF002100LHA;-;BANCO SAFRA S/A;LF;False;0;-;IPCA;100;5,63;252;17/08/2026;10;75000;False;PUBLICA;-
LF002400VEE;-;ITAU UNIBANCO S.A.;LF;False;0;-;IPCA;100;6,88;252;10/11/2028;56;53875;False;PUBLICA;-
LF002200DPW;-;BANCO SAFRA S/A;LF;False;0;-;IPCA;100;5,88;252;17/08/2026;9;54444,444445;False;PUBLICA;-
LF002100Q82;-;BANCO SAFRA S/A;LF;False;0;-;IPCA;100;5,45;252;17/08/2026;10;50000;False;PUBLICA;-
LF0021007O7;-;BANCO SAFRA S/A;LF;False;0;-;IPCA;100;4,54;252;15/05/2035;2;72500;False;PUBLICA;-
LF0021002B4;-;BANCO SAFRA S/A;LF;False;0;-;IPCA;100;3,61;252;17/08/2026;1;50000;False;PUBLICA;-
LF002303CUG;-;BANCO BRADESCO S/A;LF;False;0;-;PREFIXADO;-;11,94;252;17/05/2028;12;50000;False;PUBLICA;-
LF0021004FH;-;BANCO SAFRA S/A;LF;False;0;-;IPCA;100;4,04;252;17/08/2026;10;50000;False;PUBLICA;-
LF0024007CN;-;BANCO SAFRA S/A;LF;False;0;-;DI;105,75;-;-;21/08/2026;448;50085,767858;False;PUBLICA;-
LFSC220027V;BRITUBLFI1H4;ITAU UNIBANCO HOLDING S.A;LFSC;False;0;-;DI;100;2,4;252;22/09/9999;155;300000;False;PUBLICA;-
LF002100F9X;-;BANCO SAFRA S/A;LF;False;0;-;IPCA;100;5,05;252;17/08/2026;22;50000;False;PUBLICA;-
LF0026003T2;-;ITAU UNIBANCO S.A.;LF;False;0;-;DI;101,5;-;-;03/02/2028;20;50000;False;PUBLICA;-
LFSN21001PR;BRBSAFLFNNT2;BANCO SAFRA S/A;LFSN;False;0;-;DI;100;2;252;17/05/2028;26;1000000;False;PUBLICA;-
LF002600BH9;-;ITAU UNIBANCO S.A.;LF;False;0;-;DI;101;-;-;20/04/2028;6;55000;False;PUBLICA;-
LF0024005ZI;-;BANCO BRADESCO S/A;LF;False;0;-;IPCA;100;5,92;252;15/05/2035;1;50000;False;PUBLICA;-
LF002600C9G;-;ITAU UNIBANCO S.A.;LF;False;0;-;DI;101,5;-;-;30/04/2029;40;50000;False;PUBLICA;-
LF002400PG4;-;ITAU UNIBANCO S.A.;LF;False;0;-;DI;102;-;-;15/10/2027;20;50250;False;PUBLICA;-
LF002100966;-;BANCO SAFRA S/A;LF;False;0;-;IPCA;100;4,15;252;17/08/2026;1;50000;False;PUBLICA;-
LF002100E07;-;BANCO SAFRA S/A;LF;False;0;-;IPCA;100;5,01;252;17/08/2026;8;50000;False;PUBLICA;-
LF002400Y1R;-;ITAU UNIBANCO S.A.;LF;False;0;-;PREFIXADO;-;14,14;252;30/11/2026;60;50000;False;PUBLICA;-
LF0024012T8;-;ITAU UNIBANCO S.A.;LF;False;0;-;DI;102;-;-;15/12/2027;100;52481,2;False;PUBLICA;-
LF002400RTB;-;BANCO SAFRA S/A;LF;False;0;-;IPCA;100;6,38;252;15/05/2045;1;50000;False;PUBLICA;-
LF002200FH2;-;BANCO SAFRA S/A;LF;False;0;-;IPCA;100;5,91;252;17/08/2026;20;50000;False;PUBLICA;-
LF002400DBM;-;ITAU UNIBANCO S.A.;LF;False;0;-;DI;103;-;-;16/05/2028;250;50000;False;PUBLICA;-
LF002303VCV;-;BANCO BRADESCO S/A;LF;False;0;-;IPCA;100;5,54;252;02/06/2028;10;50000;False;PUBLICA;-
LF0021001KZ;BRBSAFLTFDF9;BANCO SAFRA S/A;LF;False;0;-;IPCA;100;4,24;252;26/02/2031;1;64000;False;PUBLICA;-
LF002600MTB;-;ITAU UNIBANCO S.A.;LF;False;0;-;DI;101,5;-;-;15/08/2029;300;50000;False;PUBLICA;-
LF0021004JV;-;BANCO SAFRA S/A;LF;False;0;-;IPCA;100;4,17;252;17/08/2026;2;80000;False;PUBLICA;-
LF002100JLD;BRBSAFLTR8P3;BANCO SAFRA S/A;LF;False;0;-;IPCA;100;5,95;252;17/08/2026;4;53000;False;PUBLICA;-
LF002100CFL;-;BANCO SAFRA S/A;LF;False;0;-;IPCA;100;5,16;252;17/08/2026;1;50000;False;PUBLICA;-
LF002400IHM;-;ITAU UNIBANCO S.A.;LF;False;0;-;PREFIXADO;-;11,45;252;11/07/2028;1;100000;False;PUBLICA;-
LF002400KUN;BRBSAFLNNDM2;BANCO SAFRA S/A;LF;False;0;-;DI;100;0,4;252;05/10/2026;48;50000;False;PUBLICA;-
LF002100H8P;-;BANCO SAFRA S/A;LF;False;0;-;IPCA;100;5,22;252;17/08/2026;5;52600;False;PUBLICA;-
LF002100BH4;-;BANCO SAFRA S/A;LF;False;0;-;IPCA;100;4,62;252;17/08/2026;1;50000;False;PUBLICA;-
LF0024002DN;-;ITAU UNIBANCO S.A.;LF;False;0;-;DI;102,5;-;-;18/01/2027;1;780000;False;PUBLICA;-
LFSN21003NM;BRBITALFIXG0;ITAU UNIBANCO HOLDING S.A;LFSN;False;0;-;DI;100;2;252;21/10/2031;12;400000;False;PUBLICA;-
LF002200CMQ;-;BANCO SAFRA S/A;LF;False;0;-;IPCA;100;6,26;252;26/04/2032;1;50000;False;PUBLICA;-
LFSN21003D9;BRBITALFIX07;ITAU UNIBANCO HOLDING S.A;LFSN;False;0;-;DI;100;2;252;21/10/2031;22;400000;False;PUBLICA;-
LFSC23006O2;BRITUBLFI1Q5;ITAU UNIBANCO HOLDING S.A;LFSC;False;0;-;DI;100;1,9;252;08/11/9999;1;350000;False;PUBLICA;-
LF0021004OW;-;BANCO SAFRA S/A;LF;False;0;-;IPCA;100;4,14;252;17/08/2026;4;50000;False;PUBLICA;-
LF002100FK6;-;BANCO SAFRA S/A;LF;False;0;-;IPCA;100;5,01;252;17/08/2026;1;50000;False;PUBLICA;-
LF002400L5P;BRBSAFLNNDP5;BANCO SAFRA S/A;LF;False;0;-;DI;100;0,4;252;08/01/2027;62;50000;False;PUBLICA;-
LF002400DBD;-;BANCO SAFRA S/A;LF;False;0;-;PREFIXADO;-;12;252;16/05/2030;210;50000;False;PUBLICA;-
LF002400QX1;-;ITAU UNIBANCO S.A.;LF;False;0;-;DI;102;-;-;15/09/2027;38;50753,78;False;PUBLICA;-
LF002100JX4;BRBSAFLTR9D7;BANCO SAFRA S/A;LF;False;0;-;IPCA;100;5,61;252;17/08/2026;1;50000;False;PUBLICA;-
LF0021009SM;-;BANCO SAFRA S/A;LF;False;0;-;IPCA;100;4,06;252;17/08/2026;1;50000;False;PUBLICA;-
LF002100JA7;-;BANCO SAFRA S/A;LF;False;0;-;IPCA;100;6,01;252;17/08/2026;3;50000;False;PUBLICA;-
LF00240082V;BRDAYCLFRX78;BANCO DAYCOVAL S/A;LF;False;0;-;DI;100;1;252;18/03/2028;5757;50000;False;PUBLICA;-
LF002400FLL;-;ITAU UNIBANCO S.A.;LF;False;0;-;PREFIXADO;-;11,95;252;14/06/2028;1;50000;False;PUBLICA;-
LF002100OHV;-;BANCO SAFRA S/A;LF;False;0;-;IPCA;100;5,32;252;17/08/2026;1;50000;False;PUBLICA;-
LF002100E7E;-;BANCO SAFRA S/A;LF;False;0;-;IPCA;100;5,12;252;18/08/2026;8;50000;False;PUBLICA;-
LF002308ES4;-;BANCO SAFRA S/A;LF;False;0;-;DI;103;-;-;06/12/2028;2;50000;False;PUBLICA;-
LF002100EZ7;-;BANCO SAFRA S/A;LF;False;0;-;IPCA;100;4,88;252;17/08/2026;4;50000;False;PUBLICA;-
LF002100NWE;BRBSAFLFEXG7;BANCO SAFRA S/A;LF;False;0;-;IPCA;100;5,37;252;17/08/2026;3;50000;False;PUBLICA;-
LF002500AEX;-;ITAU UNIBANCO S.A.;LF;False;0;-;DI;101;-;-;17/05/2027;200;50000;False;PUBLICA;-
LF0021004UF;-;BANCO SAFRA S/A;LF;False;0;-;IPCA;100;4,17;252;17/08/2026;100;50000;False;PUBLICA;-
LF002400RID;-;ITAU UNIBANCO S.A.;LF;False;0;-;DI;102;-;-;15/10/2027;19;50000;False;PUBLICA;-
LF002100EL8;-;BANCO SAFRA S/A;LF;False;0;-;IPCA;100;4,92;252;17/08/2026;1;75000;False;PUBLICA;-
LF002400NX0;-;BANCO SAFRA S/A;LF;False;0;-;IPCA;100;6,41;252;05/09/2029;154;50269,746754;False;PUBLICA;-
LF002400G44;BRBSAFLNNDE9;BANCO SAFRA S/A;LF;False;0;-;DI;100;0,45;252;20/08/2026;14;50000;False;PUBLICA;-
LF002600A8P;-;ITAU UNIBANCO S.A.;LF;False;0;-;DI;101;-;-;10/04/2028;20;50300;False;PUBLICA;-
LF0022008KD;-;BANCO SAFRA S/A;LF;False;0;-;IPCA;100;6,52;252;17/03/2032;3;50000;False;PUBLICA;-
LF0021008PU;-;BANCO SAFRA S/A;LF;False;0;-;IPCA;100;4,2;252;17/08/2026;1;252000;False;PUBLICA;-
LF0022000HI;-;BANCO SAFRA S/A;LF;False;0;-;IPCA;100;5,78;252;17/08/2026;1;50000;False;PUBLICA;-
LF002100DRE;BRBSAFLNN732;BANCO SAFRA S/A;LF;False;0;-;IPCA;100;6,06;252;06/09/2028;20;50000;False;PUBLICA;-
LF0022007LX;-;BANCO SAFRA S/A;LF;False;0;-;IPCA;100;6,03;252;17/08/2026;1;50000;False;PUBLICA;-
LF0022007JI;-;BANCO SAFRA S/A;LF;False;0;-;IPCA;100;6,11;252;17/08/2026;1;50000;False;PUBLICA;-
LF002400PIY;-;ITAU UNIBANCO S.A.;LF;False;0;-;DI;102;-;-;15/10/2027;110;50000;False;PUBLICA;-
LF002400H4M;-;BANCO SAFRA S/A;LF;False;0;-;IPCA;100;6,6;252;28/06/2029;10;50000;False;PUBLICA;-
LF002200CSY;-;BANCO SAFRA S/A;LF;False;0;-;IPCA;100;5,8;252;17/08/2026;4;52500;False;PUBLICA;-
LF0021001SZ;BRBSAFLTFH16;BANCO SAFRA S/A;LF;False;0;-;IPCA;100;4,37;252;26/02/2031;5;66000;False;PUBLICA;-
LF002400G3D;BRBSAFLNNDE9;BANCO SAFRA S/A;LF;False;0;-;DI;100;0,45;252;20/08/2026;27;50000;False;PUBLICA;-
LFSN21003HU;BRBITALFIX64;ITAU UNIBANCO HOLDING S.A;LFSN;False;0;-;DI;100;2;252;21/10/2031;2;400000;False;PUBLICA;-
LF0025008RF;-;ITAU UNIBANCO S.A.;LF;False;0;-;IPCA;100;8,59;252;29/03/2027;1100;50000;False;PUBLICA;-
LF002100IPR;-;BANCO SAFRA S/A;LF;False;0;-;IPCA;100;5,85;252;17/08/2026;1;55000;False;PUBLICA;-
LF002308HQP;-;BANCO BMG S/A;LF;False;0;-;DI;100;1,5;252;13/11/2028;91;100618,836593;False;PUBLICA;-
LF002200JTZ;-;BANCO SAFRA S/A;LF;False;0;-;IPCA;100;6,64;252;17/08/2026;7;50000;False;PUBLICA;-
LF002500EUE;-;BANCO SAFRA S/A;LF;False;0;-;IPCA;100;7,19;252;28/12/2045;40;50000;False;PUBLICA;-
LF002100LQQ;BRBSAFLFE0T3;BANCO SAFRA S/A;LF;False;0;-;IPCA;100;5,55;252;17/08/2026;16;50687,5;False;PUBLICA;-
LF002100PTC;-;BANCO SAFRA S/A;LF;False;0;-;IPCA;100;5,43;252;17/08/2026;5;50000;False;PUBLICA;-
LF002100N90;BRBSAFLFES36;BANCO SAFRA S/A;LF;False;0;-;IPCA;100;5,52;252;17/08/2026;2;56000;False;PUBLICA;-
LF002306HCE;-;BANCO SAFRA S/A;LF;False;0;-;IPCA;100;4,56;252;25/08/2026;20;50000;False;PUBLICA;-
LF002100PU4;-;BANCO SAFRA S/A;LF;False;0;-;IPCA;100;5,42;252;17/08/2026;1;65000;False;PUBLICA;-
LF002400O42;-;BANCO SAFRA S/A;LF;False;0;-;DI;103;-;-;08/09/2027;43;50865,708838;False;PUBLICA;-
LF002500QT3;-;ITAU UNIBANCO S.A.;LF;False;0;-;DI;101,5;-;-;13/12/2027;20;50000;False;PUBLICA;-
LF002200NSW;-;BANCO SAFRA S/A;LF;False;0;-;PREFIXADO;-;11,79;252;05/10/2028;1;50000;False;PUBLICA;-
LF002100H8M;-;BANCO SAFRA S/A;LF;False;0;-;IPCA;100;5,22;252;17/08/2026;6;50000;False;PUBLICA;-
LF002100I3I;-;BANCO SAFRA S/A;LF;False;0;-;IPCA;100;5,74;252;17/08/2026;1;50000;False;PUBLICA;-
LF002306VJ7;-;ITAU UNIBANCO S.A.;LF;False;0;-;PREFIXADO;-;11,46;252;08/09/2028;1;100000;False;PUBLICA;-
LF002301EME;-;ITAU UNIBANCO S.A.;LF;False;0;-;IPCA;100;7;252;07/03/2033;1;153164;False;PUBLICA;-
LF002100E7F;-;BANCO SAFRA S/A;LF;False;0;-;IPCA;100;4,98;252;17/08/2026;1;50000;False;PUBLICA;-
LF002400HCQ;-;BANCO SAFRA S/A;LF;False;0;-;IPCA;100;6,61;252;15/05/2035;6;53333,333334;False;PUBLICA;-
LF00210050Z;-;BANCO SAFRA S/A;LF;False;0;-;IPCA;100;4,14;252;17/08/2026;1;50000;False;PUBLICA;-
LF002100I27;-;BANCO SAFRA S/A;LF;False;0;-;IPCA;100;5,74;252;17/08/2026;2;71000;False;PUBLICA;-
LF002400PD0;-;ITAU UNIBANCO S.A.;LF;False;0;-;DI;102;-;-;15/10/2027;8;50000;False;PUBLICA;-
LFSC22002DP;BRITUBLFI1J0;ITAU UNIBANCO HOLDING S.A;LFSC;False;0;-;DI;100;2,4;252;26/09/9999;19;300000;False;PUBLICA;-
LF00210096Q;-;BANCO SAFRA S/A;LF;False;0;-;IPCA;100;4,15;252;17/08/2026;1;51000;False;PUBLICA;-
LF002600LD3;-;ITAU UNIBANCO S.A.;LF;False;0;-;DI;101,5;-;-;15/08/2029;100;50000;False;PUBLICA;-
LF002400SMF;-;ITAU UNIBANCO S.A.;LF;False;0;-;PREFIXADO;-;12,76;252;14/10/2026;1;2500000;False;PUBLICA;-
LF002100DDU;-;BANCO SAFRA S/A;LF;False;0;-;IPCA;100;4,8;252;17/08/2026;3;50000;False;PUBLICA;-
LF002100CBD;-;BANCO SAFRA S/A;LF;False;0;-;IPCA;100;4,93;252;17/08/2026;1;60000;False;PUBLICA;-
LF002100NJN;BRBSAFLFEUF5;BANCO SAFRA S/A;LF;False;0;-;IPCA;100;5,47;252;17/08/2026;1;52000;False;PUBLICA;-
LF002100FS0;-;BANCO SAFRA S/A;LF;False;0;-;IPCA;100;5,05;252;17/08/2026;8;50000;False;PUBLICA;-
LF002100GX8;-;BANCO SAFRA S/A;LF;False;0;-;IPCA;100;5,05;252;17/08/2026;2;67500,08;False;PUBLICA;-
LF0022007OA;-;BANCO SAFRA S/A;LF;False;0;-;IPCA;100;6,64;252;10/03/2028;1;50000;False;PUBLICA;-
LF002400PD1;-;ITAU UNIBANCO S.A.;LF;False;0;-;DI;102;-;-;15/10/2027;7;53571,43;False;PUBLICA;-
LF002301ONI;-;ITAU UNIBANCO S.A.;LF;False;0;-;PREFIXADO;-;14,17;252;17/03/2033;1;160000;False;PUBLICA;-
LF002600MX7;-;ITAU UNIBANCO S.A.;LF;False;0;-;DI;101,5;-;-;15/08/2029;230;50000;False;PUBLICA;-
LF0021005FQ;BRDAYCLFNI55;BANCO DAYCOVAL S/A;LF;False;0;-;PREFIXADO;-;10,5;252;04/01/2027;448;50000;False;PUBLICA;-
LF002100A4D;-;BANCO SAFRA S/A;LF;False;0;-;IPCA;100;4,15;252;17/08/2026;2;80000;False;PUBLICA;-
LF00210096P;-;BANCO SAFRA S/A;LF;False;0;-;IPCA;100;4,54;252;07/07/2031;1;50000;False;PUBLICA;-
LF002200KG3;-;BANCO SAFRA S/A;LF;False;0;-;IPCA;100;6,62;252;15/05/2035;1;50000;False;PUBLICA;-
LF002400IF2;-;ITAU UNIBANCO S.A.;LF;False;0;-;DI;102;-;-;15/07/2027;300;62900;False;PUBLICA;-
LF002100HQV;-;BANCO SAFRA S/A;LF;False;0;-;IPCA;100;6,15;252;21/10/2026;2;50000;False;PUBLICA;-
LF002100PUM;-;BANCO SAFRA S/A;LF;False;0;-;IPCA;100;5,43;252;17/08/2026;1;50000;False;PUBLICA;-
LF002300KOJ;-;ITAU UNIBANCO S.A.;LF;False;0;-;IPCA;100;7,03;252;31/01/2033;1;1500000;False;PUBLICA;-
LF002100ENT;-;BANCO SAFRA S/A;LF;False;0;-;IPCA;100;4,91;252;17/08/2026;2;50000;False;PUBLICA;-
LF00230387G;-;BANCO BRADESCO S/A;LF;False;0;-;IPCA;100;5,59;252;12/05/2028;4;50000;False;PUBLICA;-
LF0021009XJ;-;BANCO SAFRA S/A;LF;False;0;-;IPCA;100;4,06;252;18/08/2026;4;50000;False;PUBLICA;-
LF002400Q44;-;BANCO SAFRA S/A;LF;False;0;-;IPCA;100;6,22;252;15/05/2045;1;50000;False;PUBLICA;-
LF002400OKF;-;ITAU UNIBANCO S.A.;LF;False;0;-;DI;102;-;-;15/09/2027;272;50000;False;PUBLICA;-
LF002100QSW;-;BANCO SAFRA S/A;LF;False;0;-;IPCA;100;5,43;252;17/08/2026;2;81500;False;PUBLICA;-
LF002400M0Q;-;ITAU UNIBANCO S.A.;LF;False;0;-;DI;102;-;-;17/08/2026;180;100000;False;PUBLICA;-
LFSC22002C6;BRITUBLFI1I2;ITAU UNIBANCO HOLDING S.A;LFSC;False;0;-;DI;100;2,4;252;23/09/9999;60;300000;False;PUBLICA;-
LF0021007O4;-;BANCO SAFRA S/A;LF;False;0;-;IPCA;100;4,54;252;15/05/2035;5;59000;False;PUBLICA;-
LFSC2200294;BRITUBLFI1H4;ITAU UNIBANCO HOLDING S.A;LFSC;False;0;-;DI;100;2,4;252;22/09/9999;20;300000;False;PUBLICA;-
LF002400IKA;-;ITAU UNIBANCO S.A.;LF;False;0;-;DI;102;-;-;15/07/2027;89;50000;False;PUBLICA;-
LFSN21003NO;BRBITALFIXG0;ITAU UNIBANCO HOLDING S.A;LFSN;False;0;-;DI;100;2;252;21/10/2031;5;400000;False;PUBLICA;-
LF002400N0I;BRBSAFLNNDW1;BANCO SAFRA S/A;LF;False;0;-;DI;100;0,35;252;26/02/2027;520;50000;False;PUBLICA;-
LF00260099L;BRTATOLFI045;BANCO TRATON BRASIL S.A.;LF;False;0;-;DI;100;0,4;252;30/03/2028;4100;50000;False;PUBLICA;-
LF002600BS2;-;ITAU UNIBANCO S.A.;LF;False;0;-;DI;101;-;-;16/11/2028;30;82171,9;False;PUBLICA;-
LF002400M0X;-;ITAU UNIBANCO S.A.;LF;False;0;-;DI;102;-;-;15/09/2027;100;50000;False;PUBLICA;-
LF002500LUG;BRCAMRLFI3K3;BANCO RCI BRASIL S.A.;LF;False;0;-;DI;100;0,55;252;26/09/2029;2670;50000;False;PUBLICA;-
LF0023086LO;-;BANCO SAFRA S/A;LF;False;0;-;IPCA;100;5,19;252;16/11/2028;2;50000;False;PUBLICA;-
LF002100HK1;-;BANCO SAFRA S/A;LF;False;0;-;IPCA;100;5,46;252;17/08/2026;1;50000;False;PUBLICA;-
LF002500BLI;-;BANCO SAFRA S/A;LF;False;0;-;IPCA;100;7,35;252;30/10/2045;2;50000;False;PUBLICA;-
LF0021007P4;-;BANCO SAFRA S/A;LF;False;0;-;IPCA;100;4,66;252;16/06/2031;4;50000;False;PUBLICA;-
LF0024010AN;-;ITAU UNIBANCO S.A.;LF;False;0;-;DI;102;-;-;15/12/2027;2;62500;False;PUBLICA;-
LF002400SX3;-;ITAU UNIBANCO S.A.;LF;False;0;-;IPCA;100;6,67;252;16/10/2026;1;300000;False;PUBLICA;-
LF002100G71;-;BANCO SAFRA S/A;LF;False;0;-;IPCA;100;5,17;252;17/08/2026;1;50000;False;PUBLICA;-
LF002100QFF;-;BANCO SAFRA S/A;LF;False;0;-;IPCA;100;5,35;252;17/08/2026;15;50000;False;PUBLICA;-
LF0021002TE;-;BANCO SAFRA S/A;LF;False;0;-;IPCA;100;3,49;252;17/08/2026;1;50000;False;PUBLICA;-
LF002100IXM;-;BANCO SAFRA S/A;LF;False;0;-;IPCA;100;5,89;252;17/08/2026;2;50000;False;PUBLICA;-
LF002200BGB;-;BANCO SAFRA S/A;LF;False;0;-;IPCA;100;5,76;252;17/08/2026;3;50000;False;PUBLICA;-
LF002100BOD;-;BANCO SAFRA S/A;LF;False;0;-;IPCA;100;4,69;252;17/08/2026;1;85000;False;PUBLICA;-
LF00210064D;-;BANCO SAFRA S/A;LF;False;0;-;IPCA;100;3,88;252;17/08/2026;4;75250;False;PUBLICA;-
LF002500BGY;-;ITAU UNIBANCO S.A.;LF;False;0;-;DI;101,5;-;-;17/05/2029;130;50080,43;False;PUBLICA;-
LF002400SFU;-;ITAU UNIBANCO S.A.;LF;False;0;-;PREFIXADO;-;12,76;252;11/10/2028;40;50000;False;PUBLICA;-
LF0021006CF;-;BANCO SAFRA S/A;LF;False;0;-;IPCA;100;3,78;252;17/08/2026;18;50000;False;PUBLICA;-
LF002200G2Z;-;BANCO SAFRA S/A;LF;False;0;-;IPCA;100;6,18;252;07/06/2027;4;50000;False;PUBLICA;-
LF00220071R;-;BANCO SAFRA S/A;LF;False;0;-;IPCA;100;5,8;252;17/08/2026;5;50000;False;PUBLICA;-
LF002400KEK;-;ITAU UNIBANCO S.A.;LF;False;0;-;DI;102;-;-;16/08/2027;50;50000;False;PUBLICA;-
LF002100CFG;-;BANCO SAFRA S/A;LF;False;0;-;IPCA;100;5,16;252;17/08/2026;2;50000;False;PUBLICA;-
LF002600F5T;-;ITAU UNIBANCO S.A.;LF;False;0;-;PREFIXADO;-;14,06;252;20/05/2030;60;50000;False;PUBLICA;-
LF002500ELF;-;ITAU UNIBANCO S.A.;LF;False;0;-;PREFIXADO;-;13,86;252;20/06/2035;1;65000;False;PUBLICA;-
LF002200B5L;-;BANCO SAFRA S/A;LF;False;0;-;IPCA;100;6,11;252;11/04/2032;1;60000;False;PUBLICA;-
LF0022004UF;BRBSAFLNN2L5;BANCO SAFRA S/A;LF;False;0;-;DI;100;1,35;252;10/02/2027;1153;50000;False;PUBLICA;-
LF002500BH5;-;ITAU UNIBANCO S.A.;LF;False;0;-;DI;101,5;-;-;15/05/2028;600;50000;False;PUBLICA;-
LFSC23006U3;BRITUBLFI1R3;ITAU UNIBANCO HOLDING S.A;LFSC;False;0;-;DI;100;1,9;252;09/11/9999;2;350000;False;PUBLICA;-
LF002200BRW;-;BANCO SAFRA S/A;LF;False;0;-;IPCA;100;6,41;252;19/04/2027;2;50000;False;PUBLICA;-
LF0021006PG;-;BANCO SAFRA S/A;LF;False;0;-;IPCA;100;4,02;252;17/08/2026;2;50000;False;PUBLICA;-
LF002100FEZ;-;BANCO SAFRA S/A;LF;False;0;-;IPCA;100;5,06;252;17/08/2026;1;50000;False;PUBLICA;-
LF002400JW9;-;BANCO SAFRA S/A;LF;False;0;-;DI;100;0,4;252;28/09/2026;400;50000;False;PUBLICA;-
LF0025008VM;-;ITAU UNIBANCO S.A.;LF;False;0;-;DI;101,5;-;-;17/04/2028;30;50000;False;PUBLICA;-
LF002100H02;-;BANCO SAFRA S/A;LF;False;0;-;IPCA;100;5,15;252;17/08/2026;1;50000;False;PUBLICA;-
LF002100EY9;-;BANCO SAFRA S/A;LF;False;0;-;IPCA;100;4,88;252;17/08/2026;1;56000;False;PUBLICA;-
LF002100HDJ;-;BANCO SAFRA S/A;LF;False;0;-;IPCA;100;5,24;252;17/08/2026;1;59000;False;PUBLICA;-
LF002200CMM;-;BANCO SAFRA S/A;LF;False;0;-;IPCA;100;5,72;252;17/08/2026;2;50000;False;PUBLICA;-
LF0021004FO;-;BANCO SAFRA S/A;LF;False;0;-;IPCA;100;4,01;252;17/08/2026;4;50000;False;PUBLICA;-
LF002600F2D;-;ITAU UNIBANCO S.A.;LF;False;0;-;DI;102;-;-;18/06/2029;488;50000;False;PUBLICA;-
LF002200CQ8;-;BANCO SAFRA S/A;LF;False;0;-;IPCA;100;6,23;252;27/04/2032;1;60000;False;PUBLICA;-
LFSN2100DA6;-;BANCO SAFRA S/A;LFSN;False;0;-;IPCA;-;6,28;252;22/12/2031;1;300000;False;PUBLICA;-
LF002400L59;BRBSAFLNNDP5;BANCO SAFRA S/A;LF;False;0;-;DI;100;0,4;252;08/01/2027;15;50000;False;PUBLICA;-
LF002100720;-;BANCO SAFRA S/A;LF;False;0;-;IPCA;100;4,52;252;09/06/2031;1;60000;False;PUBLICA;-
LFSC220028P;BRITUBLFI1H4;ITAU UNIBANCO HOLDING S.A;LFSC;False;0;-;DI;100;2,4;252;22/09/9999;24;300000;False;PUBLICA;-
LF0023075Q2;-;ITAU UNIBANCO S.A.;LF;False;0;-;PREFIXADO;-;11,36;252;18/09/2028;1;200000;False;PUBLICA;-
LF002200L0D;-;BANCO SAFRA S/A;LF;False;0;-;IPCA;100;5,59;252;10/08/2027;1;50000;False;PUBLICA;-
LF002400EG6;-;BANCO SAFRA S/A;LF;False;0;-;IPCA;100;6,09;252;15/05/2045;1;50000;False;PUBLICA;-
LFSN22006CF;BRABCBLFICQ4;BANCO ABC BRASIL S.A.;LFSN;False;0;-;DI;100;2,35;252;19/05/2032;1;400000;False;PUBLICA;-
LF0021001ZN;BRBSAFLTFJ06;BANCO SAFRA S/A;LF;False;0;-;IPCA;100;3,68;252;17/08/2026;1;50000;False;PUBLICA;-
LF002100CFH;-;BANCO SAFRA S/A;LF;False;0;-;IPCA;100;5,16;252;17/08/2026;2;50000;False;PUBLICA;-
LF002308JA8;-;BANCO BMG S/A;LF;False;0;-;DI;100;1,5;252;13/11/2028;133;100868,8709;False;PUBLICA;-
LF002400JWA;BRBSAFLNNDL4;BANCO SAFRA S/A;LF;False;0;-;DI;100;0,4;252;28/09/2026;51;50000;False;PUBLICA;-
LF002400GW3;-;ITAU UNIBANCO S.A.;LF;False;0;-;DI;102;-;-;15/07/2027;34;50000;False;PUBLICA;-
LF002400L5T;BRBSAFLNNDP5;BANCO SAFRA S/A;LF;False;0;-;DI;100;0,4;252;08/01/2027;166;50000;False;PUBLICA;-
LF002500OYL;-;ITAU UNIBANCO S.A.;LF;False;0;-;DI;101,5;-;-;22/11/2027;13;50000;False;PUBLICA;-
LF0021003FV;-;BANCO SAFRA S/A;LF;False;0;-;IPCA;100;4,47;252;15/05/2035;6;50000;False;PUBLICA;-
LF002400RI1;-;BANCO SAFRA S/A;LF;False;0;-;IPCA;100;6,67;252;15/05/2029;14;50000;False;PUBLICA;-
LF002100D74;-;BANCO SAFRA S/A;LF;False;0;-;IPCA;100;4,8;252;17/08/2026;4;50000;False;PUBLICA;-
LF002100E7S;-;BANCO SAFRA S/A;LF;False;0;-;IPCA;100;4,98;252;17/08/2026;4;53000;False;PUBLICA;-
LF002400PND;-;BANCO SAFRA S/A;LF;False;0;-;IPCA;100;6,33;252;20/09/2045;1;82100;False;PUBLICA;-
LF002400G91;-;BANCO SAFRA S/A;LF;False;0;-;IPCA;100;6,31;252;15/05/2045;1;50000;False;PUBLICA;-
LF002500A7D;-;ITAU UNIBANCO S.A.;LF;False;0;-;IPCA;100;8,66;252;15/04/2027;30;50000;False;PUBLICA;-
LF00210028C;-;BANCO SAFRA S/A;LF;False;0;-;IPCA;100;3,76;252;17/08/2026;4;65000;False;PUBLICA;-
LF002400LZP;-;BANCO SAFRA S/A;LF;False;0;-;DI;100,75;-;-;17/08/2026;3;55666,666667;False;PUBLICA;-
LF0021004LK;-;BANCO SAFRA S/A;LF;False;0;-;IPCA;100;4,23;252;17/08/2026;3;50000;False;PUBLICA;-
LF002100CM1;-;BANCO SAFRA S/A;LF;False;0;-;IPCA;100;5,02;252;17/08/2026;1;53000;False;PUBLICA;-
LF002200JHL;-;BANCO SAFRA S/A;LF;False;0;-;IPCA;100;6,61;252;15/05/2035;1;52000;False;PUBLICA;-
LFSN21003MG;BRBITALFIXD7;ITAU UNIBANCO HOLDING S.A;LFSN;False;0;-;DI;100;2;252;21/10/2031;2;400000;False;PUBLICA;-
LF0022002U1;-;BANCO SAFRA S/A;LF;False;0;-;IPCA;100;5,71;252;17/08/2026;5;50000;False;PUBLICA;-
LF002400G49;BRBSAFLNNDE9;BANCO SAFRA S/A;LF;False;0;-;DI;100;0,45;252;20/08/2026;8;50000;False;PUBLICA;-
LF002100F1X;-;BANCO SAFRA S/A;LF;False;0;-;IPCA;100;4,96;252;17/08/2026;5;50000;False;PUBLICA;-
LF002400M60;-;ITAU UNIBANCO S.A.;LF;False;0;-;PREFIXADO;-;11,5;252;16/08/2027;40;50000;False;PUBLICA;-
LF002100HC5;-;BANCO SAFRA S/A;LF;False;0;-;IPCA;100;5,37;252;17/08/2026;1;59900;False;PUBLICA;-
LF002400VKK;-;ITAU UNIBANCO S.A.;LF;False;0;-;DI;102;-;-;16/11/2027;6;54166,67;False;PUBLICA;-
LF002400IS0;-;ITAU UNIBANCO S.A.;LF;False;0;-;DI;102;-;-;15/07/2027;1400;55021,43;False;PUBLICA;-
LF00210096B;-;BANCO SAFRA S/A;LF;False;0;-;IPCA;100;4,15;252;17/08/2026;2;50000;False;PUBLICA;-
LFSC2200281;BRITUBLFI1H4;ITAU UNIBANCO HOLDING S.A;LFSC;False;0;-;DI;100;2,4;252;22/09/9999;47;300000;False;PUBLICA;-
LF0021004HF;-;BANCO SAFRA S/A;LF;False;0;-;IPCA;100;4,05;252;17/08/2026;12;50000;False;PUBLICA;-
LF0021004J9;-;BANCO SAFRA S/A;LF;False;0;-;IPCA;100;4,11;252;17/08/2026;10;50000;False;PUBLICA;-
LF002400SMG;-;BANCO SAFRA S/A;LF;False;0;-;PREFIXADO;-;12,27;252;16/10/2026;4;50000;False;PUBLICA;-
LFSN21003MI;BRBITALFIXD7;ITAU UNIBANCO HOLDING S.A;LFSN;False;0;-;DI;100;2;252;21/10/2031;2;400000;False;PUBLICA;-
LF002600LPK;-;ITAU UNIBANCO S.A.;LF;False;0;-;DI;102;-;-;15/08/2029;122;64599,97;False;PUBLICA;-
LF002400HNH;-;ITAU UNIBANCO S.A.;LF;False;0;-;DI;102;-;-;15/07/2027;50;50000;False;PUBLICA;-
LF0021003IP;-;BANCO SAFRA S/A;LF;False;0;-;IPCA;100;4,12;252;17/08/2026;1;89000;False;PUBLICA;-
LF002400H0V;-;ITAU UNIBANCO S.A.;LF;False;0;-;IPCA;100;6,8;252;26/06/2034;1;1250000;False;PUBLICA;-
LF002100LAC;BRBSAFLTRFB8;BANCO SAFRA S/A;LF;False;0;-;IPCA;100;5,57;252;17/08/2026;2;71500;False;PUBLICA;-
LF002100E41;-;BANCO SAFRA S/A;LF;False;0;-;IPCA;100;5,12;252;17/08/2026;3;50000;False;PUBLICA;-
LF002600G9Z;-;ITAU UNIBANCO S.A.;LF;False;0;-;DI;101;-;-;29/05/2028;4;50000;False;PUBLICA;-
LF002600BB8;-;ITAU UNIBANCO S.A.;LF;False;0;-;DI;101;-;-;17/04/2028;1;50000;False;PUBLICA;-
LF002100OH4;-;BANCO SAFRA S/A;LF;False;0;-;IPCA;100;5,33;252;17/08/2026;11;54363,636364;False;PUBLICA;-
LF0021002CO;-;BANCO SAFRA S/A;LF;False;0;-;IPCA;100;4,22;252;15/05/2035;6;50000;False;PUBLICA;-
LF002100EF8;-;BANCO SAFRA S/A;LF;False;0;-;IPCA;100;4,93;252;17/08/2026;1;50000;False;PUBLICA;-
LFSC23006U0;BRITUBLFI1R3;ITAU UNIBANCO HOLDING S.A;LFSC;False;0;-;DI;100;1,9;252;09/11/9999;2;350000;False;PUBLICA;-
LF002400PIU;-;ITAU UNIBANCO S.A.;LF;False;0;-;DI;102;-;-;15/10/2027;40;53156,16;False;PUBLICA;-
LF002400JTV;-;ITAU UNIBANCO S.A.;LF;False;0;-;DI;102;-;-;16/08/2027;20;59000;False;PUBLICA;-
LF002200MVA;-;ITAU UNIBANCO S.A.;LF;False;0;-;PREFIXADO;-;12,7;252;20/09/2032;1;200000;False;PUBLICA;-
LF002400DHU;-;BANCO SAFRA S/A;LF;False;0;-;IPCA;100;6,08;252;15/05/2045;1;50000;False;PUBLICA;-
LF002400UHC;-;ITAU UNIBANCO S.A.;LF;False;0;-;DI;102;-;-;16/11/2027;379;50011,88;False;PUBLICA;-
LF002200L0N;-;ITAU UNIBANCO S.A.;LF;False;0;-;PREFIXADO;-;12,11;252;10/08/2027;1;100000;False;PUBLICA;-
LF00250041D;-;ITAU UNIBANCO S.A.;LF;False;0;-;IPCA;100;7,54;252;31/01/2028;1;50000;False;PUBLICA;-
LF00250057F;-;ITAU UNIBANCO S.A.;LF;False;0;-;PREFIXADO;-;14,5;252;19/02/2027;1;60000;False;PUBLICA;-
LF002500AES;-;ITAU UNIBANCO S.A.;LF;False;0;-;DI;101;-;-;15/05/2028;110;51707;False;PUBLICA;-
LF002307X17;-;BANCO SAFRA S/A;LF;False;0;-;PREFIXADO;-;12,3;252;19/10/2029;1;50000;False;PUBLICA;-
LF002100DQE;-;BANCO SAFRA S/A;LF;False;0;-;IPCA;100;4,87;252;17/08/2026;1;50000;False;PUBLICA;-
LF0021009O9;-;BANCO SAFRA S/A;LF;False;0;-;IPCA;100;4,14;252;17/08/2026;2;62500;False;PUBLICA;-
LF002100I1U;-;BANCO SAFRA S/A;LF;False;0;-;IPCA;100;5,81;252;15/05/2035;1;50000;False;PUBLICA;-
LFSN2200DFE;-;BANCO SAFRA S/A;LFSN;False;0;-;IPCA;-;7,2;252;16/11/2029;1;300000;False;PUBLICA;-
LF002100IXU;-;BANCO SAFRA S/A;LF;False;0;-;IPCA;100;5,89;252;17/08/2026;2;50000;False;PUBLICA;-
LF002100G75;-;BANCO SAFRA S/A;LF;False;0;-;IPCA;100;5,17;252;17/08/2026;2;55500;False;PUBLICA;-
LF002100483;-;BANCO SAFRA S/A;LF;False;0;-;IPCA;100;4,08;252;17/08/2026;10;50000;False;PUBLICA;-
LF002100574;-;BANCO SAFRA S/A;LF;False;0;-;IPCA;100;3,95;252;17/08/2026;1;50000;False;PUBLICA;-
LF002303GJM;-;ITAU UNIBANCO S.A.;LF;False;0;-;PREFIXADO;-;12,02;252;18/05/2028;1;1500000;False;PUBLICA;-
LF0022009LT;-;BANCO SAFRA S/A;LF;False;0;-;IPCA;100;5,44;252;17/08/2026;5;50000;False;PUBLICA;-
LF0021005D7;-;BANCO SAFRA S/A;LF;False;0;-;IPCA;100;3,82;252;17/08/2026;2;50000;False;PUBLICA;-
LF002400L1L;-;ITAU UNIBANCO S.A.;LF;False;0;-;DI;102;-;-;16/08/2027;100;50000;False;PUBLICA;-
LF0023075PZ;-;ITAU UNIBANCO S.A.;LF;False;0;-;IPCA;100;5,4;252;18/09/2028;1;300000;False;PUBLICA;-
LF002400PCW;-;ITAU UNIBANCO S.A.;LF;False;0;-;DI;102;-;-;15/10/2027;35;50000;False;PUBLICA;-
LF002100BAG;-;BANCO SAFRA S/A;LF;False;0;-;IPCA;100;4,85;252;15/05/2035;8;50000;False;PUBLICA;-
LFSN21003IU;BRBITALFIX72;ITAU UNIBANCO HOLDING S.A;LFSN;False;0;-;DI;100;2;252;22/09/2031;22;400000;False;PUBLICA;-
LF0025009AK;-;ITAU UNIBANCO S.A.;LF;False;0;-;DI;101,8;-;-;05/04/2027;100;50000;False;PUBLICA;-
LF002200BUJ;BRBSAFLNN5M6;BANCO SAFRA S/A;LF;False;0;-;PREFIXADO;-;12,65;252;20/04/2029;1;491000;False;PUBLICA;-
LF00210031C;-;BANCO SAFRA S/A;LF;False;0;-;IPCA;100;5,2;252;20/03/2028;4;480500;False;PUBLICA;-
LF002200L2H;-;ITAU UNIBANCO S.A.;LF;False;0;-;PREFIXADO;-;12,5;252;11/08/2027;1;500000;False;PUBLICA;-
LF002400J5M;-;ITAU UNIBANCO S.A.;LF;False;0;-;DI;102;-;-;16/08/2027;20;50000;False;PUBLICA;-
LF0021002VL;-;BANCO SAFRA S/A;LF;False;0;-;IPCA;100;3,49;252;17/08/2026;2;50000;False;PUBLICA;-
LF002400IVV;-;ITAU UNIBANCO S.A.;LF;False;0;-;DI;102;-;-;16/08/2027;2;50000;False;PUBLICA;-
LF00210089M;-;BANCO SAFRA S/A;LF;False;0;-;IPCA;100;4,77;252;23/06/2031;3;60000;False;PUBLICA;-
LF002400J5G;-;ITAU UNIBANCO S.A.;LF;False;0;-;DI;102;-;-;16/08/2027;100;50000;False;PUBLICA;-
LF002200A9S;-;BANCO SAFRA S/A;LF;False;0;-;IPCA;100;5,56;252;17/08/2026;10;50000;False;PUBLICA;-
LF002200DN1;-;BANCO SAFRA S/A;LF;False;0;-;IPCA;100;6,65;252;10/05/2027;75;50000;False;PUBLICA;-
LF002400E90;-;BANCO SAFRA S/A;LF;False;0;-;IPCA;100;6,06;252;15/05/2035;3;59333,333334;False;PUBLICA;-
LF002400PIK;-;ITAU UNIBANCO S.A.;LF;False;0;-;DI;102;-;-;15/10/2027;17;51764,71;False;PUBLICA;-
LF002400H10;-;ITAU UNIBANCO S.A.;LF;False;0;-;IPCA;100;6,15;252;28/06/2027;1;170000;False;PUBLICA;-
LF0025005BQ;-;ITAU UNIBANCO S.A.;LF;False;0;-;DI;101,8;-;-;15/03/2028;4414;50000;False;PUBLICA;-
LFSN21003CU;BRBITALFIX15;ITAU UNIBANCO HOLDING S.A;LFSN;False;0;-;DI;100;2;252;22/09/2031;6;400000;False;PUBLICA;-
LF002100H8Y;-;BANCO SAFRA S/A;LF;False;0;-;IPCA;100;5,2;252;17/08/2026;4;61750;False;PUBLICA;-
LF002400HQL;-;ITAU UNIBANCO S.A.;LF;False;0;-;DI;102;-;-;15/07/2027;25;53104,24;False;PUBLICA;-
LF002100BFG;-;BANCO SAFRA S/A;LF;False;0;-;IPCA;100;4,64;252;17/08/2026;5;50000;False;PUBLICA;-
LF002100F1J;-;BANCO SAFRA S/A;LF;False;0;-;IPCA;100;4,96;252;17/08/2026;1;50000;False;PUBLICA;-
LF002100JAK;-;BANCO SAFRA S/A;LF;False;0;-;IPCA;100;6,01;252;17/08/2026;1;50000;False;PUBLICA;-
LF002400PO6;-;ITAU UNIBANCO S.A.;LF;False;0;-;DI;102;-;-;15/10/2027;5000;50000;False;PUBLICA;-
LF002100905;-;BANCO SAFRA S/A;LF;False;0;-;IPCA;100;4,18;252;17/08/2026;2;50000;False;PUBLICA;-
LF002600MA1;-;ITAU UNIBANCO S.A.;LF;False;0;-;IPCA;100;8,23;252;29/07/2030;6;50000;False;PUBLICA;-
LF002400CZU;-;ITAU UNIBANCO S.A.;LF;False;0;-;IPCA;100;6,11;252;15/05/2028;1;532000;False;PUBLICA;-
LF0026009RS;-;ITAU UNIBANCO S.A.;LF;False;0;-;DI;101,5;-;-;02/04/2029;58;50000;False;PUBLICA;-
LF002100HP4;-;BANCO SAFRA S/A;LF;False;0;-;IPCA;100;5,55;252;17/08/2026;1;50000;False;PUBLICA;-
LF002400IRK;-;ITAU UNIBANCO S.A.;LF;False;0;-;DI;102;-;-;15/07/2027;40;50000;False;PUBLICA;-
LFSN21003TX;BRBITALFIXI6;ITAU UNIBANCO HOLDING S.A;LFSN;False;0;-;DI;100;2;252;22/09/2031;14;400000;False;PUBLICA;-
LF002400IRC;-;ITAU UNIBANCO S.A.;LF;False;0;-;DI;102;-;-;15/07/2027;20;57000;False;PUBLICA;-
LF0024009XU;-;ITAU UNIBANCO S.A.;LF;False;0;-;DI;103;-;-;15/04/2027;260;50000;False;PUBLICA;-
LFSC23001P5;BRBEVELFNOC5;BCO VOTORANTIM S/A;LFSC;False;0;-;PREFIXADO;-;15;252;05/06/9999;421;300000;False;PUBLICA;-
LF0021006G2;-;BANCO SAFRA S/A;LF;False;0;-;IPCA;100;3,97;252;17/08/2026;2;50000;False;PUBLICA;-
LF0021005DK;-;BANCO SAFRA S/A;LF;False;0;-;IPCA;100;3,82;252;17/08/2026;1;50000;False;PUBLICA;-
LF002400PCV;-;ITAU UNIBANCO S.A.;LF;False;0;-;DI;102;-;-;15/10/2027;5000;50000;False;PUBLICA;-
LF002100G2Y;-;BANCO SAFRA S/A;LF;False;0;-;IPCA;100;5,06;252;17/08/2026;1;50000;False;PUBLICA;-
LF002400L5B;BRBSAFLNNDP5;BANCO SAFRA S/A;LF;False;0;-;DI;100;0,4;252;08/01/2027;49;50000;False;PUBLICA;-
LF002400PJ4;-;BANCO SAFRA S/A;LF;False;0;-;PREFIXADO;-;12,11;252;20/09/2035;16;50000;False;PUBLICA;-
LF002100D6W;-;BANCO SAFRA S/A;LF;False;0;-;IPCA;100;4,8;252;17/08/2026;4;50000;False;PUBLICA;-
LF002500NO7;BRJDEELFI0Q1;BANCO JOHN DEERE S.A.;LF;False;0;-;DI;100;0,35;252;03/11/2027;56;50056,53405;False;PUBLICA;-
LF0026009GO;-;ITAU UNIBANCO S.A.;LF;False;0;-;DI;101;-;-;31/03/2028;1;50000;False;PUBLICA;-
LF0021002Q5;-;BANCO SAFRA S/A;LF;False;0;-;IPCA;100;3,46;252;17/08/2026;1;50000;False;PUBLICA;-
LF002400WNN;-;ITAU UNIBANCO S.A.;LF;False;0;-;DI;102;-;-;15/12/2027;155;57615,33;False;PUBLICA;-
LF0021006J6;-;BANCO SAFRA S/A;LF;False;0;-;IPCA;100;3,9;252;17/08/2026;2;50000;False;PUBLICA;-
LF00240125X;-;ITAU UNIBANCO S.A.;LF;False;0;-;DI;102;-;-;15/12/2027;13;50769,23;False;PUBLICA;-
LF002400LQJ;-;ITAU UNIBANCO S.A.;LF;False;0;-;DI;102;-;-;16/08/2027;200;50000;False;PUBLICA;-
LF0021001X1;BRBSAFLTFIA9;BANCO SAFRA S/A;LF;False;0;-;IPCA;100;3,48;252;17/08/2026;2;50000;False;PUBLICA;-
LF002400JW2;BRBSAFLNNDL4;BANCO SAFRA S/A;LF;False;0;-;DI;100;0,4;252;28/09/2026;11;50000;False;PUBLICA;-
LF0021002LF;-;BANCO SAFRA S/A;LF;False;0;-;IPCA;100;3,51;252;17/08/2026;1;50000;False;PUBLICA;-
LF0022004TK;BRBSAFLNN2L5;BANCO SAFRA S/A;LF;False;0;-;DI;100;1,35;252;10/02/2027;40;50000;False;PUBLICA;-
LF002100N8X;BRBSAFLFESH5;BANCO SAFRA S/A;LF;False;0;-;IPCA;100;5,53;252;17/08/2026;2;50000;False;PUBLICA;-
LF0021004OC;-;BANCO SAFRA S/A;LF;False;0;-;IPCA;100;4,23;252;17/08/2026;2;50000;False;PUBLICA;-
LF002400ZUJ;-;ITAU UNIBANCO S.A.;LF;False;0;-;DI;102;-;-;15/12/2027;481;50061,55;False;PUBLICA;-
LF002100Q85;-;BANCO SAFRA S/A;LF;False;0;-;IPCA;100;5,45;252;17/08/2026;1;64000;False;PUBLICA;-
LFSC22002SA;BRITUBLFI1M4;ITAU UNIBANCO HOLDING S.A;LFSC;False;0;-;DI;100;2,4;252;29/09/9999;1;300000;False;PUBLICA;-
LF002400RPH;-;ITAU UNIBANCO S.A.;LF;False;0;-;DI;102;-;-;15/10/2027;183;50121,54;False;PUBLICA;-
LF002200ALD;-;BANCO SAFRA S/A;LF;False;0;-;IPCA;100;5,42;252;17/08/2026;1;90000;False;PUBLICA;-
LF00220009B;-;BANCO SAFRA S/A;LF;False;0;-;IPCA;100;5,75;252;17/08/2026;1;70000;False;PUBLICA;-
LF002400NSY;-;BANCO SAFRA S/A;LF;False;0;-;IPCA;100;6,5;252;15/05/2029;2;50000;False;PUBLICA;-
LF002400O87;-;ITAU UNIBANCO S.A.;LF;False;0;-;DI;102;-;-;15/09/2027;1280;50000;False;PUBLICA;-
LF002400KET;-;ITAU UNIBANCO S.A.;LF;False;0;-;DI;102;-;-;16/08/2027;40;50000;False;PUBLICA;-
LF002200BUL;BRBSAFLNN5N4;BANCO SAFRA S/A;LF;False;0;-;PREFIXADO;-;12,6;252;20/04/2028;1;492000;False;PUBLICA;-
LF0022008UA;-;BANCO SAFRA S/A;LF;False;0;-;IPCA;100;5,97;252;17/08/2026;4;50000;False;PUBLICA;-
LF002400HTV;-;ITAU UNIBANCO S.A.;LF;False;0;-;DI;102;-;-;15/07/2027;310;50000;False;PUBLICA;-
LF002400RTU;BRSCNALFI060;SCANIA BANCO S/A;LF;False;0;-;PREFIXADO;-;12,97;252;04/01/2027;5000;50000;False;PUBLICA;-
LF002306YS2;-;BANCO BRADESCO S/A;LF;False;0;-;IPCA;100;5,13;252;15/05/2035;2;50000;False;PUBLICA;-
LF002500I22;BRPRBCLFIQ56;PARANA BANCO S/A;LF;False;0;-;DI;100;0,7;252;14/08/2028;7685;50000;False;PUBLICA;-
LF0021004AM;-;BANCO SAFRA S/A;LF;False;0;-;IPCA;100;4,11;252;17/08/2026;2;52000;False;PUBLICA;-
LF002600L95;-;ITAU UNIBANCO S.A.;LF;False;0;-;DI;101;-;-;15/08/2029;291;50123,72;False;PUBLICA;-
LF002400PCM;-;BANCO SAFRA S/A;LF;False;0;-;IPCA;100;6,35;252;18/09/2045;1;80000;False;PUBLICA;-
LF002100QP0;-;ITAU UNIBANCO S.A.;LF;False;0;-;DI;106,5;-;-;15/02/2027;1;10000000;False;PUBLICA;-
LF002200J63;-;BANCO SAFRA S/A;LF;False;0;-;IPCA;100;6,24;252;17/08/2026;4;50000;False;PUBLICA;-
LF00210044J;-;BANCO SAFRA S/A;LF;False;0;-;IPCA;100;3,99;252;17/08/2026;1;50000;False;PUBLICA;-
LFSN21003N1;BRBITALFIXH8;ITAU UNIBANCO HOLDING S.A;LFSN;False;0;-;DI;100;2;252;22/09/2031;3;400000;False;PUBLICA;-
LF002600LCZ;-;ITAU UNIBANCO S.A.;LF;False;0;-;DI;101;-;-;15/08/2029;14;50000;False;PUBLICA;-
LF002100EER;-;BANCO SAFRA S/A;LF;False;0;-;IPCA;100;4,93;252;17/08/2026;60;50000;False;PUBLICA;-
LF002100F4T;-;BANCO SAFRA S/A;LF;False;0;-;IPCA;100;5,03;252;17/08/2026;3;50000;False;PUBLICA;-
LFSC22002SB;BRITUBLFI1M4;ITAU UNIBANCO HOLDING S.A;LFSC;False;0;-;DI;100;2,4;252;29/09/9999;2;300000;False;PUBLICA;-
LF0025004Q8;-;BANCO SAFRA S/A;LF;False;0;-;PREFIXADO;-;14,6;252;10/08/2035;10;50000;False;PUBLICA;-
LF002200BGC;-;BANCO SAFRA S/A;LF;False;0;-;IPCA;100;5,76;252;17/08/2026;1;50000;False;PUBLICA;-
LF002100AF6;-;BANCO SAFRA S/A;LF;False;0;-;IPCA;100;4,34;252;17/08/2026;120;50000;False;PUBLICA;-
LF0023086LP;-;BANCO SAFRA S/A;LF;False;0;-;DI;106,5;-;-;17/11/2026;274;50065,693431;False;PUBLICA;-
LF002100DN8;-;BANCO SAFRA S/A;LF;False;0;-;IPCA;100;4,86;252;17/08/2026;2;64500;False;PUBLICA;-
LF002200DMK;-;BANCO SAFRA S/A;LF;False;0;-;IPCA;100;5,97;252;17/08/2026;1;50000;False;PUBLICA;-
LF002400VKP;-;ITAU UNIBANCO S.A.;LF;False;0;-;DI;102;-;-;16/11/2027;8;50000;False;PUBLICA;-
LF002500MZG;-;ITAU UNIBANCO S.A.;LF;False;0;-;DI;101,5;-;-;14/10/2027;120;50000;False;PUBLICA;-
LFSC23006U2;BRITUBLFI1R3;ITAU UNIBANCO HOLDING S.A;LFSC;False;0;-;DI;100;1,9;252;09/11/9999;1;350000;False;PUBLICA;-
LF0021005OG;-;BANCO SAFRA S/A;LF;False;0;-;IPCA;100;3,91;252;17/08/2026;1;50000;False;PUBLICA;-
LF002400NMZ;-;BANCO SAFRA S/A;LF;False;0;-;IPCA;100;6,11;252;04/09/2026;10;50000;False;PUBLICA;-
LF002100A6A;-;BANCO SAFRA S/A;LF;False;0;-;IPCA;100;4,22;252;17/08/2026;5;50000;False;PUBLICA;-
LF002300O2Z;-;BANCO SAFRA S/A;LF;False;0;-;IPCA;100;7,13;252;03/02/2028;65;50000;False;PUBLICA;-
LF0021003S7;-;BANCO SAFRA S/A;LF;False;0;-;IPCA;100;4,73;252;31/03/2031;1;75000;False;PUBLICA;-
LF002500G21;-;ITAU UNIBANCO S.A.;LF;False;0;-;DI;101;-;-;15/07/2027;2;50000;False;PUBLICA;-
LF002200EBC;-;BANCO SAFRA S/A;LF;False;0;-;IPCA;100;7;252;17/05/2032;20;50000;False;PUBLICA;-
LF0021005DB;-;BANCO SAFRA S/A;LF;False;0;-;IPCA;100;3,82;252;17/08/2026;6;50000;False;PUBLICA;-
LF002100MHO;BRBSAFLFEMW7;BANCO SAFRA S/A;LF;False;0;-;IPCA;100;5,57;252;17/08/2026;1;72042;False;PUBLICA;-
LF002400O3Z;-;BANCO SAFRA S/A;LF;False;0;-;IPCA;100;6,42;252;15/05/2029;2;50000;False;PUBLICA;-
LF002400M5X;-;ITAU UNIBANCO S.A.;LF;False;0;-;IPCA;100;6,1;252;16/08/2028;40;50000;False;PUBLICA;-
LF0025003MB;-;ITAU UNIBANCO S.A.;LF;False;0;-;DI;102;-;-;15/02/2028;400;50000;False;PUBLICA;-
LF002400URI;-;ITAU UNIBANCO S.A.;LF;False;0;-;DI;102;-;-;16/11/2027;150;50000;False;PUBLICA;-
LF002400R6Z;-;BANCO SAFRA S/A;LF;False;0;-;IPCA;100;6,29;252;15/05/2045;1;50000;False;PUBLICA;-
LF0022008JZ;-;BANCO SAFRA S/A;LF;False;0;-;IPCA;100;6,02;252;17/08/2026;3;51666,666667;False;PUBLICA;-
LF002500BSX;-;ITAU UNIBANCO S.A.;LF;False;0;-;DI;101,8;-;-;30/04/2027;37;50000;False;PUBLICA;-
LF002304XH0;-;BANCO SAFRA S/A;LF;False;0;-;IPCA;100;5,09;252;07/07/2028;1;50000;False;PUBLICA;-
LF00220016B;-;BANCO SAFRA S/A;LF;False;0;-;IPCA;100;5,77;252;17/08/2026;3;50000;False;PUBLICA;-
LF00210096C;-;BANCO SAFRA S/A;LF;False;0;-;IPCA;100;4,15;252;17/08/2026;1;50000;False;PUBLICA;-
LF0021002RT;-;BANCO SAFRA S/A;LF;False;0;-;IPCA;100;3,53;252;17/08/2026;1;50000;False;PUBLICA;-
LF002100DYH;-;BANCO SAFRA S/A;LF;False;0;-;IPCA;100;4,96;252;17/08/2026;1;70000;False;PUBLICA;-
LF002100DYP;-;BANCO SAFRA S/A;LF;False;0;-;IPCA;100;4,96;252;17/08/2026;1;50000;False;PUBLICA;-
LF002400QX2;-;ITAU UNIBANCO S.A.;LF;False;0;-;DI;102;-;-;01/10/2026;138;50000;False;PUBLICA;-
LF002600LL7;BRMCSFLFI1E4;MERCADO CREDITO SOCIEDADE DE CREDITO FINANCIAMENTO E INVESTIMENTO SA;LF;False;0;-;DI;100;0,39;252;31/07/2028;21322;50000;False;PUBLICA;-
LF002400QWC;-;BANCO SAFRA S/A;LF;False;0;-;IPCA;100;6,23;252;15/05/2045;8;55750;False;PUBLICA;-
LF002200Q36;-;BANCO SAFRA S/A;LF;False;0;-;PREFIXADO;-;12,74;252;08/11/2028;4;50000;False;PUBLICA;-
LF0021003BT;-;BANCO SAFRA S/A;LF;False;0;-;IPCA;100;3,95;252;17/08/2026;2;50000;False;PUBLICA;-
LF002200HLM;-;BANCO SAFRA S/A;LF;False;0;-;IPCA;100;5,99;252;22/06/2027;1;86000;False;PUBLICA;-
LF0026000PC;-;ITAU UNIBANCO S.A.;LF;False;0;-;IPCA;100;7,3;252;08/01/2029;1;70000;False;PUBLICA;-
LF002200M7T;-;ITAU UNIBANCO S.A.;LF;False;0;-;PREFIXADO;-;12,59;252;31/08/2027;1;100000;False;PUBLICA;-
LF0021002NJ;-;BANCO SAFRA S/A;LF;False;0;-;IPCA;100;3,52;252;17/08/2026;1;50000;False;PUBLICA;-
LF002100LQG;BRBSAFLFE158;BANCO SAFRA S/A;LF;False;0;-;IPCA;100;5,55;252;17/08/2026;1;50000;False;PUBLICA;-
LF002200P1J;-;BANCO SAFRA S/A;LF;False;0;-;IPCA;100;5,9;252;25/10/2028;1;59000;False;PUBLICA;-
LF002400PG5;-;ITAU UNIBANCO S.A.;LF;False;0;-;DI;102;-;-;15/10/2027;40;50000;False;PUBLICA;-
LF002200KPN;-;BANCO SAFRA S/A;LF;False;0;-;IPCA;100;6,33;252;15/05/2035;1;50000;False;PUBLICA;-
LF002100EEH;-;BANCO SAFRA S/A;LF;False;0;-;IPCA;100;4,91;252;17/08/2026;3;50000;False;PUBLICA;-
LF002100MMM;BRBSAFLFENZ8;BANCO SAFRA S/A;LF;False;0;-;IPCA;100;5,6;252;17/08/2026;1;50000;False;PUBLICA;-
LF002400O4M;-;ITAU UNIBANCO S.A.;LF;False;0;-;DI;102;-;-;15/09/2027;22;50000;False;PUBLICA;-
LF002400QWD;-;BANCO SAFRA S/A;LF;False;0;-;IPCA;100;6,23;252;15/05/2045;1;50000;False;PUBLICA;-
LF002200031;-;BANCO SAFRA S/A;LF;False;0;-;IPCA;100;5,51;252;17/08/2026;20;50000;False;PUBLICA;-
LF002400NXB;-;ITAU UNIBANCO S.A.;LF;False;0;-;DI;102;-;-;15/09/2027;14;52973,71;False;PUBLICA;-
LF002400Q6S;-;ITAU UNIBANCO S.A.;LF;False;0;-;DI;102;-;-;15/10/2027;2000;50000;False;PUBLICA;-
LF002400QM1;-;BANCO SAFRA S/A;LF;False;0;-;IPCA;100;6,22;252;12/05/2045;1;50000;False;PUBLICA;-
LF002500PE8;-;ITAU UNIBANCO S.A.;LF;False;0;-;PREFIXADO;-;13,05;252;14/11/2030;15;80343;False;PUBLICA;-
LF002301Q73;-;ITAU UNIBANCO S.A.;LF;False;0;-;PREFIXADO;-;13,23;252;16/03/2027;1;60000;False;PUBLICA;-
LF002100NEK;BRBSAFLFET76;BANCO SAFRA S/A;LF;False;0;-;IPCA;100;6,21;252;30/11/2026;1;50000;False;PUBLICA;-
LF002400NXE;-;ITAU UNIBANCO S.A.;LF;False;0;-;DI;102;-;-;15/09/2027;62;50000;False;PUBLICA;-
LF002307UK9;-;BANCO SAFRA S/A;LF;False;0;-;PREFIXADO;-;12,11;252;15/10/2029;1;50000;False;PUBLICA;-
LFSN21001PC;BRBSAFLFNNR6;BANCO SAFRA S/A;LFSN;False;0;-;DI;100;2;252;15/05/2028;20;300000;False;PUBLICA;-
LF002400QM9;-;ITAU UNIBANCO S.A.;LF;False;0;-;DI;102;-;-;15/10/2027;400;50000;False;PUBLICA;-
LF002100E3L;-;BANCO SAFRA S/A;LF;False;0;-;IPCA;100;5,12;252;17/08/2026;2;65000;False;PUBLICA;-
LF002100GVB;-;BANCO SAFRA S/A;LF;False;0;-;IPCA;100;5,07;252;17/08/2026;1;50000;False;PUBLICA;-
LF00210052F;-;BANCO SAFRA S/A;LF;False;0;-;IPCA;100;4,14;252;17/08/2026;2;50000;False;PUBLICA;-
LF00210043V;-;BANCO SAFRA S/A;LF;False;0;-;IPCA;100;4,73;252;01/04/2031;1;50000;False;PUBLICA;-
LF002100CPY;-;BANCO SAFRA S/A;LF;False;0;-;IPCA;100;5,5;252;24/08/2026;4;62000;False;PUBLICA;-
LF0022000GM;-;BANCO SAFRA S/A;LF;False;0;-;IPCA;100;5,77;252;17/08/2026;1;71000;False;PUBLICA;-
LF002100PLJ;-;BANCO SAFRA S/A;LF;False;0;-;IPCA;100;5,34;252;17/08/2026;1;50000;False;PUBLICA;-
LF002100KZ2;BRBSAFLTRE23;BANCO SAFRA S/A;LF;False;0;-;IPCA;100;5,65;252;17/08/2026;1;99600;False;PUBLICA;-
LF002100G3P;-;BANCO SAFRA S/A;LF;False;0;-;IPCA;100;5,06;252;17/08/2026;86;50000;False;PUBLICA;-
LFSN21003JU;BRBITALFIX80;ITAU UNIBANCO HOLDING S.A;LFSN;False;0;-;DI;100;2;252;22/09/2031;22;400000;False;PUBLICA;-
LF0021007YH;-;BANCO SAFRA S/A;LF;False;0;-;IPCA;100;4,77;252;23/06/2031;2;50000;False;PUBLICA;-
LF002100LXT;BRBSAFLFE2R3;BANCO SAFRA S/A;LF;False;0;-;IPCA;100;6,3;252;18/11/2026;10;50000;False;PUBLICA;-
LFSN21003MJ;BRBITALFIXD7;ITAU UNIBANCO HOLDING S.A;LFSN;False;0;-;DI;100;2;252;21/10/2031;4;400000;False;PUBLICA;-
LF002100EBU;-;BANCO SAFRA S/A;LF;False;0;-;IPCA;100;4,93;252;17/08/2026;2;58000;False;PUBLICA;-
LF002400OJZ;-;BANCO SAFRA S/A;LF;False;0;-;IPCA;100;5,96;252;14/09/2026;3;50000;False;PUBLICA;-
LF002400TV0;-;ITAU UNIBANCO S.A.;LF;False;0;-;DI;102;-;-;16/11/2027;150;50179,8;False;PUBLICA;-
LF002500MFX;-;ITAU UNIBANCO S.A.;LF;False;0;-;IPCA;100;8,61;252;04/10/2027;30;50000;False;PUBLICA;-
LFSC23006TZ;BRITUBLFI1R3;ITAU UNIBANCO HOLDING S.A;LFSC;False;0;-;DI;100;1,9;252;09/11/9999;2;350000;False;PUBLICA;-
LF0023035L7;-;BANCO SAFRA S/A;LF;False;0;-;IPCA;100;6,43;252;10/05/2028;16;50000;False;PUBLICA;-
LFSN22006Y9;-;BANCO SAFRA S/A;LFSN;False;0;-;IPCA;-;7,02;252;28/05/2029;1;400000;False;PUBLICA;-
LF002500AKV;-;ITAU UNIBANCO S.A.;LF;False;0;-;IPCA;100;8,55;252;19/04/2027;140;50000;False;PUBLICA;-
LF002400BHX;BRBSAFLNNCR3;BANCO SAFRA S/A;LF;False;0;-;IPCA;100;6,75;252;25/04/2029;100;50000;False;PUBLICA;-
LFSC25008Y9;BRSFSALFI5V5;BANCO SOFISA S/A;LFSC;False;0;-;DI;100;2,9;252;11/09/9999;334;300000;False;PUBLICA;-
LF002400GA3;BRBSAFLNNDG4;BANCO SAFRA S/A;LF;False;0;-;DI;100;0,45;252;20/08/2026;67;50000;False;PUBLICA;-
LF0025009AQ;-;ITAU UNIBANCO S.A.;LF;False;0;-;DI;102;-;-;17/04/2028;382;50000;False;PUBLICA;-
LF002200MD4;-;ITAU UNIBANCO S.A.;LF;False;0;-;PREFIXADO;-;12,58;252;06/09/2027;1;350000;False;PUBLICA;-
LF002100G3W;-;BANCO SAFRA S/A;LF;False;0;-;IPCA;100;5,06;252;17/08/2026;1;50000;False;PUBLICA;-
LF002100DMM;-;BANCO SAFRA S/A;LF;False;0;-;IPCA;100;4,86;252;17/08/2026;3;62666,666667;False;PUBLICA;-
LFSC22002DG;BRITUBLFI1J0;ITAU UNIBANCO HOLDING S.A;LFSC;False;0;-;DI;100;2,4;252;26/09/9999;25;300000;False;PUBLICA;-
LF002308H3F;-;BANCO SAFRA S/A;LF;False;0;-;DI;102,25;-;-;14/12/2026;5;50000;False;PUBLICA;-
LF002400GDT;-;ITAU UNIBANCO S.A.;LF;False;0;-;DI;102;-;-;15/07/2027;40;50000;False;PUBLICA;-
LF002400L3O;-;BANCO SAFRA S/A;LF;False;0;-;PREFIXADO;-;11,38;252;06/08/2030;3;51666,666667;False;PUBLICA;-
LF002400NI8;-;BANCO SAFRA S/A;LF;False;0;-;PREFIXADO;-;11,43;252;01/09/2027;1;50000;False;PUBLICA;-
LF002200DN3;-;BANCO SAFRA S/A;LF;False;0;-;IPCA;100;5,97;252;17/08/2026;1;50000;False;PUBLICA;-
LF002500CD9;-;BANCO SAFRA S/A;LF;False;0;-;PREFIXADO;-;13,39;252;13/11/2035;1;50000;False;PUBLICA;-
LF002100Q8M;-;BANCO SAFRA S/A;LF;False;0;-;IPCA;100;5,46;252;17/08/2026;1;50000;False;PUBLICA;-
LF002400LPZ;-;BANCO SAFRA S/A;LF;False;0;-;IPCA;100;5,93;252;16/08/2027;9;50000;False;PUBLICA;-
LF002100FJV;-;BANCO SAFRA S/A;LF;False;0;-;IPCA;100;5,01;252;17/08/2026;4;50000;False;PUBLICA;-
LF002100IXO;-;BANCO SAFRA S/A;LF;False;0;-;IPCA;100;5,89;252;17/08/2026;3;50000;False;PUBLICA;-
LF002400FBT;-;BANCO SAFRA S/A;LF;False;0;-;IPCA;100;6,29;252;15/05/2029;8;50000;False;PUBLICA;-
LF002400N3S;-;BANCO SAFRA S/A;LF;False;0;-;PREFIXADO;-;11,13;252;26/08/2030;4;60000;False;PUBLICA;-
LFSN21001PF;BRBSAFLFNNR6;BANCO SAFRA S/A;LFSN;False;0;-;DI;100;2;252;15/05/2028;17;300000;False;PUBLICA;-
LF002400GL3;-;BANCO SAFRA S/A;LF;False;0;-;DI;104,25;-;-;21/06/2028;20;50000;False;PUBLICA;-
LF002307OP6;-;ITAU UNIBANCO S.A.;LF;False;0;-;IPCA;100;6,24;252;04/10/2028;1;2800000;False;PUBLICA;-
LFSC23006IG;BRITUBLFI1P7;ITAU UNIBANCO HOLDING S.A;LFSC;False;0;-;DI;100;1,9;252;07/11/9999;2;350000;False;PUBLICA;-
LF002100F9N;-;BANCO SAFRA S/A;LF;False;0;-;IPCA;100;5,01;252;17/08/2026;1;50000;False;PUBLICA;-
LF002500ETY;-;ITAU UNIBANCO S.A.;LF;False;0;-;PREFIXADO;-;13,7;252;25/06/2035;1;185000;False;PUBLICA;-
LF002100PAJ;-;BANCO SAFRA S/A;LF;False;0;-;IPCA;100;5,22;252;17/08/2026;1;60000;False;PUBLICA;-
LF002600EFA;-;ITAU UNIBANCO S.A.;LF;False;0;-;IPCA;100;7,71;252;13/05/2031;12;56250;False;PUBLICA;-
LFSN21003K0;BRBITALFIX80;ITAU UNIBANCO HOLDING S.A;LFSN;False;0;-;DI;100;2;252;22/09/2031;24;400000;False;PUBLICA;-
LF002500BVE;-;ITAU UNIBANCO S.A.;LF;False;0;-;IPCA;100;8,2;252;03/05/2027;140;50000;False;PUBLICA;-
LF0022008KJ;-;BANCO SAFRA S/A;LF;False;0;-;IPCA;100;6,02;252;17/08/2026;3;51666,666667;False;PUBLICA;-
LFSN21003DW;BRBITALFIX23;ITAU UNIBANCO HOLDING S.A;LFSN;False;0;-;DI;100;2;252;21/10/2031;2;400000;False;PUBLICA;-
LF002400SMD;-;ITAU UNIBANCO S.A.;LF;False;0;-;DI;102;-;-;15/10/2027;600;50000;False;PUBLICA;-
LF002200DLN;-;BANCO SAFRA S/A;LF;False;0;-;IPCA;100;5,9;252;17/08/2026;1;50000;False;PUBLICA;-
LF00210064L;-;BANCO SAFRA S/A;LF;False;0;-;IPCA;100;3,88;252;17/08/2026;10;50000;False;PUBLICA;-
LF00250049D;-;ITAU UNIBANCO S.A.;LF;False;0;-;PREFIXADO;-;14,5;252;07/02/2028;1;250000;False;PUBLICA;-
LF002500538;-;ITAU UNIBANCO S.A.;LF;False;0;-;DI;101,8;-;-;15/03/2028;342;50000;False;PUBLICA;-
LF002100Q0W;-;BANCO SAFRA S/A;LF;False;0;-;IPCA;100;5,54;252;17/08/2026;2;73165,715;False;PUBLICA;-
LF002200AO3;-;BANCO SAFRA S/A;LF;False;0;-;IPCA;100;5,86;252;08/04/2032;1;50000;False;PUBLICA;-
LF0022007TK;-;BANCO SAFRA S/A;LF;False;0;-;IPCA;100;6,1;252;17/08/2026;23;51130,434783;False;PUBLICA;-
LFSN26002HT;BRITUBLFI274;ITAU UNIBANCO HOLDING S.A;LFSN;False;0;-;DI;100;0,55;252;15/09/2036;5500;300000;False;PUBLICA;-
LF0025004Z5;-;ITAU UNIBANCO S.A.;LF;False;0;-;IPCA;100;7,63;252;15/02/2027;1;300000;False;PUBLICA;-
LF002100908;-;BANCO SAFRA S/A;LF;False;0;-;IPCA;100;4,65;252;02/07/2031;3;50000;False;PUBLICA;-
LF002400OJX;-;BANCO SAFRA S/A;LF;False;0;-;DI;102;-;-;11/09/2029;5;56000;False;PUBLICA;-
LF002500NF4;-;ITAU UNIBANCO S.A.;LF;False;0;-;DI;101;-;-;22/10/2027;1;2000000;False;PUBLICA;-
LF002100FEL;-;BANCO SAFRA S/A;LF;False;0;-;IPCA;100;5,06;252;17/08/2026;1;50000;False;PUBLICA;-
LF002600NFL;-;ITAU UNIBANCO S.A.;LF;False;0;-;DI;101;-;-;17/09/2029;234;50000;False;PUBLICA;-
LF002500BVF;-;ITAU UNIBANCO S.A.;LF;False;0;-;DI;101;-;-;15/05/2028;230;50000;False;PUBLICA;-
LF00210048R;-;BANCO SAFRA S/A;LF;False;0;-;IPCA;100;4,08;252;17/08/2026;3;50000;False;PUBLICA;-
LF002500BGX;-;ITAU UNIBANCO S.A.;LF;False;0;-;DI;101,5;-;-;15/05/2028;10;71966,22;False;PUBLICA;-
LF002500479;-;ITAU UNIBANCO S.A.;LF;False;0;-;DI;101,5;-;-;05/02/2029;1;60000;False;PUBLICA;-
LF002400MBT;BRBSAFLNNDY7;BANCO SAFRA S/A;LF;False;0;-;DI;103,75;-;-;21/08/2026;495;50064,646465;False;PUBLICA;-
LF002600NJE;-;ITAU UNIBANCO S.A.;LF;False;0;-;DI;101,5;-;-;15/08/2029;95;50000;False;PUBLICA;-
LF002100575;-;BANCO SAFRA S/A;LF;False;0;-;IPCA;100;3,91;252;17/08/2026;1;196000;False;PUBLICA;-
LFSC25002S3;-;ITAU UNIBANCO S.A.;LFSC;False;0;-;DI;100;1,35;252;07/03/9999;14717;300000;False;PUBLICA;-
LF002100PFC;-;BANCO SAFRA S/A;LF;False;0;-;IPCA;100;5,25;252;17/08/2026;3;50000;False;PUBLICA;-
LF002400GDV;-;ITAU UNIBANCO S.A.;LF;False;0;-;IPCA;100;6,5;252;21/06/2028;1;1000000;False;PUBLICA;-
LF002400PW1;-;ITAU UNIBANCO S.A.;LF;False;0;-;DI;102;-;-;15/10/2027;40;50000;False;PUBLICA;-
LF002307XPB;-;BANCO SAFRA S/A;LF;False;0;-;PREFIXADO;-;12,5;252;23/10/2029;1;50000;False;PUBLICA;-
LF002400L1F;-;ITAU UNIBANCO S.A.;LF;False;0;-;DI;102;-;-;16/08/2027;170;50000;False;PUBLICA;-
LFSC23006NT;BRITUBLFI1Q5;ITAU UNIBANCO HOLDING S.A;LFSC;False;0;-;DI;100;1,9;252;08/11/9999;1;350000;False;PUBLICA;-
LF002200DHO;-;BANCO SAFRA S/A;LF;False;0;-;IPCA;100;5,77;252;17/08/2026;1;50000;False;PUBLICA;-
LF002400DII;-;ITAU UNIBANCO S.A.;LF;False;0;-;DI;103;-;-;17/05/2028;600;60660;False;PUBLICA;-
LF0021005D3;-;BANCO SAFRA S/A;LF;False;0;-;IPCA;100;3,82;252;17/08/2026;5;50000;False;PUBLICA;-
LF002400TJB;-;ITAU UNIBANCO S.A.;LF;False;0;-;DI;102;-;-;16/11/2027;60;50000;False;PUBLICA;-
LF0026007YU;-;ITAU UNIBANCO S.A.;LF;False;0;-;DI;101,5;-;-;16/04/2029;118;50271,96;False;PUBLICA;-
LFSN22006CM;BRABCBLFICQ4;BANCO ABC BRASIL S.A.;LFSN;False;0;-;DI;100;2,35;252;19/05/2032;1;400000;False;PUBLICA;-
LF002100D0Z;-;BANCO SAFRA S/A;LF;False;0;-;IPCA;100;4,73;252;17/08/2026;2;50000;False;PUBLICA;-
LF0022000HG;-;BANCO SAFRA S/A;LF;False;0;-;IPCA;100;5,77;252;17/08/2026;2;60500;False;PUBLICA;-
LF002100IKA;-;BANCO SAFRA S/A;LF;False;0;-;IPCA;100;5,8;252;17/08/2026;1;370000;False;PUBLICA;-
LF002100E35;-;BANCO SAFRA S/A;LF;False;0;-;IPCA;100;5,12;252;17/08/2026;1;50000;False;PUBLICA;-
LF002302QAX;-;ITAU UNIBANCO S.A.;LF;False;0;-;IPCA;100;6,15;252;26/04/2027;3;50000;False;PUBLICA;-
LF002400TJC;-;ITAU UNIBANCO S.A.;LF;False;0;-;IPCA;100;6,86;252;22/10/2029;30;66100;False;PUBLICA;-
LF0021006WD;-;BANCO SAFRA S/A;LF;False;0;-;IPCA;100;3,83;252;17/08/2026;1;50000;False;PUBLICA;-
LF002400O4O;-;ITAU UNIBANCO S.A.;LF;False;0;-;DI;102;-;-;15/09/2027;100;50000;False;PUBLICA;-
LF0023000J6;-;BANCO SAFRA S/A;LF;False;0;-;PREFIXADO;-;12,8;252;04/01/2029;5;50000;False;PUBLICA;-
LF0024008K4;-;ITAU UNIBANCO S.A.;LF;False;0;-;PREFIXADO;-;11,11;252;21/03/2029;1;1280000;False;PUBLICA;-
LF002304XH1;-;BANCO SAFRA S/A;LF;False;0;-;IPCA;100;5,12;252;07/07/2027;1;50000;False;PUBLICA;-
LF002400BAQ;-;ITAU UNIBANCO S.A.;LF;False;0;-;DI;103;-;-;17/05/2027;400;50000;False;PUBLICA;-
LF002500J4Y;BRDCLSLFI1N8;BANCO MERCEDES BENZ DO BRASIL S/A;LF;False;0;-;DI;100;0,3;252;01/09/2027;4960;50000;False;PUBLICA;-
LF002500DV9;-;ITAU UNIBANCO S.A.;LF;False;0;-;PREFIXADO;-;14,2;252;07/06/2027;70;50000;False;PUBLICA;-
LF002400P4Z;-;ITAU UNIBANCO S.A.;LF;False;0;-;DI;102;-;-;15/10/2027;300;50000;False;PUBLICA;-
LF0025009Q2;BRSCNALFI086;SCANIA BANCO S/A;LF;False;0;-;DI;100;0,55;252;09/04/2028;4370;50000;False;PUBLICA;-
LF002100F9M;-;BANCO SAFRA S/A;LF;False;0;-;IPCA;100;5,01;252;17/08/2026;1;50000;False;PUBLICA;-
LF0021001TC;BRBSAFLTFH24;BANCO SAFRA S/A;LF;False;0;-;IPCA;100;3,36;252;17/08/2026;1;50000;False;PUBLICA;-
LF002303A7P;-;ITAU UNIBANCO S.A.;LF;False;0;-;IPCA;100;5,46;252;17/05/2027;6;50000;False;PUBLICA;-
LF0025003SC;-;ITAU UNIBANCO S.A.;LF;False;0;-;DI;102;-;-;15/02/2028;200;50000;False;PUBLICA;-
LF0021005O9;-;BANCO SAFRA S/A;LF;False;0;-;IPCA;100;3,86;252;17/08/2026;8;50000;False;PUBLICA;-
LF0021005TH;-;BANCO SAFRA S/A;LF;False;0;-;IPCA;100;3,89;252;17/08/2026;3;50000;False;PUBLICA;-
LF0025005BT;-;ITAU UNIBANCO S.A.;LF;False;0;-;DI;101,8;-;-;15/03/2028;3;63666,67;False;PUBLICA;-
LF00210089D;-;BANCO SAFRA S/A;LF;False;0;-;IPCA;100;4,28;252;17/08/2026;8;50000;False;PUBLICA;-
LF0025003SD;-;ITAU UNIBANCO S.A.;LF;False;0;-;DI;102;-;-;15/02/2028;2600;50000;False;PUBLICA;-
LF0021004B0;-;BANCO SAFRA S/A;LF;False;0;-;IPCA;100;4,11;252;17/08/2026;10;50000;False;PUBLICA;-
LF0022001V0;-;BANCO SAFRA S/A;LF;False;0;-;IPCA;100;5,62;252;17/08/2026;5;50439,066;False;PUBLICA;-
LF0022006GM;-;BANCO SAFRA S/A;LF;False;0;-;IPCA;100;5,72;252;17/08/2026;2;50000;False;PUBLICA;-
LF002100QSG;-;BANCO SAFRA S/A;LF;False;0;-;IPCA;100;5,43;252;17/08/2026;5;50000;False;PUBLICA;-
LF002100KA3;BRBSAFLTRCN0;BANCO SAFRA S/A;LF;False;0;-;PREFIXADO;-;12,87;252;05/11/2026;8;50000;False;PUBLICA;-
LF002400PI4;-;BANCO SAFRA S/A;LF;False;0;-;IPCA;100;6,36;252;19/09/2045;1;50000;False;PUBLICA;-
LF002400HGO;-;ITAU UNIBANCO S.A.;LF;False;0;-;DI;102;-;-;15/07/2027;2400;50000;False;PUBLICA;-
LF002100F4M;-;BANCO SAFRA S/A;LF;False;0;-;IPCA;100;5,03;252;17/08/2026;7;50000;False;PUBLICA;-
LF002301G64;-;ITAU UNIBANCO S.A.;LF;False;0;-;PREFIXADO;-;14,06;252;06/03/2028;1;70000;False;PUBLICA;-
LFSC22002S8;BRITUBLFI1M4;ITAU UNIBANCO HOLDING S.A;LFSC;False;0;-;DI;100;2,4;252;29/09/9999;4;300000;False;PUBLICA;-
LFSC23006TT;BRITUBLFI1R3;ITAU UNIBANCO HOLDING S.A;LFSC;False;0;-;DI;100;1,9;252;09/11/9999;1;350000;False;PUBLICA;-
LF002306E3E;-;BANCO SAFRA S/A;LF;False;0;-;DI;108,25;-;-;23/08/2027;80;50000;False;PUBLICA;-
LF0024005KC;-;BANCO SAFRA S/A;LF;False;0;-;PREFIXADO;-;10,13;252;13/02/2030;1;60000;False;PUBLICA;-
LF0024008DQ;-;ITAU UNIBANCO S.A.;LF;False;0;-;PREFIXADO;-;10,63;252;20/03/2028;1;100000;False;PUBLICA;-
LF0025003VI;-;ITAU UNIBANCO S.A.;LF;False;0;-;DI;102;-;-;15/02/2028;20;50000;False;PUBLICA;-
LF0022008G1;-;BANCO SAFRA S/A;LF;False;0;-;IPCA;100;6,09;252;17/08/2026;1;50000;False;PUBLICA;-
LF00250089C;-;ITAU UNIBANCO S.A.;LF;False;0;-;PREFIXADO;-;14,61;252;24/03/2027;40;50000;False;PUBLICA;-
LF002400DI2;-;BANCO BRADESCO S/A;LF;False;0;-;IPCA;100;5,95;252;15/05/2035;4;50000;False;PUBLICA;-
LF0024008DK;-;BANCO SAFRA S/A;LF;False;0;-;PREFIXADO;-;11,24;252;20/03/2030;6;57666,666667;False;PUBLICA;-
LF002600N0B;-;ITAU UNIBANCO S.A.;LF;False;0;-;DI;101;-;-;15/08/2029;500;50000;False;PUBLICA;-
LF002500MFY;-;ITAU UNIBANCO S.A.;LF;False;0;-;IPCA;100;8,24;252;02/10/2028;20;50000;False;PUBLICA;-
LFSN2200ANX;BRBRSRLFI3C6;BANCO DO ESTADO DO RIO GRANDE DO SUL S/A;LFSN;False;0;-;DI;100;3,5;252;16/09/2032;600;500000;False;PUBLICA;-
LF002400M01;-;BANCO SAFRA S/A;LF;False;0;-;DI;103;-;-;17/08/2026;6;50000;False;PUBLICA;-
LF002500G4Y;-;ITAU UNIBANCO S.A.;LF;False;0;-;DI;101,5;-;-;15/07/2027;28;58250;False;PUBLICA;-
LF002400L3X;-;ITAU UNIBANCO S.A.;LF;False;0;-;DI;102;-;-;16/08/2027;50;50000;False;PUBLICA;-
LF002400Q6Q;-;ITAU UNIBANCO S.A.;LF;False;0;-;DI;102;-;-;15/10/2027;34;50294,12;False;PUBLICA;-
LF002100M6T;BRBSAFLFE3C3;BANCO SAFRA S/A;LF;False;0;-;IPCA;100;5,6;252;17/08/2026;21;51000;False;PUBLICA;-
LF002400PZN;-;ITAU UNIBANCO S.A.;LF;False;0;-;DI;102;-;-;15/10/2027;26;50000;False;PUBLICA;-
LF002400O4V;-;ITAU UNIBANCO S.A.;LF;False;0;-;DI;102;-;-;15/09/2027;174;50266,22;False;PUBLICA;-
LF0021001ZM;BRBSAFLTFIW3;BANCO SAFRA S/A;LF;False;0;-;IPCA;100;3,68;252;17/08/2026;3;50000;False;PUBLICA;-
LF002400QWL;-;BANCO SAFRA S/A;LF;False;0;-;IPCA;100;6,62;252;15/05/2029;4;50000;False;PUBLICA;-
LF0021006HG;-;BANCO SAFRA S/A;LF;False;0;-;IPCA;100;3,95;252;17/08/2026;6;60000;False;PUBLICA;-
LF0021006HA;-;BANCO SAFRA S/A;LF;False;0;-;IPCA;100;3,95;252;17/08/2026;1;50000;False;PUBLICA;-
LF0025008LK;-;ITAU UNIBANCO S.A.;LF;False;0;-;IPCA;100;8,54;252;29/03/2027;58;50000;False;PUBLICA;-
LF0022008GG;-;BANCO SAFRA S/A;LF;False;0;-;IPCA;100;6,57;252;17/03/2032;1;50000;False;PUBLICA;-
LF002400XHC;-;ITAU UNIBANCO S.A.;LF;False;0;-;PREFIXADO;-;13,46;252;26/11/2026;24;50000;False;PUBLICA;-
LF002100F47;-;BANCO SAFRA S/A;LF;False;0;-;IPCA;100;5,18;252;24/09/2031;1;50000;False;PUBLICA;-
LF0021007OL;-;BANCO SAFRA S/A;LF;False;0;-;IPCA;100;4,66;252;16/06/2031;4;50000;False;PUBLICA;-
LF00210048U;-;BANCO SAFRA S/A;LF;False;0;-;IPCA;100;4,01;252;17/08/2026;1;50000;False;PUBLICA;-
LF002308522;-;BANCO SAFRA S/A;LF;False;0;-;IPCA;100;5,23;252;12/11/2029;2;50000;False;PUBLICA;-
LF0026001YN;-;ITAU UNIBANCO S.A.;LF;False;0;-;DI;101;-;-;20/01/2028;1;196000;False;PUBLICA;-
LF002400PW2;-;ITAU UNIBANCO S.A.;LF;False;0;-;DI;102;-;-;15/10/2027;70;50000;False;PUBLICA;-
LFSC2200299;BRITUBLFI1H4;ITAU UNIBANCO HOLDING S.A;LFSC;False;0;-;DI;100;2,4;252;22/09/9999;20;300000;False;PUBLICA;-
LF002100464;-;BANCO SAFRA S/A;LF;False;0;-;IPCA;100;4,03;252;17/08/2026;1;50000;False;PUBLICA;-
LF002100LP7;BRBSAFLFE0Q9;BANCO SAFRA S/A;LF;False;0;-;IPCA;100;5,55;252;17/08/2026;3;50000;False;PUBLICA;-
LF0022000GE;-;BANCO SAFRA S/A;LF;False;0;-;IPCA;100;5,77;252;17/08/2026;2;60000;False;PUBLICA;-
LF002400LT7;-;ITAU UNIBANCO S.A.;LF;False;0;-;DI;102;-;-;16/08/2027;1;112000000;False;PUBLICA;-
LF002600L9Q;-;ITAU UNIBANCO S.A.;LF;False;0;-;DI;101;-;-;15/08/2029;41;50000;False;PUBLICA;-
LFSN21003N7;BRBITALFIXH8;ITAU UNIBANCO HOLDING S.A;LFSN;False;0;-;DI;100;2;252;22/09/2031;2;400000;False;PUBLICA;-
LF002100MN7;BRBSAFLFEP13;BANCO SAFRA S/A;LF;False;0;-;IPCA;100;5,61;252;17/08/2026;5;52000;False;PUBLICA;-
LF002500BN1;-;ITAU UNIBANCO S.A.;LF;False;0;-;DI;101;-;-;15/05/2028;120;50000;False;PUBLICA;-
LF002600FO7;-;ITAU UNIBANCO S.A.;LF;False;0;-;PREFIXADO;-;13,16;252;25/05/2028;1;273000;False;PUBLICA;-
LF002400UGR;-;ITAU UNIBANCO S.A.;LF;False;0;-;DI;100;-;-;03/11/2026;1000;50000;False;PUBLICA;-
LF002200052;-;BANCO SAFRA S/A;LF;False;0;-;IPCA;100;5,59;252;17/08/2026;1;50000;False;PUBLICA;-
LF002200IQ3;-;BANCO SAFRA S/A;LF;False;0;-;IPCA;100;5,89;252;17/08/2026;6;50000;False;PUBLICA;-
LF002400UOU;-;ITAU UNIBANCO S.A.;LF;False;0;-;DI;102;-;-;05/11/2026;76;50000;False;PUBLICA;-
LF002400J1A;-;BANCO SAFRA S/A;LF;False;0;-;IPCA;100;6,02;252;15/05/2029;3;53333,333334;False;PUBLICA;-
LFSN21003T4;BRBITALFIXI6;ITAU UNIBANCO HOLDING S.A;LFSN;False;0;-;DI;100;2;252;22/09/2031;163;400000;False;PUBLICA;-
LFSC220027S;BRITUBLFI1H4;ITAU UNIBANCO HOLDING S.A;LFSC;False;0;-;DI;100;2,4;252;22/09/9999;3;300000;False;PUBLICA;-
LF002100FB7;BRCNHCLFI341;BANCO CNH INDUSTRIAL CAPITAL S/A;LF;False;0;-;IPCA;100;6,28;252;28/09/2028;2598;50000;False;PUBLICA;-
LF0022000PC;-;BANCO SAFRA S/A;LF;False;0;-;IPCA;100;5,74;252;17/08/2026;20;50000;False;PUBLICA;-
LF002100H9G;-;BANCO SAFRA S/A;LF;False;0;-;IPCA;100;5,22;252;17/08/2026;1;50000;False;PUBLICA;-
LF0022004U9;BRBSAFLNN2L5;BANCO SAFRA S/A;LF;False;0;-;DI;100;1,35;252;10/02/2027;218;50000;False;PUBLICA;-
LF002500RUV;BRJBSBLFI068;PICPAY BANK - BANCO MULTIPLO S.A;LF;False;0;-;DI;100;1,7;360;22/12/2027;40;50000;False;PUBLICA;-
LFSC22002H5;BRITUBLFI1K8;ITAU UNIBANCO HOLDING S.A;LFSC;False;0;-;DI;100;2,4;252;27/09/9999;3;300000;False;PUBLICA;-
LF002100BOR;-;BANCO SAFRA S/A;LF;False;0;-;IPCA;100;4,69;252;17/08/2026;6;50000;False;PUBLICA;-
LF0021002RG;-;BANCO SAFRA S/A;LF;False;0;-;IPCA;100;3,53;252;17/08/2026;1;50000;False;PUBLICA;-
LF002100A60;-;BANCO SAFRA S/A;LF;False;0;-;IPCA;100;4,56;252;28/07/2031;5;50000;False;PUBLICA;-
LF0021007VF;-;BANCO SAFRA S/A;LF;False;0;-;IPCA;100;4,22;252;17/08/2026;4;50000;False;PUBLICA;-
LF002400RTK;-;ITAU UNIBANCO S.A.;LF;False;0;-;DI;102;-;-;15/10/2027;158;50000;False;PUBLICA;-
LF00230306O;-;BANCO SAFRA S/A;LF;False;0;-;PREFIXADO;-;12,23;252;04/05/2027;10;50000;False;PUBLICA;-
LFSN22009A6;-;BANCO SAFRA S/A;LFSN;False;0;-;PREFIXADO;-;14,99;252;15/07/2037;4;300000;False;PUBLICA;-
LF002200EBT;-;BANCO SAFRA S/A;LF;False;0;-;IPCA;100;5,84;252;17/08/2026;1;87000;False;PUBLICA;-
LF002600H2T;-;ITAU UNIBANCO S.A.;LF;False;0;-;DI;101,5;-;-;08/06/2028;12;50000;False;PUBLICA;-
LF00210089I;-;BANCO SAFRA S/A;LF;False;0;-;IPCA;100;4,3;252;18/08/2026;1;50000;False;PUBLICA;-
LF0022007QQ;-;BANCO SAFRA S/A;LF;False;0;-;IPCA;100;6,02;252;17/08/2026;1;75000;False;PUBLICA;-
LF0021008MQ;-;BANCO SAFRA S/A;LF;False;0;-;IPCA;100;4,17;252;17/08/2026;1;60000;False;PUBLICA;-
LF002100GR9;-;BANCO SAFRA S/A;LF;False;0;-;IPCA;100;5,08;252;17/08/2026;1;50000;False;PUBLICA;-
LF002500BN0;-;ITAU UNIBANCO S.A.;LF;False;0;-;DI;101;-;-;15/05/2028;40;50000;False;PUBLICA;-
LF00210058X;-;BANCO SAFRA S/A;LF;False;0;-;IPCA;100;3,85;252;17/08/2026;40;50000;False;PUBLICA;-
LFSC22002S9;BRITUBLFI1M4;ITAU UNIBANCO HOLDING S.A;LFSC;False;0;-;DI;100;2,4;252;29/09/9999;1;300000;False;PUBLICA;-
LF002400HD0;-;ITAU UNIBANCO S.A.;LF;False;0;-;DI;102;-;-;15/07/2027;200;50000;False;PUBLICA;-
LF002400NCK;-;BANCO SAFRA S/A;LF;False;0;-;IPCA;100;6,04;252;31/08/2026;1;50000;False;PUBLICA;-
LF002100QF0;-;BANCO SAFRA S/A;LF;False;0;-;IPCA;100;5,35;252;17/08/2026;2;50000;False;PUBLICA;-
LFSC22002CV;BRITUBLFI1I2;ITAU UNIBANCO HOLDING S.A;LFSC;False;0;-;DI;100;2,4;252;23/09/9999;1;300000;False;PUBLICA;-
LF0021009FK;-;BANCO SAFRA S/A;LF;False;0;-;IPCA;100;4,15;252;17/08/2026;1;61511,09;False;PUBLICA;-
LF002600L9G;-;ITAU UNIBANCO S.A.;LF;False;0;-;DI;101;-;-;15/08/2029;280;50000;False;PUBLICA;-
LF002400OQG;-;ITAU UNIBANCO S.A.;LF;False;0;-;DI;102;-;-;15/09/2027;30;51333,34;False;PUBLICA;-
LF0021007FP;-;BANCO SAFRA S/A;LF;False;0;-;IPCA;100;3,82;252;17/08/2026;10;50000;False;PUBLICA;-
LF0025004Q7;-;BANCO SAFRA S/A;LF;False;0;-;PREFIXADO;-;14,7;252;13/08/2029;4;80000;False;PUBLICA;-
LF0021008Y2;-;BANCO SAFRA S/A;LF;False;0;-;IPCA;100;4,17;252;17/08/2026;5;50200;False;PUBLICA;-
LF002500NIX;BRJDEELFI0P3;BANCO JOHN DEERE S.A.;LF;False;0;-;DI;100;0,55;252;24/10/2029;8000;50000;False;PUBLICA;-
LF002400FCU;-;ITAU UNIBANCO S.A.;LF;False;0;-;IPCA;100;6,7;252;12/06/2034;1;1200000;False;PUBLICA;-
LF002500I1Q;-;ITAU UNIBANCO S.A.;LF;False;0;-;DI;101;-;-;14/08/2028;8;50000;False;PUBLICA;-
LF002500L7F;BRBPSALFI034;STELLANTIS FINANCIAMENTOS SOCIEDADE DE CREDITO FINANCIAMENTO E INVESTIMENTO S.A.;LF;False;0;-;DI;100;0,4;252;28/09/2027;12163;50000;False;PUBLICA;-
LFSN22006CT;BRABCBLFICY8;BANCO ABC BRASIL S.A.;LFSN;False;0;-;DI;100;2,35;252;19/05/2032;25;300000;False;PUBLICA;-
LF002400V14;BRCAMRLFI312;BANCO RCI BRASIL S.A.;LF;False;0;-;DI;100;0,35;252;07/01/2027;5863;50000;False;PUBLICA;-
LF002100F4N;-;BANCO SAFRA S/A;LF;False;0;-;IPCA;100;5,03;252;17/08/2026;3;50000;False;PUBLICA;-
LF002200HAY;-;BANCO SAFRA S/A;LF;False;0;-;IPCA;100;6,4;252;21/06/2027;10;59000;False;PUBLICA;-
LFSN21003SW;BRBITALFIXI6;ITAU UNIBANCO HOLDING S.A;LFSN;False;0;-;DI;100;2;252;22/09/2031;57;400000;False;PUBLICA;-
LF0021007FQ;-;BANCO SAFRA S/A;LF;False;0;-;IPCA;100;3,82;252;17/08/2026;4;50000;False;PUBLICA;-
LF0021006YN;-;BANCO SAFRA S/A;LF;False;0;-;IPCA;100;4,1;252;03/06/2027;1;50000;False;PUBLICA;-
LF0021004B5;-;BANCO SAFRA S/A;LF;False;0;-;IPCA;100;4,11;252;17/08/2026;1;50000;False;PUBLICA;-
LF002400NIL;-;ITAU UNIBANCO S.A.;LF;False;0;-;DI;102;-;-;15/09/2027;2259;50015,42;False;PUBLICA;-
LF002400M4X;-;BANCO SAFRA S/A;LF;False;0;-;IPCA;100;5,81;252;18/08/2026;2;50000;False;PUBLICA;-
LF002100DMN;-;BANCO SAFRA S/A;LF;False;0;-;IPCA;100;4,89;252;02/09/2027;2;50000;False;PUBLICA;-
LF0023011CM;-;ITAU UNIBANCO S.A.;LF;False;0;-;PREFIXADO;-;14,25;252;18/02/2033;1;100000;False;PUBLICA;-
LF00210096S;-;BANCO SAFRA S/A;LF;False;0;-;IPCA;100;4,15;252;17/08/2026;2;50000;False;PUBLICA;-
LF00210040X;-;BANCO SAFRA S/A;LF;False;0;-;IPCA;100;3,96;252;17/08/2026;1;50000;False;PUBLICA;-
LF002600N8V;-;ITAU UNIBANCO S.A.;LF;False;0;-;DI;101,5;-;-;15/10/2029;30;50000;False;PUBLICA;-
LF002100E5Y;BRBSAFLFNQM0;BANCO SAFRA S/A;LF;False;0;-;IPCA;100;5,9;252;11/09/2028;40;50000;False;PUBLICA;-
LF002100BAI;-;BANCO SAFRA S/A;LF;False;0;-;IPCA;100;4,67;252;17/08/2026;1;50000;False;PUBLICA;-
LFSN2301GGX;BRPINELFI586;BANCO PINE S/A;LFSN;False;0;-;DI;100;4,8;252;10/11/2033;262;300000;False;PUBLICA;-
LF0021007R5;-;BANCO SAFRA S/A;LF;False;0;-;IPCA;100;3,94;252;17/08/2026;4;50000;False;PUBLICA;-
LF002100PMF;-;BANCO SAFRA S/A;LF;False;0;-;IPCA;100;5,34;252;17/08/2026;1;50000;False;PUBLICA;-
LF002100O52;-;BANCO SAFRA S/A;LF;False;0;-;IPCA;100;5,29;252;17/08/2026;6;52166,666667;False;PUBLICA;-
LFSN21003M3;BRBITALFIXD7;ITAU UNIBANCO HOLDING S.A;LFSN;False;0;-;DI;100;2;252;21/10/2031;15;400000;False;PUBLICA;-
LF002100KZN;BRBSAFLTRE23;BANCO SAFRA S/A;LF;False;0;-;IPCA;100;5,65;252;17/08/2026;1;50000;False;PUBLICA;-
LF002400G3G;BRBSAFLNNDE9;BANCO SAFRA S/A;LF;False;0;-;DI;100;0,45;252;20/08/2026;31;50000;False;PUBLICA;-
LFSC22002MW;BRITUBLFI1L6;ITAU UNIBANCO HOLDING S.A;LFSC;False;0;-;DI;100;2,4;252;28/09/9999;3;300000;False;PUBLICA;-
LF002500A3U;-;ITAU UNIBANCO S.A.;LF;False;0;-;IPCA;100;8,7;252;14/04/2027;14;50000;False;PUBLICA;-
LF002100OOH;-;BANCO SAFRA S/A;LF;False;0;-;IPCA;100;5,32;252;17/08/2026;2;74500;False;PUBLICA;-
LF002302BI4;-;ITAU UNIBANCO S.A.;LF;False;0;-;PREFIXADO;-;13,47;252;08/04/2033;1;74318;False;PUBLICA;-
LF002600641;-;ITAU UNIBANCO S.A.;LF;False;0;-;DI;102;-;-;15/03/2029;38;50612,48;False;PUBLICA;-
LF002400LQD;-;ITAU UNIBANCO S.A.;LF;False;0;-;DI;102;-;-;16/08/2027;30;50000;False;PUBLICA;-
LF002400V8M;-;ITAU UNIBANCO S.A.;LF;False;0;-;IPCA;100;6,71;252;09/11/2026;1;500000;False;PUBLICA;-
LF002400L1O;-;ITAU UNIBANCO S.A.;LF;False;0;-;DI;102;-;-;16/08/2027;250;59320;False;PUBLICA;-
LF0021003G8;-;BANCO SAFRA S/A;LF;False;0;-;IPCA;100;4;252;17/08/2026;1;50000;False;PUBLICA;-
LF002400N9Z;-;BANCO SAFRA S/A;LF;False;0;-;IPCA;100;5,91;252;15/05/2035;3;50000;False;PUBLICA;-
LF002308GHE;-;ITAU UNIBANCO S.A.;LF;False;0;-;PREFIXADO;-;11,33;252;15/12/2033;1;50000;False;PUBLICA;-
LF0021006JV;-;BANCO SAFRA S/A;LF;False;0;-;IPCA;100;3,93;252;17/08/2026;4;50000;False;PUBLICA;-
LFSN21003NQ;BRBITALFIXG0;ITAU UNIBANCO HOLDING S.A;LFSN;False;0;-;DI;100;2;252;21/10/2031;7;400000;False;PUBLICA;-
LF0024007JA;-;BANCO SAFRA S/A;LF;False;0;-;PREFIXADO;-;10,01;252;06/03/2030;3;50000;False;PUBLICA;-
LF002200EX5;-;BANCO SAFRA S/A;LF;False;0;-;IPCA;100;6,07;252;25/05/2027;1;50000;False;PUBLICA;-
LF0021008Q2;-;BANCO SAFRA S/A;LF;False;0;-;IPCA;100;4,2;252;17/08/2026;1;50000;False;PUBLICA;-
LFSC22002CH;BRITUBLFI1I2;ITAU UNIBANCO HOLDING S.A;LFSC;False;0;-;DI;100;2,4;252;23/09/9999;1;300000;False;PUBLICA;-
LF0021005IT;-;BANCO SAFRA S/A;LF;False;0;-;IPCA;100;3,85;252;17/08/2026;1;50000;False;PUBLICA;-
LF0025002JQ;-;ITAU UNIBANCO S.A.;LF;False;0;-;IPCA;100;7,78;252;18/01/2027;20;50000;False;PUBLICA;-
LF002308GMR;-;BANCO SAFRA S/A;LF;False;0;-;PREFIXADO;-;10,15;252;14/12/2026;4;50000;False;PUBLICA;-
LFSN21003TO;BRBITALFIXI6;ITAU UNIBANCO HOLDING S.A;LFSN;False;0;-;DI;100;2;252;22/09/2031;100;400000;False;PUBLICA;-
LF0021003P5;-;BANCO SAFRA S/A;LF;False;0;-;IPCA;100;3,99;252;17/08/2026;1;749000;False;PUBLICA;-
LF0021006UT;-;BANCO SAFRA S/A;LF;False;0;-;IPCA;100;4,58;252;15/05/2035;1;50000;False;PUBLICA;-
LF002100JB4;-;BANCO SAFRA S/A;LF;False;0;-;IPCA;100;6,01;252;17/08/2026;2;65000;False;PUBLICA;-
LF002600MMJ;-;ITAU UNIBANCO S.A.;LF;False;0;-;DI;101,5;-;-;15/08/2029;90;50000;False;PUBLICA;-
LF002400DLD;-;ITAU UNIBANCO S.A.;LF;False;0;-;IPCA;100;6,11;252;21/05/2029;5;50000;False;PUBLICA;-
LF002100E86;-;BANCO SAFRA S/A;LF;False;0;-;IPCA;100;4,98;252;17/08/2026;20;50000;False;PUBLICA;-
LF002400I4I;-;BANCO SAFRA S/A;LF;False;0;-;IPCA;100;6,24;252;15/05/2029;2;55511,205;False;PUBLICA;-
LF002100FFU;-;BANCO SAFRA S/A;LF;False;0;-;IPCA;100;5,06;252;17/08/2026;3;50000;False;PUBLICA;-
LFSN21003DU;BRBITALFIX23;ITAU UNIBANCO HOLDING S.A;LFSN;False;0;-;DI;100;2;252;21/10/2031;8;400000;False;PUBLICA;-
LF002500BTP;-;BANCO SAFRA S/A;LF;False;0;-;PREFIXADO;-;13,73;252;03/10/2035;1;120000;False;PUBLICA;-
LF002400UY9;-;ITAU UNIBANCO S.A.;LF;False;0;-;PREFIXADO;-;13,12;252;06/11/2026;1;100000;False;PUBLICA;-
LF002500AET;-;ITAU UNIBANCO S.A.;LF;False;0;-;DI;101,8;-;-;15/05/2028;25;54815,8;False;PUBLICA;-
LF0025003P7;-;ITAU UNIBANCO S.A.;LF;False;0;-;DI;102;-;-;15/02/2028;74;50317,38;False;PUBLICA;-
LFSC23006O5;BRITUBLFI1Q5;ITAU UNIBANCO HOLDING S.A;LFSC;False;0;-;DI;100;1,9;252;08/11/9999;30;350000;False;PUBLICA;-
LF00210021Z;-;BANCO SAFRA S/A;LF;False;0;-;IPCA;100;4,4;252;15/05/2035;5;50000;False;PUBLICA;-
LFSN21003D2;BRBITALFIX15;ITAU UNIBANCO HOLDING S.A;LFSN;False;0;-;DI;100;2;252;22/09/2031;2;400000;False;PUBLICA;-
LF002100AXH;-;BANCO SAFRA S/A;LF;False;0;-;IPCA;100;4,57;252;17/08/2026;4;50000;False;PUBLICA;-
LF00250052X;-;ITAU UNIBANCO S.A.;LF;False;0;-;DI;101,8;-;-;15/03/2028;36;50000;False;PUBLICA;-
LF002400TUQ;-;ITAU UNIBANCO S.A.;LF;False;0;-;DI;102;-;-;16/11/2027;13;52692,31;False;PUBLICA;-
LF002600GG6;-;ITAU UNIBANCO S.A.;LF;False;0;-;DI;101,5;-;-;03/06/2030;1;526793;False;PUBLICA;-
LF0023085TY;-;BANCO SAFRA S/A;LF;False;0;-;IPCA;100;5,3;252;13/11/2028;1;50000;False;PUBLICA;-
LF002500BXP;-;ITAU UNIBANCO S.A.;LF;False;0;-;DI;101,5;-;-;15/05/2028;430;50162,8;False;PUBLICA;-
LF002400TUY;-;ITAU UNIBANCO S.A.;LF;False;0;-;DI;102;-;-;16/11/2027;5;58038;False;PUBLICA;-
LF002400K5Y;-;ITAU UNIBANCO S.A.;LF;False;0;-;DI;102;-;-;16/08/2027;468;50000;False;PUBLICA;-
LF002100H8K;-;BANCO SAFRA S/A;LF;False;0;-;IPCA;100;5,22;252;17/08/2026;2;65000;False;PUBLICA;-
LF002306HC3;-;BANCO SAFRA S/A;LF;False;0;-;DI;103;-;-;25/08/2026;40;50000;False;PUBLICA;-
LF002100I1W;-;BANCO SAFRA S/A;LF;False;0;-;IPCA;100;5,74;252;17/08/2026;1;60000;False;PUBLICA;-
LFSN22008YK;-;BANCO SAFRA S/A;LFSN;False;0;-;IPCA;-;7,6;252;29/06/2032;1;300000;False;PUBLICA;-
LF002400H4I;-;BANCO SAFRA S/A;LF;False;0;-;IPCA;100;6,34;252;15/05/2045;2;50000;False;PUBLICA;-
LF002301BUG;-;ITAU UNIBANCO S.A.;LF;False;0;-;PREFIXADO;-;14,54;252;04/03/2033;1;50000;False;PUBLICA;-
LFSC23006HK;BRITUBLFI1P7;ITAU UNIBANCO HOLDING S.A;LFSC;False;0;-;DI;100;1,9;252;07/11/9999;11;350000;False;PUBLICA;-
LF0022000OY;-;BANCO SAFRA S/A;LF;False;0;-;IPCA;100;5,74;252;17/08/2026;4;55000;False;PUBLICA;-
LF002400ZDR;-;ITAU UNIBANCO S.A.;LF;False;0;-;DI;102;-;-;15/12/2027;94;52237,5;False;PUBLICA;-
LF002100I20;-;BANCO SAFRA S/A;LF;False;0;-;IPCA;100;5,74;252;17/08/2026;2;50000;False;PUBLICA;-
LF002100D1B;-;BANCO SAFRA S/A;LF;False;0;-;IPCA;100;4,73;252;17/08/2026;6;50000;False;PUBLICA;-
LFSC22002SI;BRITUBLFI1M4;ITAU UNIBANCO HOLDING S.A;LFSC;False;0;-;DI;100;2,4;252;29/09/9999;1;300000;False;PUBLICA;-
LF002100I1V;-;BANCO SAFRA S/A;LF;False;0;-;IPCA;100;5,74;252;17/08/2026;1;50000;False;PUBLICA;-
LF002400P1X;-;ITAU UNIBANCO S.A.;LF;False;0;-;DI;102;-;-;15/09/2027;20;50000;False;PUBLICA;-
LFSN21004N2;-;BANCO SAFRA S/A;LFSN;False;0;-;PREFIXADO;-;13,8;252;20/10/2036;2;625000;False;PUBLICA;-
LF002500EX2;-;ITAU UNIBANCO S.A.;LF;False;0;-;IPCA;100;8,93;252;28/06/2027;20;50000;False;PUBLICA;-
LF002600LKC;-;ITAU UNIBANCO S.A.;LF;False;0;-;DI;101,5;-;-;15/08/2029;80;50000;False;PUBLICA;-
LF002100IR0;-;BANCO SAFRA S/A;LF;False;0;-;IPCA;100;5,85;252;17/08/2026;8;50000;False;PUBLICA;-
LF0021007VN;-;BANCO SAFRA S/A;LF;False;0;-;IPCA;100;4,22;252;17/08/2026;3;50000;False;PUBLICA;-
LF0021006PB;-;BANCO SAFRA S/A;LF;False;0;-;IPCA;100;4,02;252;17/08/2026;20;50000;False;PUBLICA;-
LF002600A8R;-;ITAU UNIBANCO S.A.;LF;False;0;-;DI;101,5;-;-;16/04/2029;400;50000;False;PUBLICA;-
LF0021004HM;-;BANCO SAFRA S/A;LF;False;0;-;IPCA;100;4,05;252;17/08/2026;1;50000;False;PUBLICA;-
LF00250052Y;-;ITAU UNIBANCO S.A.;LF;False;0;-;DI;102;-;-;17/02/2027;1306;50000;False;PUBLICA;-
LF002400KER;-;ITAU UNIBANCO S.A.;LF;False;0;-;DI;102;-;-;16/08/2027;60;50000;False;PUBLICA;-
LF002100D7O;-;BANCO SAFRA S/A;LF;False;0;-;IPCA;100;4,8;252;17/08/2026;1;50000;False;PUBLICA;-
LF002400TUN;-;ITAU UNIBANCO S.A.;LF;False;0;-;DI;102;-;-;16/11/2027;8;50000;False;PUBLICA;-
LF002100JAN;-;BANCO SAFRA S/A;LF;False;0;-;IPCA;100;6,01;252;17/08/2026;1;53000;False;PUBLICA;-
LFSN2301A55;BRBMGBLFI6K9;BANCO BMG S/A;LFSN;False;0;-;DI;100;4,2;252;06/09/2033;683;300000;False;PUBLICA;-
LF002100GUF;-;BANCO SAFRA S/A;LF;False;0;-;IPCA;100;5,07;252;17/08/2026;2;50000;False;PUBLICA;-
LF002600BIW;-;ITAU UNIBANCO S.A.;LF;False;0;-;DI;101,5;-;-;15/05/2029;1000;50000;False;PUBLICA;-
LF002400OHZ;-;ITAU UNIBANCO S.A.;LF;False;0;-;DI;102;-;-;15/09/2027;206;50000;False;PUBLICA;-
LF0021009CW;-;BANCO SAFRA S/A;LF;False;0;-;IPCA;100;4,13;252;17/08/2026;5;50000;False;PUBLICA;-
LF002100QMK;-;BANCO SAFRA S/A;LF;False;0;-;IPCA;100;5,41;252;17/08/2026;1;65000;False;PUBLICA;-
LF002100DQ9;-;BANCO SAFRA S/A;LF;False;0;-;IPCA;100;4,87;252;17/08/2026;4;50000;False;PUBLICA;-
LF002100LHF;-;BANCO SAFRA S/A;LF;False;0;-;IPCA;100;5,61;252;17/08/2026;3;63000;False;PUBLICA;-
LF002100BAK;-;BANCO SAFRA S/A;LF;False;0;-;IPCA;100;4,67;252;17/08/2026;1;50000;False;PUBLICA;-
LF002100E7B;-;BANCO SAFRA S/A;LF;False;0;-;IPCA;100;4,98;252;17/08/2026;1;60000;False;PUBLICA;-
LF0025004FC;-;ITAU UNIBANCO S.A.;LF;False;0;-;PREFIXADO;-;15,08;252;10/02/2027;1;50000;False;PUBLICA;-
LF0021006FZ;-;BANCO SAFRA S/A;LF;False;0;-;IPCA;100;3,97;252;17/08/2026;1;80000;False;PUBLICA;-
LF0021007HW;-;BANCO SAFRA S/A;LF;False;0;-;IPCA;100;3,92;252;17/08/2026;2;50000;False;PUBLICA;-
LF002100660;-;BANCO SAFRA S/A;LF;False;0;-;IPCA;100;3,88;252;17/08/2026;1;50000;False;PUBLICA;-
LF002100NQA;BRBSAFLFEVJ5;BANCO SAFRA S/A;LF;False;0;-;IPCA;100;5,36;252;17/08/2026;9;50000;False;PUBLICA;-
LF0022007H4;-;BANCO SAFRA S/A;LF;False;0;-;IPCA;100;6,49;252;07/03/2028;1;50000;False;PUBLICA;-
LF0025009TA;-;ITAU UNIBANCO S.A.;LF;False;0;-;DI;102;-;-;17/04/2028;775;51200;False;PUBLICA;-
LF002100A2C;-;BANCO SAFRA S/A;LF;False;0;-;IPCA;100;4,08;252;17/08/2026;4;70750;False;PUBLICA;-
LF002306YRW;-;BANCO SAFRA S/A;LF;False;0;-;IPCA;100;4,85;252;14/09/2027;1;50000;False;PUBLICA;-
LF002400E5T;-;BANCO SAFRA S/A;LF;False;0;-;PREFIXADO;-;11,69;252;24/05/2028;50;50000;False;PUBLICA;-
LF002400PIH;-;ITAU UNIBANCO S.A.;LF;False;0;-;DI;102;-;-;15/10/2027;47;50000;False;PUBLICA;-
LF002100JXO;BRBSAFLTR9D7;BANCO SAFRA S/A;LF;False;0;-;IPCA;100;5,61;252;17/08/2026;1;50000;False;PUBLICA;-
LF0021004OR;-;BANCO SAFRA S/A;LF;False;0;-;IPCA;100;4,17;252;17/08/2026;2;50000;False;PUBLICA;-
LF002200CXS;-;BANCO SAFRA S/A;LF;False;0;-;IPCA;100;6,18;252;29/04/2027;10;50000;False;PUBLICA;-
LF002100HJJ;-;BANCO SAFRA S/A;LF;False;0;-;IPCA;100;5,46;252;17/08/2026;1;50000;False;PUBLICA;-
LF002100HJR;-;BANCO SAFRA S/A;LF;False;0;-;IPCA;100;5,46;252;17/08/2026;1;50000;False;PUBLICA;-
LF002100QBV;-;BANCO SAFRA S/A;LF;False;0;-;IPCA;100;5,39;252;17/08/2026;2;50000;False;PUBLICA;-
LF002400HCK;-;BANCO SAFRA S/A;LF;False;0;-;IPCA;100;6,31;252;15/05/2029;4;50000;False;PUBLICA;-
LF002100D71;-;BANCO SAFRA S/A;LF;False;0;-;IPCA;100;4,8;252;17/08/2026;1;50000;False;PUBLICA;-
LF002100F49;-;BANCO SAFRA S/A;LF;False;0;-;IPCA;100;5,18;252;24/09/2031;2;50000;False;PUBLICA;-
LF002200M5W;-;BANCO SAFRA S/A;LF;False;0;-;IPCA;100;5,25;252;21/09/2026;6;50000;False;PUBLICA;-
LF0021004FR;-;BANCO SAFRA S/A;LF;False;0;-;IPCA;100;4,01;252;17/08/2026;1;50000;False;PUBLICA;-
LF002400LSY;-;ITAU UNIBANCO S.A.;LF;False;0;-;DI;102;-;-;16/08/2027;100;50000;False;PUBLICA;-
LF002100C57;-;BANCO SAFRA S/A;LF;False;0;-;IPCA;100;4,87;252;17/08/2026;2;50000;False;PUBLICA;-
LF002100G3M;-;BANCO SAFRA S/A;LF;False;0;-;IPCA;100;5,06;252;17/08/2026;1;56000;False;PUBLICA;-
LF0021003RV;-;BANCO SAFRA S/A;LF;False;0;-;IPCA;100;4;252;17/08/2026;10;50000;False;PUBLICA;-
LF0021005FU;BRDAYCLFNI97;BANCO DAYCOVAL S/A;LF;False;0;-;PREFIXADO;-;11,28;252;02/01/2031;1772;50000;False;PUBLICA;-
LF0021003IV;-;BANCO SAFRA S/A;LF;False;0;-;IPCA;100;4,89;252;25/03/2031;1;50000;False;PUBLICA;-
LF0022004UG;BRBSAFLNN2L5;BANCO SAFRA S/A;LF;False;0;-;DI;100;1,35;252;10/02/2027;106;50000;False;PUBLICA;-
LF002100GXQ;-;BANCO SAFRA S/A;LF;False;0;-;IPCA;100;5,05;252;17/08/2026;1;50000;False;PUBLICA;-
LF002400JO9;-;ITAU UNIBANCO S.A.;LF;False;0;-;PREFIXADO;-;12,03;252;24/07/2028;1;500000;False;PUBLICA;-
LF0021006JY;-;BANCO SAFRA S/A;LF;False;0;-;IPCA;100;3,95;252;17/08/2026;200;50000;False;PUBLICA;-
LF002100F29;-;BANCO SAFRA S/A;LF;False;0;-;IPCA;100;5,06;252;23/09/2031;2;52500;False;PUBLICA;-
LF0021004FS;-;BANCO SAFRA S/A;LF;False;0;-;IPCA;100;4,04;252;17/08/2026;1;50000;False;PUBLICA;-
LF002500BN3;-;ITAU UNIBANCO S.A.;LF;False;0;-;DI;101;-;-;15/05/2028;40;52502,5;False;PUBLICA;-
LF0026005XC;-;ITAU UNIBANCO S.A.;LF;False;0;-;DI;101;-;-;15/03/2029;1;9200000;False;PUBLICA;-
LF002400N7I;-;ITAU UNIBANCO S.A.;LF;False;0;-;DI;102;-;-;15/09/2027;160;50000;False;PUBLICA;-
LF0021009OC;-;BANCO SAFRA S/A;LF;False;0;-;IPCA;100;4,14;252;17/08/2026;1;60000;False;PUBLICA;-
LF002100EB8;-;BANCO SAFRA S/A;LF;False;0;-;IPCA;100;4,86;252;17/08/2026;1;80000;False;PUBLICA;-
LF002200J2N;-;BANCO SAFRA S/A;LF;False;0;-;IPCA;100;6,22;252;17/08/2026;7;53714,285715;False;PUBLICA;-
LF002100GD0;-;BANCO SAFRA S/A;LF;False;0;-;IPCA;100;5,33;252;15/05/2035;10;50000;False;PUBLICA;-
LFSN21003T3;BRBITALFIXI6;ITAU UNIBANCO HOLDING S.A;LFSN;False;0;-;DI;100;2;252;22/09/2031;50;400000;False;PUBLICA;-
LF002400OKJ;-;ITAU UNIBANCO S.A.;LF;False;0;-;IPCA;100;6,25;252;10/09/2026;1;50000;False;PUBLICA;-
LF0025009H9;-;ITAU UNIBANCO S.A.;LF;False;0;-;DI;101;-;-;17/04/2028;2;62198,5;False;PUBLICA;-
LF0021009OB;-;BANCO SAFRA S/A;LF;False;0;-;IPCA;100;4,14;252;17/08/2026;2;57350;False;PUBLICA;-
LF0024011DZ;-;ITAU UNIBANCO S.A.;LF;False;0;-;IPCA;100;8,05;252;09/12/2026;1;500000;False;PUBLICA;-
LF0021009RF;-;BANCO SAFRA S/A;LF;False;0;-;IPCA;100;4,05;252;17/08/2026;1;52000;False;PUBLICA;-
LF002307XT2;-;ITAU UNIBANCO S.A.;LF;False;0;-;PREFIXADO;-;11,41;252;23/10/2026;1;100000;False;PUBLICA;-
LF0021004U9;-;BANCO SAFRA S/A;LF;False;0;-;IPCA;100;4,13;252;17/08/2026;1;60000;False;PUBLICA;-
LF002100CTK;-;BANCO SAFRA S/A;LF;False;0;-;IPCA;100;4,94;252;17/08/2026;1;50000;False;PUBLICA;-
LF002100CIU;-;BANCO SAFRA S/A;LF;False;0;-;IPCA;100;5,17;252;17/08/2026;20;50300;False;PUBLICA;-
LF002200IQ9;-;ITAU UNIBANCO S.A.;LF;False;0;-;DI;107;-;-;15/07/2027;32;50753;False;PUBLICA;-
LF002100FZ4;-;BANCO SAFRA S/A;LF;False;0;-;IPCA;100;5,37;252;05/10/2026;14;50000;False;PUBLICA;-
LFSC220027X;BRITUBLFI1H4;ITAU UNIBANCO HOLDING S.A;LFSC;False;0;-;DI;100;2,4;252;22/09/9999;61;300000;False;PUBLICA;-
LF0025009HH;-;ITAU UNIBANCO S.A.;LF;False;0;-;DI;102;-;-;17/04/2028;1;20763529;False;PUBLICA;-
LF002400UK2;BRBCGMLFI9M8;BANCO GM S.A;LF;False;0;-;DI;100;0,35;252;13/11/2026;4000;50000;False;PUBLICA;-
LF002500937;-;ITAU UNIBANCO S.A.;LF;False;0;-;DI;101;-;-;17/04/2028;60;50000;False;PUBLICA;-
LF0026006VC;-;ITAU UNIBANCO S.A.;LF;False;0;-;DI;101,5;-;-;05/03/2031;4;50000;False;PUBLICA;-
LF002400PNB;-;BANCO SAFRA S/A;LF;False;0;-;IPCA;100;6,6;252;22/09/2027;30;50000;False;PUBLICA;-
LF002400NN3;-;ITAU UNIBANCO S.A.;LF;False;0;-;PREFIXADO;-;11,99;252;15/09/2026;40;50000;False;PUBLICA;-
LF002400HMM;-;BANCO SAFRA S/A;LF;False;0;-;IPCA;100;6,47;252;15/05/2045;1;85000;False;PUBLICA;-
LFSN22006N1;-;BANCO SAFRA S/A;LFSN;False;0;-;DI;118;-;-;02/08/2028;2;516500;False;PUBLICA;-
LF002100H1R;-;BANCO SAFRA S/A;LF;False;0;-;IPCA;100;5,15;252;17/08/2026;10;50000;False;PUBLICA;-
LF0023082AT;BRBPANLFIB83;BANCO PAN S/A;LF;False;0;-;DI;100;1,1;252;08/11/2027;665;50000;False;PUBLICA;-
LF002400T82;-;ITAU UNIBANCO S.A.;LF;False;0;-;DI;102;-;-;16/11/2027;61;50026,61;False;PUBLICA;-
LF002100F5N;-;BANCO SAFRA S/A;LF;False;0;-;IPCA;100;5,18;252;24/09/2031;1;90000;False;PUBLICA;-
LF002100QBK;-;BANCO SAFRA S/A;LF;False;0;-;IPCA;100;5,38;252;17/08/2026;10;50000;False;PUBLICA;-
LF002200MD2;-;ITAU UNIBANCO S.A.;LF;False;0;-;IPCA;100;6;252;06/09/2027;1;915000;False;PUBLICA;-
LF0021003E2;-;BANCO SAFRA S/A;LF;False;0;-;IPCA;100;3,92;252;17/08/2026;2;50000;False;PUBLICA;-
LF002400HU0;-;ITAU UNIBANCO S.A.;LF;False;0;-;PREFIXADO;-;12,39;252;04/07/2034;1;65000;False;PUBLICA;-
LF002302302;-;ITAU UNIBANCO S.A.;LF;False;0;-;PREFIXADO;-;13,22;252;28/03/2028;1;187000;False;PUBLICA;-
LF002400JJL;-;BANCO SAFRA S/A;LF;False;0;-;IPCA;100;6,12;252;15/05/2045;3;50000;False;PUBLICA;-
LF002400M4V;-;BANCO SAFRA S/A;LF;False;0;-;IPCA;100;6,35;252;15/05/2029;2;50000;False;PUBLICA;-
LF002200K1N;-;BANCO SAFRA S/A;LF;False;0;-;IPCA;100;6,62;252;16/05/2035;2;50000;False;PUBLICA;-
LF002100CFO;-;BANCO SAFRA S/A;LF;False;0;-;IPCA;100;5,16;252;17/08/2026;1;60000;False;PUBLICA;-
LF002400PW3;-;ITAU UNIBANCO S.A.;LF;False;0;-;DI;102;-;-;23/09/2026;230;50000;False;PUBLICA;-
LF002100HI4;-;BANCO SAFRA S/A;LF;False;0;-;IPCA;100;5,46;252;17/08/2026;1;51000;False;PUBLICA;-
LF002100QY4;-;BANCO SAFRA S/A;LF;False;0;-;IPCA;100;5,43;252;17/08/2026;1;93343,86;False;PUBLICA;-
LF002400TJ6;-;ITAU UNIBANCO S.A.;LF;False;0;-;DI;102;-;-;16/11/2027;24;50935,62;False;PUBLICA;-
LF002100CGA;-;BANCO SAFRA S/A;LF;False;0;-;IPCA;100;5,17;252;17/08/2026;2;50000;False;PUBLICA;-
LF002100EWE;-;BANCO SAFRA S/A;LF;False;0;-;IPCA;100;4,89;252;17/08/2026;1;50000;False;PUBLICA;-
LF002400URM;-;ITAU UNIBANCO S.A.;LF;False;0;-;DI;102;-;-;16/11/2027;58;50775,87;False;PUBLICA;-
LF002500E5C;-;ITAU UNIBANCO S.A.;LF;False;0;-;DI;101,5;-;-;12/06/2030;10;50000;False;PUBLICA;-
LF002600EM2;-;ITAU UNIBANCO S.A.;LF;False;0;-;DI;101,5;-;-;14/05/2030;5;50000;False;PUBLICA;-
LF002600MCL;-;ITAU UNIBANCO S.A.;LF;False;0;-;DI;101,5;-;-;15/08/2029;155;50000;False;PUBLICA;-
LF002600M5L;-;ITAU UNIBANCO S.A.;LF;False;0;-;DI;101,5;-;-;27/07/2029;32;50000;False;PUBLICA;-
LF002600EF8;-;ITAU UNIBANCO S.A.;LF;False;0;-;PREFIXADO;-;13,78;252;14/05/2029;1;1000000;False;PUBLICA;-
LF002400JTX;-;ITAU UNIBANCO S.A.;LF;False;0;-;DI;102;-;-;16/08/2027;228;50000;False;PUBLICA;-
LFSN2200D4B;-;BANCO SAFRA S/A;LFSN;False;0;-;IPCA;-;8,4;252;11/11/2032;1;300000;False;PUBLICA;-
LF00250052Z;-;ITAU UNIBANCO S.A.;LF;False;0;-;DI;102;-;-;15/03/2028;1440;50000;False;PUBLICA;-
LF002100CGI;-;BANCO SAFRA S/A;LF;False;0;-;IPCA;100;5,17;252;17/08/2026;1;60000;False;PUBLICA;-
LF002400ZUM;-;ITAU UNIBANCO S.A.;LF;False;0;-;DI;102;-;-;04/12/2029;3;81000;False;PUBLICA;-
LF0026003Z1;-;ITAU UNIBANCO S.A.;LF;False;0;-;PREFIXADO;-;12,31;252;05/02/2029;6;50000;False;PUBLICA;-
LF002100G2S;-;BANCO SAFRA S/A;LF;False;0;-;IPCA;100;5,06;252;17/08/2026;3;50000;False;PUBLICA;-
LF0021002VE;-;BANCO SAFRA S/A;LF;False;0;-;IPCA;100;3,49;252;17/08/2026;2;55000;False;PUBLICA;-
LF002400G1D;-;BANCO SAFRA S/A;LF;False;0;-;IPCA;100;6,29;252;15/05/2045;8;50000;False;PUBLICA;-
LF002400O8E;-;ITAU UNIBANCO S.A.;LF;False;0;-;IPCA;100;6,7;252;08/09/2026;100;50000;False;PUBLICA;-
LF002100AXK;-;BANCO SAFRA S/A;LF;False;0;-;IPCA;100;4,57;252;17/08/2026;6;50000;False;PUBLICA;-
LF0021008PY;-;BANCO SAFRA S/A;LF;False;0;-;IPCA;100;4,2;252;17/08/2026;6;50166,666667;False;PUBLICA;-
LF002500FT0;-;ITAU UNIBANCO S.A.;LF;False;0;-;IPCA;100;8,4;252;08/07/2027;1;75000;False;PUBLICA;-
LF002400JK9;-;ITAU UNIBANCO S.A.;LF;False;0;-;DI;102;-;-;16/08/2027;74;50000;False;PUBLICA;-
LFSC2200283;BRITUBLFI1H4;ITAU UNIBANCO HOLDING S.A;LFSC;False;0;-;DI;100;2,4;252;22/09/9999;30;300000;False;PUBLICA;-
LF002302IFT;-;ITAU UNIBANCO S.A.;LF;False;0;-;PREFIXADO;-;12,45;252;13/04/2028;1;500000;False;PUBLICA;-
LFSC220027P;BRITUBLFI1H4;ITAU UNIBANCO HOLDING S.A;LFSC;False;0;-;DI;100;2,4;252;22/09/9999;2;300000;False;PUBLICA;-
LF002400TZM;-;ITAU UNIBANCO S.A.;LF;False;0;-;IPCA;100;6,98;252;25/10/2029;1;10000000;False;PUBLICA;-
LF002307XT3;-;ITAU UNIBANCO S.A.;LF;False;0;-;PREFIXADO;-;12,48;252;27/10/2033;1;120000;False;PUBLICA;-
LF0021006V4;-;BANCO SAFRA S/A;LF;False;0;-;IPCA;100;3,87;252;20/08/2026;3;50000;False;PUBLICA;-
LF002600ID6;BRAGBKLFI485;BANCO AGIBANK S/A;LF;False;0;-;DI;100;0,6;252;28/06/2028;6100;50000;False;PUBLICA;-
LF002100CFE;-;BANCO SAFRA S/A;LF;False;0;-;IPCA;100;5,16;252;17/08/2026;1;52300;False;PUBLICA;-
LF002400PNC;-;BANCO SAFRA S/A;LF;False;0;-;IPCA;100;6,32;252;22/09/2026;4;50000;False;PUBLICA;-
LF0022000M2;-;BANCO SAFRA S/A;LF;False;0;-;IPCA;100;6,05;252;13/01/2032;2;50000;False;PUBLICA;-
LF002400LQH;-;ITAU UNIBANCO S.A.;LF;False;0;-;DI;102;-;-;16/08/2027;38;50000;False;PUBLICA;-
LF0021007YJ;-;BANCO SAFRA S/A;LF;False;0;-;IPCA;100;4,77;252;23/06/2031;1;50000;False;PUBLICA;-
LF0022001V5;-;BANCO SAFRA S/A;LF;False;0;-;IPCA;100;5,63;252;17/08/2026;3;63333,333334;False;PUBLICA;-
LF002100AF4;-;BANCO SAFRA S/A;LF;False;0;-;IPCA;100;4,34;252;17/08/2026;1;60000;False;PUBLICA;-
LF002100B7R;-;BANCO SAFRA S/A;LF;False;0;-;IPCA;100;4,45;252;17/08/2026;1;50000;False;PUBLICA;-
LF00210085L;-;BANCO SAFRA S/A;LF;False;0;-;IPCA;100;4,26;252;17/08/2026;2;50000;False;PUBLICA;-
LF002100BY8;-;BANCO SAFRA S/A;LF;False;0;-;IPCA;100;4,87;252;17/08/2026;2;50000;False;PUBLICA;-
LF002200EBA;-;BANCO SAFRA S/A;LF;False;0;-;IPCA;100;5,78;252;17/08/2026;1;75000;False;PUBLICA;-
LF002400ORD;BRBSAFLNNE07;BANCO SAFRA S/A;LF;False;0;-;IPCA;100;6,54;252;12/09/2031;25;50000;False;PUBLICA;-
LF002100BHO;-;BANCO SAFRA S/A;LF;False;0;-;IPCA;100;4,63;252;17/08/2026;8;50000;False;PUBLICA;-
LF0021006T2;-;BANCO SAFRA S/A;LF;False;0;-;IPCA;100;4,71;252;28/05/2031;4;50000;False;PUBLICA;-
LF002100CQP;-;BANCO SAFRA S/A;LF;False;0;-;IPCA;100;5,4;252;24/08/2026;4;50000;False;PUBLICA;-
LF002200EMA;-;BANCO SAFRA S/A;LF;False;0;-;IPCA;100;5,85;252;17/08/2026;2;50000;False;PUBLICA;-
LF002200MPI;-;BANCO SAFRA S/A;LF;False;0;-;PREFIXADO;-;12,14;252;14/09/2027;300;50000;False;PUBLICA;-
LF002400QWB;-;BANCO SAFRA S/A;LF;False;0;-;IPCA;100;6,62;252;15/05/2029;2;50000;False;PUBLICA;-
LF002100LAL;BRBSAFLTRFM5;BANCO SAFRA S/A;LF;False;0;-;IPCA;100;5,38;252;11/11/2031;1;60000;False;PUBLICA;-
LFSN21003ND;BRBITALFIXH8;ITAU UNIBANCO HOLDING S.A;LFSN;False;0;-;DI;100;2;252;22/09/2031;1;400000;False;PUBLICA;-
LF002100DIX;-;BANCO SAFRA S/A;LF;False;0;-;IPCA;100;4,84;252;17/08/2026;1;70000;False;PUBLICA;-
LF002100H2G;-;BANCO SAFRA S/A;LF;False;0;-;IPCA;100;5,15;252;17/08/2026;2;50000;False;PUBLICA;-
LF0021003GD;-;BANCO SAFRA S/A;LF;False;0;-;IPCA;100;4;252;17/08/2026;1;50000;False;PUBLICA;-
LF002400AK1;-;BANCO SAFRA S/A;LF;False;0;-;PREFIXADO;-;12;252;17/04/2029;140;50000;False;PUBLICA;-
LF0021005EZ;-;BANCO SAFRA S/A;LF;False;0;-;IPCA;100;3,79;252;17/08/2026;1;398000;False;PUBLICA;-
LFSC22002GZ;BRITUBLFI1K8;ITAU UNIBANCO HOLDING S.A;LFSC;False;0;-;DI;100;2,4;252;27/09/9999;1;300000;False;PUBLICA;-
LF002400M0B;-;ITAU UNIBANCO S.A.;LF;False;0;-;DI;102;-;-;16/08/2027;10;50000;False;PUBLICA;-
LFSN21001WI;-;BANCO SAFRA S/A;LFSN;False;0;-;PREFIXADO;-;10,76;252;10/06/2031;1;300000;False;PUBLICA;-
LFSN21003LW;BRBITALFIXC9;ITAU UNIBANCO HOLDING S.A;LFSN;False;0;-;DI;100;2;252;21/10/2031;9;400000;False;PUBLICA;-
LF00210096N;-;BANCO SAFRA S/A;LF;False;0;-;IPCA;100;4,15;252;17/08/2026;1;50000;False;PUBLICA;-
LF002400DSO;-;ITAU UNIBANCO S.A.;LF;False;0;-;IPCA;100;6,35;252;22/05/2034;1;14000000;False;PUBLICA;-
LF002100BH5;-;BANCO SAFRA S/A;LF;False;0;-;IPCA;100;4,62;252;17/08/2026;2;50000;False;PUBLICA;-
LF00210031W;-;BANCO SAFRA S/A;LF;False;0;-;IPCA;100;3,66;252;17/08/2026;10;50000;False;PUBLICA;-
LF002100IE1;-;BANCO SAFRA S/A;LF;False;0;-;IPCA;100;5,57;252;17/08/2026;1;50000;False;PUBLICA;-
LF0024012BK;-;ITAU UNIBANCO S.A.;LF;False;0;-;IPCA;100;7,42;252;12/12/2029;1;1500000;False;PUBLICA;-
LF0021007Y2;-;BANCO SAFRA S/A;LF;False;0;-;IPCA;100;4,22;252;17/08/2026;8;50000;False;PUBLICA;-
LF002100OHO;-;BANCO SAFRA S/A;LF;False;0;-;IPCA;100;5,32;252;17/08/2026;4;50000;False;PUBLICA;-
LF0025003VK;-;ITAU UNIBANCO S.A.;LF;False;0;-;DI;102;-;-;15/02/2028;260;50000;False;PUBLICA;-
LF002200EOQ;-;BANCO SAFRA S/A;LF;False;0;-;IPCA;100;6,46;252;24/05/2032;4;50750;False;PUBLICA;-
LF002200B5U;-;BANCO SAFRA S/A;LF;False;0;-;IPCA;100;6,11;252;14/04/2032;1;50000;False;PUBLICA;-
LF002400RTR;BRSCNALFI037;SCANIA BANCO S/A;LF;False;0;-;DI;100;0,4;252;19/10/2026;4000;50000;False;PUBLICA;-
LF0021007MZ;-;BANCO SAFRA S/A;LF;False;0;-;IPCA;100;3,95;252;17/08/2026;4;50000;False;PUBLICA;-
LF002200JDK;-;BANCO SAFRA S/A;LF;False;0;-;IPCA;100;6,5;252;17/08/2026;5;50000;False;PUBLICA;-
LF002600M9U;-;ITAU UNIBANCO S.A.;LF;False;0;-;DI;101,5;-;-;15/08/2029;100;50000;False;PUBLICA;-
LF0022004T9;BRBSAFLNN2L5;BANCO SAFRA S/A;LF;False;0;-;DI;100;1,35;252;10/02/2027;13;50000;False;PUBLICA;-
LF002100IE2;-;BANCO SAFRA S/A;LF;False;0;-;IPCA;100;5,57;252;17/08/2026;3;55333,333334;False;PUBLICA;-
LFSC23006T2;BRITUBLFI1R3;ITAU UNIBANCO HOLDING S.A;LFSC;False;0;-;DI;100;1,9;252;09/11/9999;9;350000;False;PUBLICA;-
LF002100E8L;-;BANCO SAFRA S/A;LF;False;0;-;IPCA;100;4,98;252;17/08/2026;7;50000;False;PUBLICA;-
LF002400LMY;-;BANCO SAFRA S/A;LF;False;0;-;DI;101,5;-;-;12/08/2030;16;50000;False;PUBLICA;-
LF00250049E;-;ITAU UNIBANCO S.A.;LF;False;0;-;IPCA;100;7,48;252;04/02/2028;1;250000;False;PUBLICA;-
LFSC22002H4;BRITUBLFI1K8;ITAU UNIBANCO HOLDING S.A;LFSC;False;0;-;DI;100;2,4;252;27/09/9999;13;300000;False;PUBLICA;-
LF0022000P7;-;BANCO SAFRA S/A;LF;False;0;-;IPCA;100;5,76;252;17/08/2026;2;50000;False;PUBLICA;-
LF002400TUT;-;ITAU UNIBANCO S.A.;LF;False;0;-;DI;102;-;-;16/11/2027;63;50317,47;False;PUBLICA;-
LF002200EE2;-;BANCO SAFRA S/A;LF;False;0;-;IPCA;100;5,83;252;17/08/2026;3;53333,333334;False;PUBLICA;-
LF002300AT0;BRDAYCLFRB09;BANCO DAYCOVAL S/A;LF;False;0;-;PREFIXADO;-;14,86;252;24/01/2033;250;50000;False;PUBLICA;-
LF002400LZJ;-;BANCO SAFRA S/A;LF;False;0;-;IPCA;100;6,4;252;16/08/2027;73;50191,780822;False;PUBLICA;-
LF002200KJQ;-;BANCO SAFRA S/A;LF;False;0;-;PREFIXADO;-;12,84;252;31/07/2028;1;50000;False;PUBLICA;-
LF002100HQ5;-;BANCO SAFRA S/A;LF;False;0;-;IPCA;100;5,46;252;18/08/2026;1;468000;False;PUBLICA;-
LF0024009TW;-;ITAU UNIBANCO S.A.;LF;False;0;-;PREFIXADO;-;10,66;252;09/04/2027;1;375000;False;PUBLICA;-
LF002400DIK;-;ITAU UNIBANCO S.A.;LF;False;0;-;DI;103;-;-;17/05/2028;500;79928;False;PUBLICA;-
LF002400DIC;-;ITAU UNIBANCO S.A.;LF;False;0;-;DI;103;-;-;17/05/2028;500;65452;False;PUBLICA;-
LF0021006NC;-;BANCO SAFRA S/A;LF;False;0;-;IPCA;100;3,96;252;17/08/2026;1;50000;False;PUBLICA;-
LF002400UYA;-;ITAU UNIBANCO S.A.;LF;False;0;-;PREFIXADO;-;13,12;252;06/11/2026;1;100000;False;PUBLICA;-
LF002100LBO;BRBSAFLTRF89;BANCO SAFRA S/A;LF;False;0;-;IPCA;100;5,57;252;17/08/2026;1;50000;False;PUBLICA;-
LF002400S4Q;-;ITAU UNIBANCO S.A.;LF;False;0;-;DI;102;-;-;15/10/2027;80;50000;False;PUBLICA;-
LF002200FLV;-;BANCO SAFRA S/A;LF;False;0;-;IPCA;100;6,81;252;31/05/2032;4;50000;False;PUBLICA;-
LF0022004TU;BRBSAFLNN2L5;BANCO SAFRA S/A;LF;False;0;-;DI;100;1,35;252;10/02/2027;36;50000;False;PUBLICA;-
LF002307V6K;-;BANCO SAFRA S/A;LF;False;0;-;PREFIXADO;-;11,69;252;19/10/2026;20;50000;False;PUBLICA;-
LF002400V15;BRCAMRLFI320;BANCO RCI BRASIL S.A.;LF;False;0;-;DI;100;0,5;252;07/11/2027;6000;50000;False;PUBLICA;-
LF002400EWR;-;BANCO SAFRA S/A;LF;False;0;-;IPCA;100;6,15;252;15/05/2045;7;50000;False;PUBLICA;-
LF002400T85;-;ITAU UNIBANCO S.A.;LF;False;0;-;DI;102;-;-;16/11/2027;18;50000;False;PUBLICA;-
LFSN21001QB;BRBSAFLFNNU0;BANCO SAFRA S/A;LFSN;False;0;-;IPCA;-;6;252;17/05/2028;6;1000000;False;PUBLICA;-
LF002500BVB;-;ITAU UNIBANCO S.A.;LF;False;0;-;DI;102;-;-;15/05/2028;1004;50000;False;PUBLICA;-
LF002200KAT;-;BANCO SAFRA S/A;LF;False;0;-;DI;107,5;-;-;26/07/2027;5;77200;False;PUBLICA;-
LF00250057B;-;ITAU UNIBANCO S.A.;LF;False;0;-;PREFIXADO;-;14,56;252;18/02/2028;5;71800;False;PUBLICA;-
LF002200ISA;-;ITAU UNIBANCO S.A.;LF;False;0;-;IPCA;100;6,2;252;28/06/2027;30;50000;False;PUBLICA;-
LF00210094L;-;BANCO SAFRA S/A;LF;False;0;-;IPCA;100;4,16;252;17/08/2026;1;75000;False;PUBLICA;-
LF002400PW8;-;ITAU UNIBANCO S.A.;LF;False;0;-;DI;101;-;-;23/09/2026;440;50000;False;PUBLICA;-
LF00260063Y;-;ITAU UNIBANCO S.A.;LF;False;0;-;DI;101;-;-;15/03/2029;102;50000;False;PUBLICA;-
LF002400KUS;BRBSAFLNNDM2;BANCO SAFRA S/A;LF;False;0;-;DI;100;0,4;252;05/10/2026;422;50000;False;PUBLICA;-
LF002500APO;-;ITAU UNIBANCO S.A.;LF;False;0;-;IPCA;100;8,16;252;22/04/2027;1;50000;False;PUBLICA;-
LF002500GJ8;-;ITAU UNIBANCO S.A.;LF;False;0;-;IPCA;100;8,93;252;22/07/2027;1;13264000;False;PUBLICA;-
LF002400LCR;-;ITAU UNIBANCO S.A.;LF;False;0;-;DI;102;-;-;16/08/2027;3;50000;False;PUBLICA;-
LF002400Q6H;-;BANCO SAFRA S/A;LF;False;0;-;IPCA;100;6,21;252;15/05/2045;1;70000;False;PUBLICA;-
LF002302VJY;-;BANCO SAFRA S/A;LF;False;0;-;PREFIXADO;-;12,16;252;26/04/2029;2;50000;False;PUBLICA;-
LF002400LZI;-;BANCO SAFRA S/A;LF;False;0;-;IPCA;100;5,85;252;15/05/2029;6;50000;False;PUBLICA;-
LF002200CJW;-;BANCO SAFRA S/A;LF;False;0;-;IPCA;100;5,79;252;17/08/2026;20;50000;False;PUBLICA;-
LF0025003PA;-;ITAU UNIBANCO S.A.;LF;False;0;-;DI;102;-;-;15/02/2028;1000;50000;False;PUBLICA;-
LF002400EWS;-;BANCO SAFRA S/A;LF;False;0;-;IPCA;100;6,15;252;15/05/2029;1;70000;False;PUBLICA;-
LF002400GVS;-;ITAU UNIBANCO S.A.;LF;False;0;-;DI;102;-;-;15/07/2027;20;50000;False;PUBLICA;-
LF002400LT6;-;ITAU UNIBANCO S.A.;LF;False;0;-;DI;102;-;-;16/08/2027;14;50000;False;PUBLICA;-
LF00260063Z;-;ITAU UNIBANCO S.A.;LF;False;0;-;DI;101,5;-;-;01/03/2028;14;50000;False;PUBLICA;-
LF002307TN5;BRBSAFLNNAY3;BANCO SAFRA S/A;LF;False;0;-;DI;107,2;-;-;13/10/2026;6;50000;False;PUBLICA;-
LFSC23006NZ;BRITUBLFI1Q5;ITAU UNIBANCO HOLDING S.A;LFSC;False;0;-;DI;100;1,9;252;08/11/9999;48;350000;False;PUBLICA;-
LF0026005XB;-;ITAU UNIBANCO S.A.;LF;False;0;-;DI;101,5;-;-;26/02/2031;20;50000;False;PUBLICA;-
LFSN2200BKP;-;BANCO SAFRA S/A;LFSN;False;0;-;IPCA;-;7,41;252;25/10/2032;20;500000;False;PUBLICA;-
LF002200LDO;-;ITAU UNIBANCO S.A.;LF;False;0;-;IGP-M;-;1,88;252;16/08/2027;1;50000;False;PUBLICA;-
LF0021008PT;-;BANCO SAFRA S/A;LF;False;0;-;IPCA;100;4,14;252;17/08/2026;1;79000;False;PUBLICA;-
LF002100K6E;BRBSAFLTRAZ8;BANCO SAFRA S/A;LF;False;0;-;IPCA;100;5,68;252;17/08/2026;5;50000;False;PUBLICA;-
LF002400PW7;-;ITAU UNIBANCO S.A.;LF;False;0;-;DI;102;-;-;15/10/2027;160;50000;False;PUBLICA;-
LF002200N88;-;BANCO SAFRA S/A;LF;False;0;-;PREFIXADO;-;12;252;26/11/2026;13;51384,615385;False;PUBLICA;-
LF002200LJY;-;BANCO SAFRA S/A;LF;False;0;-;IPCA;100;5,87;252;21/08/2028;1;50000;False;PUBLICA;-
LF002100CIL;-;BANCO SAFRA S/A;LF;False;0;-;IPCA;100;5,11;252;17/08/2026;3;50000;False;PUBLICA;-
LF002100C4X;-;BANCO SAFRA S/A;LF;False;0;-;IPCA;100;4,87;252;17/08/2026;1;50000;False;PUBLICA;-
LF002100I3A;-;BANCO SAFRA S/A;LF;False;0;-;IPCA;100;5,74;252;17/08/2026;4;50000;False;PUBLICA;-
LF0021008PL;-;BANCO SAFRA S/A;LF;False;0;-;IPCA;100;4,2;252;17/08/2026;1;56000;False;PUBLICA;-
LF002400UGS;-;ITAU UNIBANCO S.A.;LF;False;0;-;DI;102;-;-;18/11/2027;500;50000;False;PUBLICA;-
LF0025005M2;-;ITAU UNIBANCO S.A.;LF;False;0;-;DI;101;-;-;15/03/2028;94;50455,34;False;PUBLICA;-
LF002100H3P;-;BANCO SAFRA S/A;LF;False;0;-;IPCA;100;5,35;252;15/10/2026;10;50000;False;PUBLICA;-
LF002400RPL;-;ITAU UNIBANCO S.A.;LF;False;0;-;DI;102;-;-;08/10/2026;12;50000;False;PUBLICA;-
LFSN21003IS;BRBITALFIX72;ITAU UNIBANCO HOLDING S.A;LFSN;False;0;-;DI;100;2;252;22/09/2031;1;400000;False;PUBLICA;-
LF002100F1Q;-;BANCO SAFRA S/A;LF;False;0;-;IPCA;100;4,96;252;17/08/2026;1;51000;False;PUBLICA;-
LF002400NXI;-;ITAU UNIBANCO S.A.;LF;False;0;-;DI;102;-;-;15/09/2027;20;50000;False;PUBLICA;-
LFSC22002SS;BRITUBLFI1M4;ITAU UNIBANCO HOLDING S.A;LFSC;False;0;-;DI;100;2,4;252;29/09/9999;2;300000;False;PUBLICA;-
LF002100I3D;-;BANCO SAFRA S/A;LF;False;0;-;IPCA;100;5,74;252;17/08/2026;1;69000;False;PUBLICA;-
LF002100FR9;-;BANCO SAFRA S/A;LF;False;0;-;IPCA;100;5,05;252;17/08/2026;1;50000;False;PUBLICA;-
LF0022004TV;BRBSAFLNN2L5;BANCO SAFRA S/A;LF;False;0;-;DI;100;1,35;252;10/02/2027;4;50000;False;PUBLICA;-
LF0025008SS;BRBFIALFI6C4;BANCO STELLANTIS S.A.;LF;False;0;-;DI;100;0,4;252;07/04/2027;10410;50000;False;PUBLICA;-
LF0025008VQ;-;ITAU UNIBANCO S.A.;LF;False;0;-;DI;101,5;-;-;17/04/2028;100;50000;False;PUBLICA;-
LF002100F1Y;-;BANCO SAFRA S/A;LF;False;0;-;IPCA;100;4,96;252;17/08/2026;1;50000;False;PUBLICA;-
LF002400PJ1;-;ITAU UNIBANCO S.A.;LF;False;0;-;DI;102;-;-;15/10/2027;24;50000;False;PUBLICA;-
LF002400IVP;-;ITAU UNIBANCO S.A.;LF;False;0;-;DI;102;-;-;16/08/2027;88;52500;False;PUBLICA;-
LF002200CTH;-;BANCO SAFRA S/A;LF;False;0;-;IPCA;100;5,8;252;17/08/2026;1;55000;False;PUBLICA;-
LF0021002X6;-;BANCO SAFRA S/A;LF;False;0;-;IPCA;100;3,62;252;17/08/2026;1;50000;False;PUBLICA;-
LF002400BI9;-;BANCO SAFRA S/A;LF;False;0;-;IPCA;100;5,88;252;27/04/2027;64;50000;False;PUBLICA;-
LF002400XVB;-;ITAU UNIBANCO S.A.;LF;False;0;-;PREFIXADO;-;13,38;252;27/11/2026;1;100000;False;PUBLICA;-
LF002100JXR;BRBSAFLTR9C9;BANCO SAFRA S/A;LF;False;0;-;IPCA;100;5,61;252;17/08/2026;2;60000;False;PUBLICA;-
LF002400WNK;-;ITAU UNIBANCO S.A.;LF;False;0;-;IPCA;100;7,21;252;19/11/2026;1;2000000;False;PUBLICA;-
LF002600FIK;-;ITAU UNIBANCO S.A.;LF;False;0;-;DI;101,5;-;-;22/05/2029;8;50000;False;PUBLICA;-
LF002307VSR;-;BANCO SAFRA S/A;LF;False;0;-;PREFIXADO;-;11,04;252;15/10/2029;7;52857,142858;False;PUBLICA;-
LF002308GBM;-;BANCO SAFRA S/A;LF;False;0;-;DI;102,25;-;-;11/12/2026;7;50857,142858;False;PUBLICA;-
LF0025007J2;-;ITAU UNIBANCO S.A.;LF;False;0;-;PREFIXADO;-;14,61;252;18/03/2027;5;50000;False;PUBLICA;-
LF0022005B6;-;BANCO SAFRA S/A;LF;False;0;-;IPCA;100;5,74;252;17/08/2026;1;50000;False;PUBLICA;-
LF002303A7Q;-;ITAU UNIBANCO S.A.;LF;False;0;-;DI;104;-;-;15/05/2028;1;50000;False;PUBLICA;-
LF002400VED;-;ITAU UNIBANCO S.A.;LF;False;0;-;DI;102;-;-;11/11/2026;60;50000;False;PUBLICA;-
LF002600GM3;-;ITAU UNIBANCO S.A.;LF;False;0;-;DI;101,5;-;-;02/06/2031;16;60000;False;PUBLICA;-
LF00250057C;-;ITAU UNIBANCO S.A.;LF;False;0;-;PREFIXADO;-;14,56;252;18/02/2028;2;79000;False;PUBLICA;-
LF0025002D6;-;ITAU UNIBANCO S.A.;LF;False;0;-;DI;102;-;-;17/01/2028;10;50000;False;PUBLICA;-
LF0024007VN;-;ITAU UNIBANCO S.A.;LF;False;0;-;DI;102,5;-;-;15/03/2027;960;50000;False;PUBLICA;-
LF002200NYL;-;ITAU UNIBANCO S.A.;LF;False;0;-;PREFIXADO;-;12,21;252;14/10/2027;1;500000;False;PUBLICA;-
LF00250076M;-;ITAU UNIBANCO S.A.;LF;False;0;-;IPCA;100;7,91;252;15/03/2027;20;50000;False;PUBLICA;-
LF002400XVA;-;ITAU UNIBANCO S.A.;LF;False;0;-;IPCA;100;6,87;252;27/11/2026;2;50000;False;PUBLICA;-
LF002400HX2;-;BANCO SAFRA S/A;LF;False;0;-;IPCA;100;6,35;252;15/05/2045;3;50000;False;PUBLICA;-
LF002100BO7;-;BANCO SAFRA S/A;LF;False;0;-;IPCA;100;4,69;252;17/08/2026;1;50000;False;PUBLICA;-
LF00260099W;BRCCDBLFI113;BANCO SEGURO S/A;LF;False;0;-;DI;100;0,6;252;30/03/2029;3161;50000;False;PUBLICA;-
LF0025006PA;-;ITAU UNIBANCO S.A.;LF;False;0;-;IPCA;100;8,09;252;10/03/2027;30;50000;False;PUBLICA;-
LF002600NFJ;-;ITAU UNIBANCO S.A.;LF;False;0;-;DI;101,5;-;-;15/08/2029;30;50000;False;PUBLICA;-
LF0021005CZ;-;BANCO SAFRA S/A;LF;False;0;-;IPCA;100;3,82;252;17/08/2026;20;50000;False;PUBLICA;-
LF0021002CT;-;BANCO SAFRA S/A;LF;False;0;-;IPCA;100;3,58;252;17/08/2026;1;50000;False;PUBLICA;-
LF002400JJW;-;ITAU UNIBANCO S.A.;LF;False;0;-;DI;102;-;-;16/08/2027;4;65000;False;PUBLICA;-
LF002400HFM;-;BANCO SAFRA S/A;LF;False;0;-;IPCA;100;6,65;252;15/05/2035;19;52526,31579;False;PUBLICA;-
LF002100G3H;-;BANCO SAFRA S/A;LF;False;0;-;IPCA;100;5,06;252;17/08/2026;6;50000;False;PUBLICA;-
LF002100OOJ;-;BANCO SAFRA S/A;LF;False;0;-;IPCA;100;5,12;252;08/12/2026;1;65153,1;False;PUBLICA;-
LF002100G6N;-;BANCO SAFRA S/A;LF;False;0;-;IPCA;100;5,17;252;17/08/2026;1;50200;False;PUBLICA;-
LF002400IRU;-;ITAU UNIBANCO S.A.;LF;False;0;-;DI;102;-;-;16/08/2027;100;61300;False;PUBLICA;-
LF002100G6M;-;BANCO SAFRA S/A;LF;False;0;-;IPCA;100;5,48;252;06/10/2026;3;56333,333334;False;PUBLICA;-
LF002100F4H;-;BANCO SAFRA S/A;LF;False;0;-;IPCA;100;5,03;252;17/08/2026;1;50000;False;PUBLICA;-
LF002500GNU;-;ITAU UNIBANCO S.A.;LF;False;0;-;PREFIXADO;-;13,54;252;24/07/2028;4;50000;False;PUBLICA;-
LF002100FFV;-;BANCO SAFRA S/A;LF;False;0;-;IPCA;100;5,06;252;17/08/2026;1;80000;False;PUBLICA;-
LF002100I1R;-;BANCO SAFRA S/A;LF;False;0;-;IPCA;100;5,74;252;17/08/2026;1;50000;False;PUBLICA;-
LF0021004HB;-;BANCO SAFRA S/A;LF;False;0;-;IPCA;100;4,05;252;17/08/2026;12;50000;False;PUBLICA;-
LF002200FGH;-;BANCO SAFRA S/A;LF;False;0;-;IPCA;100;5,91;252;17/08/2026;12;50000;False;PUBLICA;-
LF0021003GM;-;BANCO SAFRA S/A;LF;False;0;-;IPCA;100;3,93;252;17/08/2026;1;50000;False;PUBLICA;-
LF0021006L3;-;BANCO SAFRA S/A;LF;False;0;-;IPCA;100;3,88;252;17/08/2026;2;52500;False;PUBLICA;-
LF002100959;-;BANCO SAFRA S/A;LF;False;0;-;IPCA;100;4,16;252;17/08/2026;50;50000;False;PUBLICA;-
LF002500C11;BRCNHCLFI3U1;BANCO CNH INDUSTRIAL CAPITAL S/A;LF;False;0;-;DI;100;0,35;252;17/05/2027;4600;50000;False;PUBLICA;-
LF0021003VH;-;BANCO SAFRA S/A;LF;False;0;-;IPCA;100;3,93;252;17/08/2026;4;63000;False;PUBLICA;-
LF002400OQT;-;ITAU UNIBANCO S.A.;LF;False;0;-;DI;102;-;-;15/09/2027;97;50237,12;False;PUBLICA;-
LF002600NFQ;-;ITAU UNIBANCO S.A.;LF;False;0;-;DI;101,5;-;-;15/08/2029;40;50000;False;PUBLICA;-
LF002200FMF;-;BANCO SAFRA S/A;LF;False;0;-;IPCA;100;6,02;252;17/08/2026;5;52000;False;PUBLICA;-
LF00220087Y;-;BANCO SAFRA S/A;LF;False;0;-;IPCA;100;6,01;252;17/08/2026;20;50000;False;PUBLICA;-
LFSN21003JT;BRBITALFIX80;ITAU UNIBANCO HOLDING S.A;LFSN;False;0;-;DI;100;2;252;22/09/2031;82;400000;False;PUBLICA;-
LF002400PI0;-;BANCO SAFRA S/A;LF;False;0;-;IPCA;100;6,36;252;19/09/2045;1;70000;False;PUBLICA;-
LFSC23006NX;BRITUBLFI1Q5;ITAU UNIBANCO HOLDING S.A;LFSC;False;0;-;DI;100;1,9;252;08/11/9999;3;350000;False;PUBLICA;-
LF002300GD1;-;ITAU UNIBANCO S.A.;LF;False;0;-;PREFIXADO;-;13,76;252;28/01/2033;1;50000;False;PUBLICA;-
LF002500CL9;-;ITAU UNIBANCO S.A.;LF;False;0;-;DI;101,5;-;-;15/05/2028;100;50000;False;PUBLICA;-
LF002600M9X;-;ITAU UNIBANCO S.A.;LF;False;0;-;PREFIXADO;-;13,77;252;28/07/2028;29;55850;False;PUBLICA;-
LF002400M0T;-;ITAU UNIBANCO S.A.;LF;False;0;-;IPCA;100;6,29;252;15/08/2028;28;50000;False;PUBLICA;-
LF002400IF6;-;ITAU UNIBANCO S.A.;LF;False;0;-;DI;102;-;-;15/07/2027;600;50000;False;PUBLICA;-
LF002100IQV;-;BANCO SAFRA S/A;LF;False;0;-;IPCA;100;5,85;252;17/08/2026;2;50000;False;PUBLICA;-
LF002100EVX;-;BANCO SAFRA S/A;LF;False;0;-;IPCA;100;4,89;252;17/08/2026;1;50000;False;PUBLICA;-
LF002100H80;-;BANCO SAFRA S/A;LF;False;0;-;IPCA;100;5,22;252;17/08/2026;2;50000;False;PUBLICA;-
LF002200EB8;-;BANCO SAFRA S/A;LF;False;0;-;PREFIXADO;-;13,19;252;17/05/2032;2;54500;False;PUBLICA;-
LF002100HJS;-;BANCO SAFRA S/A;LF;False;0;-;IPCA;100;5,46;252;17/08/2026;1;50000;False;PUBLICA;-
LF0022008KG;-;BANCO SAFRA S/A;LF;False;0;-;PREFIXADO;-;13,3;252;17/03/2032;2;50000;False;PUBLICA;-
LF002600H6Y;-;ITAU UNIBANCO S.A.;LF;False;0;-;PREFIXADO;-;14,64;252;09/06/2031;100;50000;False;PUBLICA;-
LF002100C4U;-;BANCO SAFRA S/A;LF;False;0;-;IPCA;100;5,15;252;15/05/2035;7;50000;False;PUBLICA;-
LF0024005ZK;-;BANCO SAFRA S/A;LF;False;0;-;DI;102,75;-;-;19/02/2030;3;50000;False;PUBLICA;-
LF002100FZB;-;BANCO SAFRA S/A;LF;False;0;-;PREFIXADO;-;11,14;252;04/10/2027;1;60000;False;PUBLICA;-
LF0025009MJ;-;ITAU UNIBANCO S.A.;LF;False;0;-;DI;101,5;-;-;17/04/2028;250;50000;False;PUBLICA;-
LF002400LCU;-;ITAU UNIBANCO S.A.;LF;False;0;-;DI;102;-;-;16/08/2027;250;50000;False;PUBLICA;-
LF002100FFR;-;BANCO SAFRA S/A;LF;False;0;-;IPCA;100;5,06;252;17/08/2026;1;75000;False;PUBLICA;-
LF002400N3F;-;ITAU UNIBANCO S.A.;LF;False;0;-;DI;102;-;-;15/09/2027;390;50000;False;PUBLICA;-
LF00210068X;-;BANCO SAFRA S/A;LF;False;0;-;IPCA;100;3,87;252;17/08/2026;1;55000;False;PUBLICA;-
LF002100PTM;-;BANCO SAFRA S/A;LF;False;0;-;IPCA;100;5,43;252;17/08/2026;1;72000;False;PUBLICA;-
LF002100HC7;-;BANCO SAFRA S/A;LF;False;0;-;IPCA;100;5,37;252;17/08/2026;1;51000;False;PUBLICA;-
LF002500LO0;-;ITAU UNIBANCO S.A.;LF;False;0;-;DI;101;-;-;27/09/2027;20;50000;False;PUBLICA;-
LF0021008Q0;-;BANCO SAFRA S/A;LF;False;0;-;IPCA;100;4,2;252;17/08/2026;1;50000;False;PUBLICA;-
LF002400P5D;-;ITAU UNIBANCO S.A.;LF;False;0;-;DI;102;-;-;15/10/2027;25;52800;False;PUBLICA;-
LF002308C5R;-;BANCO SAFRA S/A;LF;False;0;-;DI;102,5;-;-;01/12/2027;2;50000;False;PUBLICA;-
LF0022001BY;-;BANCO SAFRA S/A;LF;False;0;-;IPCA;100;5,77;252;17/08/2026;12;51666,666667;False;PUBLICA;-
LF0025005BN;-;ITAU UNIBANCO S.A.;LF;False;0;-;DI;101,8;-;-;15/03/2028;9;55000;False;PUBLICA;-
LF002302RP5;-;ITAU UNIBANCO S.A.;LF;False;0;-;PREFIXADO;-;12,38;252;26/04/2027;1;1000000;False;PUBLICA;-
LF002600ERR;-;ITAU UNIBANCO S.A.;LF;False;0;-;DI;101;-;-;15/06/2029;30;50000;False;PUBLICA;-
LF0021006IV;-;BANCO SAFRA S/A;LF;False;0;-;IPCA;100;3,89;252;17/08/2026;1;50000;False;PUBLICA;-
LF002400MYI;-;BANCO SAFRA S/A;LF;False;0;-;IPCA;100;6,01;252;25/08/2026;4;50000;False;PUBLICA;-
LF002200C39;-;ITAU UNIBANCO S.A.;LF;False;0;-;IPCA;100;5,58;252;20/04/2027;8;50000;False;PUBLICA;-
LF002400J5I;-;ITAU UNIBANCO S.A.;LF;False;0;-;DI;102;-;-;16/08/2027;140;50000;False;PUBLICA;-
LF002400N3G;-;ITAU UNIBANCO S.A.;LF;False;0;-;DI;101,5;-;-;27/08/2026;1660;50000;False;PUBLICA;-
LFSN22006HL;-;BANCO SAFRA S/A;LFSN;False;0;-;IPCA;-;7,01;252;21/05/2029;5;300000;False;PUBLICA;-
LF0022008G4;-;BANCO SAFRA S/A;LF;False;0;-;IPCA;100;6,57;252;17/03/2032;2;50000;False;PUBLICA;-
LF002400UD9;-;ITAU UNIBANCO S.A.;LF;False;0;-;DI;102;-;-;16/11/2027;3067;50009,57;False;PUBLICA;-
LF002400JYZ;-;ITAU UNIBANCO S.A.;LF;False;0;-;DI;102;-;-;16/08/2027;8;50000;False;PUBLICA;-
LF0021003RN;-;BANCO SAFRA S/A;LF;False;0;-;IPCA;100;4,49;252;15/05/2035;1;90000;False;PUBLICA;-
LF0025007NM;-;ITAU UNIBANCO S.A.;LF;False;0;-;PREFIXADO;-;14,36;252;18/03/2030;1;125000;False;PUBLICA;-
LF002400MKS;-;BANCO SAFRA S/A;LF;False;0;-;IPCA;100;6,02;252;24/08/2026;2;50000;False;PUBLICA;-
LFSC23006NW;BRITUBLFI1Q5;ITAU UNIBANCO HOLDING S.A;LFSC;False;0;-;DI;100;1,9;252;08/11/9999;1;350000;False;PUBLICA;-
LF002100D0U;-;BANCO SAFRA S/A;LF;False;0;-;IPCA;100;4,73;252;17/08/2026;3;50000;False;PUBLICA;-
LFSC23006SV;BRITUBLFI1R3;ITAU UNIBANCO HOLDING S.A;LFSC;False;0;-;DI;100;1,9;252;09/11/9999;2;350000;False;PUBLICA;-
LF002100N4H;BRBSAFLFERQ8;BANCO SAFRA S/A;LF;False;0;-;IPCA;100;5,45;252;17/08/2026;4;52000;False;PUBLICA;-
LF002600ERY;-;ITAU UNIBANCO S.A.;LF;False;0;-;DI;102;-;-;05/06/2029;40;50000;False;PUBLICA;-
LF0022008KF;-;BANCO SAFRA S/A;LF;False;0;-;IPCA;100;6,52;252;17/03/2032;1;70000;False;PUBLICA;-
LF0024000C0;-;ITAU UNIBANCO S.A.;LF;False;0;-;DI;103;-;-;17/01/2028;1;10000000;False;PUBLICA;-
LF002100EDB;BRBSAFLFNQV1;BANCO SAFRA S/A;LF;False;0;-;IPCA;100;5,66;252;14/09/2026;400;50000;False;PUBLICA;-
LF0022008JV;-;BANCO SAFRA S/A;LF;False;0;-;IPCA;100;6,02;252;17/08/2026;1;90000;False;PUBLICA;-
LF00210052B;-;BANCO SAFRA S/A;LF;False;0;-;IPCA;100;4,11;252;17/08/2026;4;51000;False;PUBLICA;-
LFSN21003K1;BRBITALFIX80;ITAU UNIBANCO HOLDING S.A;LFSN;False;0;-;DI;100;2;252;22/09/2031;14;400000;False;PUBLICA;-
LF002400H0Y;-;ITAU UNIBANCO S.A.;LF;False;0;-;DI;102;-;-;15/07/2027;20;50000;False;PUBLICA;-
LF002400TJG;-;ITAU UNIBANCO S.A.;LF;False;0;-;DI;102;-;-;16/11/2027;470;50000;False;PUBLICA;-
LF002100E2L;-;BANCO SAFRA S/A;LF;False;0;-;IPCA;100;5,28;252;15/05/2035;1;50000;False;PUBLICA;-
LF0021004JB;-;BANCO SAFRA S/A;LF;False;0;-;IPCA;100;4,11;252;17/08/2026;2;50000;False;PUBLICA;-
LF0026003I6;-;ITAU UNIBANCO S.A.;LF;False;0;-;IPCA;100;8,04;252;31/01/2028;200;50000;False;PUBLICA;-
LF002400JC5;-;ITAU UNIBANCO S.A.;LF;False;0;-;DI;102;-;-;16/08/2027;60;50000;False;PUBLICA;-
LF0022004U2;BRBSAFLNN2L5;BANCO SAFRA S/A;LF;False;0;-;DI;100;1,35;252;10/02/2027;16;50000;False;PUBLICA;-
LF002303JMQ;-;BANCO SAFRA S/A;LF;False;0;-;PREFIXADO;-;12,68;252;23/05/2029;20;50000;False;PUBLICA;-
LF002600G93;-;ITAU UNIBANCO S.A.;LF;False;0;-;IPCA;100;7,76;252;28/05/2029;5;52000;False;PUBLICA;-
LF002400BGB;-;ITAU UNIBANCO S.A.;LF;False;0;-;DI;103;-;-;17/05/2027;120;50000;False;PUBLICA;-
LF00240141C;-;ITAU UNIBANCO S.A.;LF;False;0;-;IPCA;100;8,08;252;30/12/2026;1;144000;False;PUBLICA;-
LF002100GUX;-;BANCO SAFRA S/A;LF;False;0;-;IPCA;100;5,07;252;17/08/2026;1;130000;False;PUBLICA;-
LF002100JKT;BRBSAFLTR7V3;BANCO SAFRA S/A;LF;False;0;-;IPCA;100;5,95;252;17/08/2026;1;80000;False;PUBLICA;-
LF0025008VP;-;ITAU UNIBANCO S.A.;LF;False;0;-;DI;101;-;-;17/04/2028;381;50000;False;PUBLICA;-
LF0022002EI;-;BANCO SAFRA S/A;LF;False;0;-;IPCA;100;5,65;252;17/08/2026;6;50000;False;PUBLICA;-
LF0022001NP;-;BANCO SAFRA S/A;LF;False;0;-;IPCA;100;5,74;252;17/08/2026;2;50000;False;PUBLICA;-
LF002200EUG;-;BANCO SAFRA S/A;LF;False;0;-;IPCA;100;6,13;252;15/05/2035;38;51052,631579;False;PUBLICA;-
LF002100H7X;-;BANCO SAFRA S/A;LF;False;0;-;IPCA;100;5,22;252;17/08/2026;1;61395;False;PUBLICA;-
LF002600BFY;-;BANCO SAFRA S/A;LF;False;0;-;IPCA;100;7,3;252;17/04/2030;6;50000;False;PUBLICA;-
LF002100IJP;-;BANCO SAFRA S/A;LF;False;0;-;IPCA;100;5,82;252;17/08/2026;200;50000;False;PUBLICA;-
LF002306Y05;-;BANCO BRADESCO S/A;LF;False;0;-;PREFIXADO;-;11,9;252;11/09/2028;260;50000;False;PUBLICA;-
LF002600MX6;-;ITAU UNIBANCO S.A.;LF;False;0;-;DI;101,5;-;-;15/08/2029;2000;50000;False;PUBLICA;-
LF002100JLH;BRBSAFLTR7X9;BANCO SAFRA S/A;LF;False;0;-;IPCA;100;5,95;252;17/08/2026;10;50000;False;PUBLICA;-
LF002600BHA;-;ITAU UNIBANCO S.A.;LF;False;0;-;DI;101,5;-;-;20/04/2029;13;50000;False;PUBLICA;-
LF002400N7G;-;ITAU UNIBANCO S.A.;LF;False;0;-;DI;102;-;-;15/09/2027;34;50000;False;PUBLICA;-
LF002306YRY;-;BANCO SAFRA S/A;LF;False;0;-;PREFIXADO;-;10,61;252;10/09/2029;1;70000;False;PUBLICA;-
LF002400MKY;-;BANCO SAFRA S/A;LF;False;0;-;IPCA;100;6,27;252;15/05/2029;2;50000;False;PUBLICA;-
LF002400LMX;-;BANCO SAFRA S/A;LF;False;0;-;IPCA;100;5,75;252;15/05/2045;30;50000;False;PUBLICA;-
LF002200B8N;-;BANCO SAFRA S/A;LF;False;0;-;IPCA;100;5,79;252;17/08/2026;2;50000;False;PUBLICA;-
LF002600J8O;-;ITAU UNIBANCO S.A.;LF;False;0;-;PREFIXADO;-;14,48;252;24/06/2030;5;50000;False;PUBLICA;-
LF002100I3F;-;BANCO SAFRA S/A;LF;False;0;-;IPCA;100;5,74;252;17/08/2026;1;50000;False;PUBLICA;-
LF002400O7K;-;BANCO SAFRA S/A;LF;False;0;-;IPCA;100;6,36;252;15/05/2029;6;50000;False;PUBLICA;-
LF002100DND;-;BANCO SAFRA S/A;LF;False;0;-;IPCA;100;5,06;252;15/05/2035;1;50000;False;PUBLICA;-
LF002200N1A;BRBCGMLFI8A5;BANCO GM S.A;LF;False;0;-;DI;100;1,3;252;28/09/2026;2000;50000;False;PUBLICA;-
LF002300O2V;-;ITAU UNIBANCO S.A.;LF;False;0;-;PREFIXADO;-;14,1;252;07/02/2033;1;50000;False;PUBLICA;-
LF0025009T8;-;ITAU UNIBANCO S.A.;LF;False;0;-;IPCA;100;8,73;252;09/04/2027;10;80000;False;PUBLICA;-
LF002100ID9;-;BANCO SAFRA S/A;LF;False;0;-;IPCA;100;5,37;252;26/10/2026;10;50000;False;PUBLICA;-
LF002200IJ3;-;BANCO SAFRA S/A;LF;False;0;-;IPCA;100;5,98;252;25/06/2027;1;50000;False;PUBLICA;-
LF002200CMP;-;BANCO SAFRA S/A;LF;False;0;-;IPCA;100;6,06;252;15/05/2035;8;50000;False;PUBLICA;-
LF002400T7P;-;BANCO SAFRA S/A;LF;False;0;-;IPCA;100;6,53;252;15/05/2045;1;50000;False;PUBLICA;-
LF002100NEZ;BRBSAFLFEU08;BANCO SAFRA S/A;LF;False;0;-;IPCA;100;5,56;252;17/08/2026;1;75000;False;PUBLICA;-
LF002400L56;BRBSAFLNNDP5;BANCO SAFRA S/A;LF;False;0;-;DI;100;0,4;252;08/01/2027;48;50000;False;PUBLICA;-
LFSC22002MJ;BRITUBLFI1L6;ITAU UNIBANCO HOLDING S.A;LFSC;False;0;-;DI;100;2,4;252;28/09/9999;4;300000;False;PUBLICA;-
LF002600LXD;-;ITAU UNIBANCO S.A.;LF;False;0;-;DI;101,5;-;-;15/08/2029;960;50000;False;PUBLICA;-
LF002500BGT;-;ITAU UNIBANCO S.A.;LF;False;0;-;DI;101,5;-;-;15/05/2028;1;6500000;False;PUBLICA;-
LF0021007II;-;BANCO SAFRA S/A;LF;False;0;-;IPCA;100;4,24;252;14/06/2027;1;60000;False;PUBLICA;-
LF002100FG1;-;BANCO SAFRA S/A;LF;False;0;-;IPCA;100;5,06;252;17/08/2026;18;50000;False;PUBLICA;-
LF002100DQO;-;BANCO SAFRA S/A;LF;False;0;-;IPCA;100;5,1;252;03/09/2031;5;50000;False;PUBLICA;-
LF00260063W;-;ITAU UNIBANCO S.A.;LF;False;0;-;DI;101,5;-;-;15/03/2029;1000;50000;False;PUBLICA;-
LF002400UD8;-;ITAU UNIBANCO S.A.;LF;False;0;-;DI;102;-;-;30/10/2028;2000;50000;False;PUBLICA;-
LF0021003BY;-;BANCO SAFRA S/A;LF;False;0;-;IPCA;100;3,95;252;17/08/2026;1;50000;False;PUBLICA;-
LF002100329;-;BANCO SAFRA S/A;LF;False;0;-;IPCA;100;3,66;252;17/08/2026;1;50000;False;PUBLICA;-
LF00220086S;-;BANCO SAFRA S/A;LF;False;0;-;IPCA;100;5,95;252;17/08/2026;6;50000;False;PUBLICA;-
LF002100F9R;-;BANCO SAFRA S/A;LF;False;0;-;IPCA;100;5,05;252;17/08/2026;2;50000;False;PUBLICA;-
LF002400G4J;BRBSAFLNNDE9;BANCO SAFRA S/A;LF;False;0;-;DI;100;0,45;252;20/08/2026;2;50000;False;PUBLICA;-
LF002100K6W;BRBSAFLTRA27;BANCO SAFRA S/A;LF;False;0;-;IPCA;100;5,68;252;17/08/2026;1;70000;False;PUBLICA;-
LF002400CEH;-;ITAU UNIBANCO S.A.;LF;False;0;-;DI;102,4;-;-;17/05/2027;5800;50000;False;PUBLICA;-
LFSN22009QR;-;BANCO SAFRA S/A;LFSN;False;0;-;IPCA;-;7,8;252;26/07/2032;1;5602879,94;False;PUBLICA;-
LF002100G3E;-;BANCO SAFRA S/A;LF;False;0;-;IPCA;100;5,06;252;17/08/2026;3;52000;False;PUBLICA;-
LF002400VV7;-;ITAU UNIBANCO S.A.;LF;False;0;-;IPCA;100;7,26;252;13/11/2029;1;3000000;False;PUBLICA;-
LF002100F59;-;BANCO SAFRA S/A;LF;False;0;-;IPCA;100;5,18;252;24/09/2031;1;50000;False;PUBLICA;-
LF0021003PJ;-;BANCO SAFRA S/A;LF;False;0;-;IPCA;100;4,48;252;15/05/2035;1;50000;False;PUBLICA;-
LF002400AWS;-;ITAU UNIBANCO S.A.;LF;False;0;-;IPCA;100;6,27;252;19/04/2028;1;5000000;False;PUBLICA;-
LF002100NIS;BRBSAFLFEUM1;BANCO SAFRA S/A;LF;False;0;-;IPCA;100;5,31;252;30/11/2026;1;50000;False;PUBLICA;-
LF002400SQV;-;BANCO SAFRA S/A;LF;False;0;-;IPCA;100;6,42;252;15/05/2045;1;95000;False;PUBLICA;-
LF0021006CD;-;BANCO SAFRA S/A;LF;False;0;-;IPCA;100;3,92;252;17/08/2026;1;50000;False;PUBLICA;-
LF0021009WN;-;BANCO SAFRA S/A;LF;False;0;-;IPCA;100;4,47;252;21/07/2031;1;50000;False;PUBLICA;-
LF0021008DM;-;BANCO SAFRA S/A;LF;False;0;-;IPCA;100;4,71;252;24/06/2031;2;50000;False;PUBLICA;-
LF002100CB8;-;BANCO SAFRA S/A;LF;False;0;-;IPCA;100;4,93;252;17/08/2026;1;50000;False;PUBLICA;-
LF002200KJN;-;BANCO SAFRA S/A;LF;False;0;-;IPCA;100;6,59;252;15/05/2035;1;50000;False;PUBLICA;-
LF002400ZUL;-;ITAU UNIBANCO S.A.;LF;False;0;-;DI;102;-;-;15/12/2027;75;50000;False;PUBLICA;-
LF002400PZQ;-;ITAU UNIBANCO S.A.;LF;False;0;-;DI;102;-;-;15/10/2027;3000;50000;False;PUBLICA;-
LFSN21003LX;BRBITALFIXB1;ITAU UNIBANCO HOLDING S.A;LFSN;False;0;-;DI;100;2;252;22/09/2031;4;400000;False;PUBLICA;-
LF002400O4T;-;ITAU UNIBANCO S.A.;LF;False;0;-;DI;102;-;-;15/09/2027;148;50000;False;PUBLICA;-
LF0025000TD;-;ITAU UNIBANCO S.A.;LF;False;0;-;DI;102;-;-;16/11/2027;3;50977,92;False;PUBLICA;-
LF002400DWZ;-;BANCO SAFRA S/A;LF;False;0;-;IPCA;100;6,05;252;15/05/2045;1;50000;False;PUBLICA;-
LF0025004FD;-;ITAU UNIBANCO S.A.;LF;False;0;-;PREFIXADO;-;15,08;252;10/02/2027;1;50000;False;PUBLICA;-
LF002400DIJ;-;ITAU UNIBANCO S.A.;LF;False;0;-;DI;103;-;-;17/05/2028;500;60354;False;PUBLICA;-
LF002301N44;-;ITAU UNIBANCO S.A.;LF;False;0;-;IPCA;100;6,16;252;14/03/2028;1;320000;False;PUBLICA;-
LF002400DIB;-;ITAU UNIBANCO S.A.;LF;False;0;-;DI;103;-;-;17/05/2028;50;71360;False;PUBLICA;-
LF0021001T7;BRBSAFLTFGZ0;BANCO SAFRA S/A;LF;False;0;-;IPCA;100;3,36;252;17/08/2026;3;109000;False;PUBLICA;-
LF0021002WP;-;BANCO SAFRA S/A;LF;False;0;-;IPCA;100;3,62;252;17/08/2026;3;50000;False;PUBLICA;-
LF002200BLY;-;BANCO SAFRA S/A;LF;False;0;-;IPCA;100;5,91;252;19/04/2027;6;50000;False;PUBLICA;-
LF002100BHG;-;BANCO SAFRA S/A;LF;False;0;-;IPCA;100;4,63;252;17/08/2026;6;52833,333334;False;PUBLICA;-
LF002400IRP;-;ITAU UNIBANCO S.A.;LF;False;0;-;DI;102;-;-;15/07/2027;30;60000;False;PUBLICA;-
LF002100B89;-;BANCO SAFRA S/A;LF;False;0;-;IPCA;100;4,25;252;17/08/2026;1;205000;False;PUBLICA;-
LF002304R56;BRBBDCLFCEL8;BANCO BRADESCO S/A;LF;False;0;-;DI;105;-;-;03/07/2028;72;50000;False;PUBLICA;-
LF0025005M5;-;ITAU UNIBANCO S.A.;LF;False;0;-;DI;101,8;-;-;15/03/2028;34;50000;False;PUBLICA;-
LF0021008MW;-;BANCO SAFRA S/A;LF;False;0;-;IPCA;100;4,17;252;17/08/2026;1;50000;False;PUBLICA;-
LF0021006N1;-;BANCO SAFRA S/A;LF;False;0;-;IPCA;100;3,97;252;17/08/2026;1;522500;False;PUBLICA;-
LF002600NLP;-;ITAU UNIBANCO S.A.;LF;False;0;-;DI;101,5;-;-;15/08/2029;800;50000;False;PUBLICA;-
LFSC220027W;BRITUBLFI1H4;ITAU UNIBANCO HOLDING S.A;LFSC;False;0;-;DI;100;2,4;252;22/09/9999;3;300000;False;PUBLICA;-
LF002400KV9;BRBSAFLNNDM2;BANCO SAFRA S/A;LF;False;0;-;DI;100;0,4;252;05/10/2026;61;50000;False;PUBLICA;-
LF002400RTH;-;ITAU UNIBANCO S.A.;LF;False;0;-;DI;102;-;-;15/10/2027;80;52375;False;PUBLICA;-
LF002400BIC;-;ITAU UNIBANCO S.A.;LF;False;0;-;IPCA;100;6,08;252;25/04/2028;1;200000;False;PUBLICA;-
LF002200GTZ;-;BANCO SAFRA S/A;LF;False;0;-;IPCA;100;6,17;252;15/05/2035;3;50000;False;PUBLICA;-
LF00220076W;-;BANCO SAFRA S/A;LF;False;0;-;IPCA;100;5,97;252;03/03/2027;6;50000;False;PUBLICA;-
LF002400G1H;-;BANCO SAFRA S/A;LF;False;0;-;PREFIXADO;-;11,64;252;19/06/2028;3;50000;False;PUBLICA;-
LF002100ABX;-;BANCO SAFRA S/A;LF;False;0;-;IPCA;100;4,27;252;17/08/2026;10;50000;False;PUBLICA;-
LF002400R7M;-;ITAU UNIBANCO S.A.;LF;False;0;-;DI;102;-;-;15/10/2027;480;50000;False;PUBLICA;-
LF002100IYR;-;BANCO SAFRA S/A;LF;False;0;-;IPCA;100;5,89;252;17/08/2026;1;50000;False;PUBLICA;-
LF0021008LZ;-;BANCO SAFRA S/A;LF;False;0;-;IPCA;100;4,17;252;17/08/2026;1;60000;False;PUBLICA;-
LF002200AQ7;-;BANCO SAFRA S/A;LF;False;0;-;IPCA;100;5,64;252;07/04/2027;1;50000;False;PUBLICA;-
LF002400ZDO;-;ITAU UNIBANCO S.A.;LF;False;0;-;DI;102;-;-;15/12/2027;5;52000;False;PUBLICA;-
LF0021002LK;-;BANCO SAFRA S/A;LF;False;0;-;IPCA;100;3,51;252;17/08/2026;4;50000;False;PUBLICA;-
LF002500A12;-;ITAU UNIBANCO S.A.;LF;False;0;-;IPCA;100;8,78;252;12/04/2027;10;140600;False;PUBLICA;-
LF002301UO4;-;ITAU UNIBANCO S.A.;LF;False;0;-;PREFIXADO;-;13,57;252;20/03/2028;1;100000;False;PUBLICA;-
LF0022004TR;BRBSAFLNN2L5;BANCO SAFRA S/A;LF;False;0;-;DI;100;1,35;252;10/02/2027;12;50000;False;PUBLICA;-
LF002400KA8;-;ITAU UNIBANCO S.A.;LF;False;0;-;IPCA;100;6,65;252;30/07/2029;76;50000;False;PUBLICA;-
LF0021002YW;-;BANCO SAFRA S/A;LF;False;0;-;IPCA;100;3,56;252;17/08/2026;1;50000;False;PUBLICA;-
LF0021003C1;-;BANCO SAFRA S/A;LF;False;0;-;IPCA;100;3,95;252;17/08/2026;2;50000;False;PUBLICA;-
LFSN22006MZ;-;BANCO SAFRA S/A;LFSN;False;0;-;IPCA;-;6,03;252;14/08/2028;1;300000;False;PUBLICA;-
LF002200KLG;-;BANCO SAFRA S/A;LF;False;0;-;IPCA;100;6,35;252;17/08/2026;2;50000;False;PUBLICA;-
LF002400IRI;-;ITAU UNIBANCO S.A.;LF;False;0;-;DI;102;-;-;15/07/2027;16;60125;False;PUBLICA;-
LF002400XHE;-;ITAU UNIBANCO S.A.;LF;False;0;-;DI;102;-;-;26/11/2026;12;62000;False;PUBLICA;-
LF002100NFM;BRBSAFLFETB6;BANCO SAFRA S/A;LF;False;0;-;IPCA;100;5,56;252;17/08/2026;2;50000;False;PUBLICA;-
LF002400KVC;BRBSAFLNNDM2;BANCO SAFRA S/A;LF;False;0;-;DI;100;0,4;252;05/10/2026;2;50000;False;PUBLICA;-
LF002200FWE;-;BANCO SAFRA S/A;LF;False;0;-;IPCA;100;5,95;252;17/08/2026;1;50000;False;PUBLICA;-
LFSC23006T8;BRITUBLFI1R3;ITAU UNIBANCO HOLDING S.A;LFSC;False;0;-;DI;100;1,9;252;09/11/9999;10;350000;False;PUBLICA;-
LF00230584C;-;BANCO SAFRA S/A;LF;False;0;-;DI;106,5;-;-;17/07/2029;22;50000;False;PUBLICA;-
LF002200719;-;BANCO SAFRA S/A;LF;False;0;-;IPCA;100;5,89;252;17/08/2026;6;52333,333334;False;PUBLICA;-
LF002100B88;-;BANCO SAFRA S/A;LF;False;0;-;IPCA;100;4,45;252;17/08/2026;3;50000;False;PUBLICA;-
LF002600NFG;-;ITAU UNIBANCO S.A.;LF;False;0;-;DI;101,5;-;-;15/08/2029;40;50000;False;PUBLICA;-
LF00260089I;-;ITAU UNIBANCO S.A.;LF;False;0;-;DI;101,5;-;-;16/04/2029;409;50000;False;PUBLICA;-
LFSC22002BQ;BRITUBLFI1I2;ITAU UNIBANCO HOLDING S.A;LFSC;False;0;-;DI;100;2,4;252;23/09/9999;24;300000;False;PUBLICA;-
LF0024012T4;-;ITAU UNIBANCO S.A.;LF;False;0;-;IPCA;100;8,25;252;13/12/2027;1;600000;False;PUBLICA;-
LF002400GVW;-;ITAU UNIBANCO S.A.;LF;False;0;-;DI;102;-;-;15/07/2027;60;50000;False;PUBLICA;-
LF002400M4W;-;BANCO SAFRA S/A;LF;False;0;-;IPCA;100;6,35;252;15/05/2029;1;64000;False;PUBLICA;-
LF002100BFH;-;BANCO SAFRA S/A;LF;False;0;-;IPCA;100;4,64;252;17/08/2026;5;50000;False;PUBLICA;-
LF00210045N;-;BANCO SAFRA S/A;LF;False;0;-;IPCA;100;4;252;17/08/2026;2;65000;False;PUBLICA;-
LF0021001L5;BRBSAFLTFD36;BANCO SAFRA S/A;LF;False;0;-;IPCA;100;3,26;252;17/08/2026;3;50000;False;PUBLICA;-
LF0021002NR;-;BANCO SAFRA S/A;LF;False;0;-;PREFIXADO;-;9,57;252;10/03/2031;36;50000;False;PUBLICA;-
LF002100I3O;-;BANCO SAFRA S/A;LF;False;0;-;IPCA;100;5,74;252;17/08/2026;2;50000;False;PUBLICA;-
LF0025009AP;-;ITAU UNIBANCO S.A.;LF;False;0;-;IPCA;100;8,08;252;03/04/2028;1;90000;False;PUBLICA;-
LF002400K6C;-;ITAU UNIBANCO S.A.;LF;False;0;-;DI;102;-;-;16/08/2027;61;50000;False;PUBLICA;-
LFSN21003M8;BRBITALFIXD7;ITAU UNIBANCO HOLDING S.A;LFSN;False;0;-;DI;100;2;252;21/10/2031;380;400000;False;PUBLICA;-
LF002100D0P;-;BANCO SAFRA S/A;LF;False;0;-;IPCA;100;4,73;252;17/08/2026;13;51769,23077;False;PUBLICA;-
LF002400HMN;-;BANCO SAFRA S/A;LF;False;0;-;PREFIXADO;-;12,56;252;03/07/2028;100;50000;False;PUBLICA;-
LF002100IJJ;-;BANCO SAFRA S/A;LF;False;0;-;IPCA;100;5,82;252;17/08/2026;1;50000;False;PUBLICA;-
LFSC22002BI;BRITUBLFI1I2;ITAU UNIBANCO HOLDING S.A;LFSC;False;0;-;DI;100;2,4;252;23/09/9999;6;300000;False;PUBLICA;-
LF002100CGB;-;BANCO SAFRA S/A;LF;False;0;-;IPCA;100;5,17;252;17/08/2026;5;50000;False;PUBLICA;-
LFSN21003JF;BRBITALFIX80;ITAU UNIBANCO HOLDING S.A;LFSN;False;0;-;DI;100;2;252;22/09/2031;1;400000;False;PUBLICA;-
LF002400IVZ;-;ITAU UNIBANCO S.A.;LF;False;0;-;DI;102;-;-;16/08/2027;140;50000;False;PUBLICA;-
LF002100A2B;-;BANCO SAFRA S/A;LF;False;0;-;IPCA;100;4,08;252;17/08/2026;6;50700;False;PUBLICA;-
LF0021004OM;-;BANCO SAFRA S/A;LF;False;0;-;IPCA;100;4,57;252;15/05/2035;1;50000;False;PUBLICA;-
LF002100BEY;-;BANCO SAFRA S/A;LF;False;0;-;IPCA;100;4,91;252;11/08/2031;5;50000;False;PUBLICA;-
LF0021004OV;-;BANCO SAFRA S/A;LF;False;0;-;IPCA;100;4,17;252;17/08/2026;1;50000;False;PUBLICA;-
LFSN21003J6;BRBITALFIX72;ITAU UNIBANCO HOLDING S.A;LFSN;False;0;-;DI;100;2;252;22/09/2031;4;400000;False;PUBLICA;-
LF0025004QM;-;BANCO SAFRA S/A;LF;False;0;-;IPCA;100;7,58;252;12/08/2045;6;50000;False;PUBLICA;-
LF002400E8V;-;BANCO SAFRA S/A;LF;False;0;-;IPCA;100;6,06;252;15/05/2045;1;50000;False;PUBLICA;-
LFSN21003KT;BRBITALFIXA3;ITAU UNIBANCO HOLDING S.A;LFSN;False;0;-;DI;100;2;252;21/10/2031;233;400000;False;PUBLICA;-
LFSC22002BN;BRITUBLFI1I2;ITAU UNIBANCO HOLDING S.A;LFSC;False;0;-;DI;100;2,4;252;23/09/9999;1;300000;False;PUBLICA;-
LFSC22002T0;BRITUBLFI1M4;ITAU UNIBANCO HOLDING S.A;LFSC;False;0;-;DI;100;2,4;252;29/09/9999;2;300000;False;PUBLICA;-
LF002100G3D;-;BANCO SAFRA S/A;LF;False;0;-;IPCA;100;5,06;252;17/08/2026;1;67700;False;PUBLICA;-
LF002200HWH;-;BANCO SAFRA S/A;LF;False;0;-;IPCA;100;5,85;252;17/08/2026;1;50000;False;PUBLICA;-
LF002100GV3;-;BANCO SAFRA S/A;LF;False;0;-;IPCA;100;5,07;252;17/08/2026;6;50000;False;PUBLICA;-
LF002400NTN;-;ITAU UNIBANCO S.A.;LF;False;0;-;DI;102;-;-;15/09/2027;60;50000;False;PUBLICA;-
LF002600ERW;-;ITAU UNIBANCO S.A.;LF;False;0;-;DI;102;-;-;05/06/2029;40;50000;False;PUBLICA;-
LF0025009T9;-;ITAU UNIBANCO S.A.;LF;False;0;-;DI;101;-;-;17/04/2028;150;50000;False;PUBLICA;-
LF002200P87;-;BANCO SAFRA S/A;LF;False;0;-;IPCA;100;5,76;252;03/11/2026;1;50000;False;PUBLICA;-
LF002100KOZ;BRBSAFLTRCU5;BANCO SAFRA S/A;LF;False;0;-;IPCA;100;5,61;252;17/08/2026;1;54000;False;PUBLICA;-
LF002306DY0;-;BANCO SAFRA S/A;LF;False;0;-;PREFIXADO;-;10,87;252;23/08/2027;17;50000;False;PUBLICA;-
LFSC23006Y1;BRITUBLFI1R3;ITAU UNIBANCO HOLDING S.A;LFSC;False;0;-;DI;100;1,9;252;09/11/9999;10;350000;False;PUBLICA;-
LF0022008ZX;-;BANCO SAFRA S/A;LF;False;0;-;IPCA;100;5,92;252;17/08/2026;2;50000;False;PUBLICA;-
LF002100F5H;-;BANCO SAFRA S/A;LF;False;0;-;IPCA;100;5,03;252;17/08/2026;1;50000;False;PUBLICA;-
LF002400LSW;-;ITAU UNIBANCO S.A.;LF;False;0;-;DI;102;-;-;16/08/2027;20;50000;False;PUBLICA;-
LF0021009CX;-;BANCO SAFRA S/A;LF;False;0;-;IPCA;100;4,24;252;07/07/2027;1;50000;False;PUBLICA;-
LF002500BXM;-;ITAU UNIBANCO S.A.;LF;False;0;-;DI;101;-;-;15/05/2028;120;50000;False;PUBLICA;-
LF002307XHY;-;BANCO SAFRA S/A;LF;False;0;-;PREFIXADO;-;11,69;252;20/10/2027;14;50000;False;PUBLICA;-
LFSC22002CB;BRITUBLFI1I2;ITAU UNIBANCO HOLDING S.A;LFSC;False;0;-;DI;100;2,4;252;23/09/9999;2;300000;False;PUBLICA;-
LF0021006PI;-;BANCO SAFRA S/A;LF;False;0;-;IPCA;100;4,8;252;27/05/2031;1;50000;False;PUBLICA;-
LF00210076O;-;BANCO SAFRA S/A;LF;False;0;-;IPCA;100;3,79;252;17/08/2026;4;50000;False;PUBLICA;-
LF002100IQ3;-;BANCO SAFRA S/A;LF;False;0;-;IPCA;100;5,79;252;17/08/2026;1;50000;False;PUBLICA;-
LF002100GXA;-;BANCO SAFRA S/A;LF;False;0;-;IPCA;100;5,24;252;14/10/2031;2;50000;False;PUBLICA;-
LF002100CLW;-;BANCO SAFRA S/A;LF;False;0;-;IPCA;100;5,02;252;17/08/2026;1;50000;False;PUBLICA;-
LF0021003CC;BRBSAFLFNM49;BANCO SAFRA S/A;LF;False;0;-;IPCA;100;5,25;252;23/03/2027;370;50000;False;PUBLICA;-
LF002600MMT;-;ITAU UNIBANCO S.A.;LF;False;0;-;DI;101,5;-;-;15/08/2029;160;50000;False;PUBLICA;-
LF002100JEV;BRBSAFLTR789;BANCO SAFRA S/A;LF;False;0;-;IPCA;100;5,83;252;17/08/2026;5;52885,2;False;PUBLICA;-
LF002100PUH;-;BANCO SAFRA S/A;LF;False;0;-;IPCA;100;5,43;252;17/08/2026;1;50000;False;PUBLICA;-
LF0023017U7;-;ITAU UNIBANCO S.A.;LF;False;0;-;PREFIXADO;-;14,34;252;02/03/2033;1;50000;False;PUBLICA;-
LF002100CHV;-;BANCO SAFRA S/A;LF;False;0;-;IPCA;100;5,27;252;15/05/2035;1;50000;False;PUBLICA;-
LF002400O4S;-;ITAU UNIBANCO S.A.;LF;False;0;-;DI;102;-;-;15/09/2027;95;50000;False;PUBLICA;-
LFSN22008C7;-;BANCO SAFRA S/A;LFSN;False;0;-;IPCA;-;6,94;252;14/06/2032;1;300000;False;PUBLICA;-
LF0021008MO;-;BANCO SAFRA S/A;LF;False;0;-;IPCA;100;4,17;252;17/08/2026;4;50000;False;PUBLICA;-
LF002400AB8;-;BANCO BRADESCO S/A;LF;False;0;-;IPCA;100;5,83;252;15/05/2035;40;50000;False;PUBLICA;-
LF0021009PT;-;BANCO SAFRA S/A;LF;False;0;-;IPCA;100;4,14;252;17/08/2026;1;80000;False;PUBLICA;-
LF002400N3D;-;ITAU UNIBANCO S.A.;LF;False;0;-;DI;102;-;-;27/08/2026;192;100000;False;PUBLICA;-
LF002303R1A;-;BANCO SAFRA S/A;LF;False;0;-;PREFIXADO;-;11,14;252;30/05/2028;40;50000;False;PUBLICA;-
LF002100E7P;-;BANCO SAFRA S/A;LF;False;0;-;IPCA;100;4,98;252;17/08/2026;1;57000;False;PUBLICA;-
LF0025007Z4;-;ITAU UNIBANCO S.A.;LF;False;0;-;PREFIXADO;-;14,45;252;20/03/2030;30;50000;False;PUBLICA;-
LF002100IDA;-;BANCO SAFRA S/A;LF;False;0;-;IPCA;100;5,37;252;26/10/2026;20;51050;False;PUBLICA;-
LF0021009NT;-;BANCO SAFRA S/A;LF;False;0;-;IPCA;100;4,14;252;17/08/2026;4;50000;False;PUBLICA;-
LF002600H6V;-;ITAU UNIBANCO S.A.;LF;False;0;-;IPCA;100;7,98;252;09/06/2028;10;51000;False;PUBLICA;-
LF002500CDK;-;ITAU UNIBANCO S.A.;LF;False;0;-;DI;101,5;-;-;13/05/2030;2;83500;False;PUBLICA;-
LF002100GXD;-;BANCO SAFRA S/A;LF;False;0;-;IPCA;100;5,05;252;17/08/2026;1;95000;False;PUBLICA;-
LF002305AL8;-;BANCO BRADESCO S/A;LF;False;0;-;IPCA;100;5,11;252;20/07/2028;2;50000;False;PUBLICA;-
LF002100JKN;BRBSAFLTR805;BANCO SAFRA S/A;LF;False;0;-;IPCA;100;5,95;252;17/08/2026;20;50000;False;PUBLICA;-
LF0025003SF;-;ITAU UNIBANCO S.A.;LF;False;0;-;PREFIXADO;-;15,35;252;28/01/2027;20;50000;False;PUBLICA;-
LF002600HRI;-;ITAU UNIBANCO S.A.;LF;False;0;-;PREFIXADO;-;14,7;252;12/06/2029;8;62943;False;PUBLICA;-
LF002200O3F;-;BANCO SAFRA S/A;LF;False;0;-;DI;106,5;-;-;19/10/2026;20;50000;False;PUBLICA;-
LF002400DHS;-;BANCO SAFRA S/A;LF;False;0;-;IPCA;100;6;252;15/05/2029;2;50000;False;PUBLICA;-
LF0021002I7;-;BANCO SAFRA S/A;LF;False;0;-;IPCA;100;3,4;252;17/08/2026;4;50000;False;PUBLICA;-
LF002100E8C;-;BANCO SAFRA S/A;LF;False;0;-;IPCA;100;4,98;252;17/08/2026;4;50000;False;PUBLICA;-
LFSN21003I6;BRBITALFIX64;ITAU UNIBANCO HOLDING S.A;LFSN;False;0;-;DI;100;2;252;21/10/2031;44;400000;False;PUBLICA;-
LF002400R7G;-;ITAU UNIBANCO S.A.;LF;False;0;-;IPCA;100;6,58;252;01/10/2029;20;50000;False;PUBLICA;-
LF002308JKQ;-;BANCO BMG S/A;LF;False;0;-;DI;100;1,5;252;13/11/2028;93;101019,1894;False;PUBLICA;-
LF002400987;-;BANCO SAFRA S/A;LF;False;0;-;PREFIXADO;-;10,21;252;29/03/2029;3;54333,333334;False;PUBLICA;-
LF0023073V5;-;ITAU UNIBANCO S.A.;LF;False;0;-;PREFIXADO;-;11,13;252;15/09/2027;1;50000;False;PUBLICA;-
LF002100BHQ;-;BANCO SAFRA S/A;LF;False;0;-;IPCA;100;4,63;252;17/08/2026;4;50000;False;PUBLICA;-
LF002100857;-;BANCO SAFRA S/A;LF;False;0;-;IPCA;100;4,28;252;17/08/2026;10;50000;False;PUBLICA;-
LF00210061S;-;BANCO SAFRA S/A;LF;False;0;-;IPCA;100;3,87;252;17/08/2026;1;50000;False;PUBLICA;-
LF002200JRO;-;BANCO SAFRA S/A;LF;False;0;-;IPCA;100;6,45;252;17/08/2026;1;86000;False;PUBLICA;-
LF00210021F;-;BANCO SAFRA S/A;LF;False;0;-;IPCA;100;4,39;252;15/05/2035;20;50000;False;PUBLICA;-
LF00210055S;-;BANCO SAFRA S/A;LF;False;0;-;IPCA;100;4,63;252;23/04/2031;2;50000;False;PUBLICA;-
LFSN21003TV;BRBITALFIXI6;ITAU UNIBANCO HOLDING S.A;LFSN;False;0;-;DI;100;2;252;22/09/2031;15;400000;False;PUBLICA;-
LF0022007AT;-;BANCO SAFRA S/A;LF;False;0;-;IPCA;100;5,97;252;17/08/2026;4;55500;False;PUBLICA;-
LF0021009W7;-;BANCO SAFRA S/A;LF;False;0;-;IPCA;100;4,03;252;17/08/2026;4;50000;False;PUBLICA;-
LFSN240086I;BRCAMRLFI304;BANCO RCI BRASIL S.A.;LFSN;False;0;-;DI;100;1,15;252;04/11/2034;667;300000;False;PUBLICA;-
LF002100FQV;-;BANCO SAFRA S/A;LF;False;0;-;IPCA;100;5,05;252;17/08/2026;2;50000;False;PUBLICA;-
LF002200973;-;BANCO SAFRA S/A;LF;False;0;-;IPCA;100;5,79;252;17/08/2026;1;50000;False;PUBLICA;-
LFSC22002ML;BRITUBLFI1L6;ITAU UNIBANCO HOLDING S.A;LFSC;False;0;-;DI;100;2,4;252;28/09/9999;3;300000;False;PUBLICA;-
LF002400ML5;-;ITAU UNIBANCO S.A.;LF;False;0;-;IPCA;100;6,65;252;20/08/2026;100;50000;False;PUBLICA;-
LF002100GZI;-;BANCO SAFRA S/A;LF;False;0;-;IPCA;100;5,15;252;17/08/2026;1;50000;False;PUBLICA;-
LF002400NSX;-;BANCO SAFRA S/A;LF;False;0;-;IPCA;100;6,35;252;15/05/2035;1;50000;False;PUBLICA;-
LF0025002M3;-;ITAU UNIBANCO S.A.;LF;False;0;-;DI;102;-;-;15/02/2028;2700;51158,22;False;PUBLICA;-
LF002100HCY;-;BANCO SAFRA S/A;LF;False;0;-;IPCA;100;5,37;252;17/08/2026;1;50000;False;PUBLICA;-
LF002100E3Q;-;BANCO SAFRA S/A;LF;False;0;-;IPCA;100;5,12;252;17/08/2026;3;61666,666667;False;PUBLICA;-
LF0021002RC;-;BANCO SAFRA S/A;LF;False;0;-;IPCA;100;3,53;252;17/08/2026;2;59000;False;PUBLICA;-
LF0021007QW;-;BANCO SAFRA S/A;LF;False;0;-;IPCA;100;4,43;252;15/05/2035;1;50000;False;PUBLICA;-
LF0026009GP;-;ITAU UNIBANCO S.A.;LF;False;0;-;IPCA;100;7,56;252;01/04/2030;1;57779;False;PUBLICA;-
LF002500579;-;ITAU UNIBANCO S.A.;LF;False;0;-;DI;101,5;-;-;15/03/2028;9;50000;False;PUBLICA;-
LF002100IXS;-;BANCO SAFRA S/A;LF;False;0;-;IPCA;100;5,89;252;17/08/2026;2;57000;False;PUBLICA;-
LF002100GUG;-;BANCO SAFRA S/A;LF;False;0;-;IPCA;100;5,07;252;17/08/2026;2;62500;False;PUBLICA;-
LF002100AXD;-;BANCO SAFRA S/A;LF;False;0;-;IPCA;100;4,57;252;17/08/2026;1;50000;False;PUBLICA;-
LF002400V0Z;BRBFIALFI697;BANCO STELLANTIS S.A.;LF;False;0;-;DI;100;0,45;252;17/11/2026;21155;50000;False;PUBLICA;-
LF002600EY1;-;ITAU UNIBANCO S.A.;LF;False;0;-;DI;101;-;-;15/06/2029;100;50000;False;PUBLICA;-
LFSN22009KU;-;BANCO SAFRA S/A;LFSN;False;0;-;PREFIXADO;-;15,01;252;22/07/2030;1;300000;False;PUBLICA;-
LF002400LZD;-;BANCO SAFRA S/A;LF;False;0;-;IPCA;100;6,27;252;15/05/2029;1;90000;False;PUBLICA;-
LF002200DBE;-;BANCO SAFRA S/A;LF;False;0;-;IPCA;100;5,88;252;17/08/2026;4;50000;False;PUBLICA;-
LF002400R7L;-;ITAU UNIBANCO S.A.;LF;False;0;-;DI;102;-;-;15/10/2027;100;50000;False;PUBLICA;-
LF002100FEE;-;BANCO SAFRA S/A;LF;False;0;-;IPCA;100;5,06;252;17/08/2026;2;50000;False;PUBLICA;-
LFSN21003EG;BRBITALFIX56;ITAU UNIBANCO HOLDING S.A;LFSN;False;0;-;DI;100;2;252;22/09/2031;5;400000;False;PUBLICA;-
LF002600II4;-;ITAU UNIBANCO S.A.;LF;False;0;-;DI;101,5;-;-;18/06/2029;6;50000;False;PUBLICA;-
LF002100BVU;-;BANCO SAFRA S/A;LF;False;0;-;IPCA;100;4,8;252;17/08/2026;2;62500;False;PUBLICA;-
LF002600MCO;-;ITAU UNIBANCO S.A.;LF;False;0;-;DI;101;-;-;15/08/2029;174;50257,42;False;PUBLICA;-
LF002200B5M;-;BANCO SAFRA S/A;LF;False;0;-;IPCA;100;5,68;252;17/08/2026;1;59000;False;PUBLICA;-
LF002400QM0;-;BANCO SAFRA S/A;LF;False;0;-;IPCA;100;6,22;252;12/05/2045;3;50000;False;PUBLICA;-
LF002600NFO;-;ITAU UNIBANCO S.A.;LF;False;0;-;DI;101,5;-;-;15/08/2029;120;50000;False;PUBLICA;-
LF002500BH4;-;ITAU UNIBANCO S.A.;LF;False;0;-;DI;101,5;-;-;15/05/2028;179;50056;False;PUBLICA;-
LF002100E31;-;BANCO SAFRA S/A;LF;False;0;-;IPCA;100;5,12;252;17/08/2026;1;50000;False;PUBLICA;-
LF002400NI1;-;BANCO SAFRA S/A;LF;False;0;-;IPCA;100;6,41;252;15/05/2029;2;50000;False;PUBLICA;-
LF0021002TA;-;BANCO SAFRA S/A;LF;False;0;-;IPCA;100;4,16;252;15/05/2035;10;50000;False;PUBLICA;-
LF002100D77;-;BANCO SAFRA S/A;LF;False;0;-;IPCA;100;4,92;252;27/08/2031;1;50000;False;PUBLICA;-
LF002100IJ9;-;BANCO SAFRA S/A;LF;False;0;-;IPCA;100;5,82;252;17/08/2026;6;50000;False;PUBLICA;-
LF002600N8W;-;ITAU UNIBANCO S.A.;LF;False;0;-;DI;101,5;-;-;15/08/2029;2000;50000;False;PUBLICA;-
LF002400GVV;-;ITAU UNIBANCO S.A.;LF;False;0;-;DI;102;-;-;15/07/2027;12;50000;False;PUBLICA;-
LF002400PZT;-;ITAU UNIBANCO S.A.;LF;False;0;-;DI;102;-;-;15/10/2027;3000;50000;False;PUBLICA;-
LF002200DAJ;-;BANCO SAFRA S/A;LF;False;0;-;IPCA;100;6,37;252;03/05/2032;1;61000;False;PUBLICA;-
LF002200B6A;-;BANCO SAFRA S/A;LF;False;0;-;IPCA;100;5,68;252;17/08/2026;2;50000;False;PUBLICA;-
LF002200K8X;-;BANCO SAFRA S/A;LF;False;0;-;PREFIXADO;-;14,64;252;25/07/2030;6;50000;False;PUBLICA;-
LF002100FJF;-;BANCO SAFRA S/A;LF;False;0;-;IPCA;100;5,01;252;17/08/2026;1;77000;False;PUBLICA;-
LF002100AR7;-;BANCO SAFRA S/A;LF;False;0;-;IPCA;100;4,45;252;17/08/2026;1;245000;False;PUBLICA;-
LF002200JDQ;-;BANCO SAFRA S/A;LF;False;0;-;IPCA;100;6,48;252;13/07/2027;1;50000;False;PUBLICA;-
LF002600ERX;-;ITAU UNIBANCO S.A.;LF;False;0;-;DI;101;-;-;15/05/2029;440;50000;False;PUBLICA;-
LF002100K6Z;BRBSAFLTRAU9;BANCO SAFRA S/A;LF;False;0;-;IPCA;100;5,68;252;17/08/2026;2;50000;False;PUBLICA;-
LF002100DR2;-;BANCO SAFRA S/A;LF;False;0;-;IPCA;100;4,87;252;17/08/2026;2;50000;False;PUBLICA;-
LF002300O2R;-;ITAU UNIBANCO S.A.;LF;False;0;-;IPCA;100;6,71;252;03/02/2028;1;80000;False;PUBLICA;-
LF002400UY8;-;ITAU UNIBANCO S.A.;LF;False;0;-;DI;102;-;-;16/11/2027;60;50333,34;False;PUBLICA;-
LFSN21003DK;BRBITALFIX31;ITAU UNIBANCO HOLDING S.A;LFSN;False;0;-;DI;100;2;252;22/09/2031;10;400000;False;PUBLICA;-
LF0021008VA;-;BANCO SAFRA S/A;LF;False;0;-;IPCA;100;4,17;252;17/08/2026;1;50000;False;PUBLICA;-
LF002400PNA;-;BANCO SAFRA S/A;LF;False;0;-;IPCA;100;6,33;252;20/09/2045;3;50000;False;PUBLICA;-
LF002100FNP;-;BANCO SAFRA S/A;LF;False;0;-;IPCA;100;5,02;252;17/08/2026;3;50000;False;PUBLICA;-
LF0021001XH;BRBSAFLTFIH4;BANCO SAFRA S/A;LF;False;0;-;IPCA;100;3,53;252;17/08/2026;5;50000;False;PUBLICA;-
LF002301Q72;-;ITAU UNIBANCO S.A.;LF;False;0;-;PREFIXADO;-;13,23;252;16/03/2027;1;1685689;False;PUBLICA;-
LF0021005T0;-;BANCO SAFRA S/A;LF;False;0;-;IPCA;100;3,94;252;17/08/2026;16;50000;False;PUBLICA;-
LF002600MMR;-;ITAU UNIBANCO S.A.;LF;False;0;-;DI;101,5;-;-;15/05/2029;574;50000;False;PUBLICA;-
LF002400URO;-;ITAU UNIBANCO S.A.;LF;False;0;-;PREFIXADO;-;13,28;252;05/11/2027;103;50000;False;PUBLICA;-
LF00210048E;-;BANCO SAFRA S/A;LF;False;0;-;IPCA;100;4,08;252;17/08/2026;1;155000;False;PUBLICA;-
LF002400IS5;-;ITAU UNIBANCO S.A.;LF;False;0;-;PREFIXADO;-;12;252;16/07/2035;1;2200000;False;PUBLICA;-
LF002100BYM;-;BANCO SAFRA S/A;LF;False;0;-;IPCA;100;4,87;252;17/08/2026;4;50000;False;PUBLICA;-
LF002200EET;-;BANCO SAFRA S/A;LF;False;0;-;IPCA;100;6,55;252;18/05/2032;1;50000;False;PUBLICA;-
LF002400RP1;-;BANCO SAFRA S/A;LF;False;0;-;IPCA;100;6,44;252;15/05/2045;2;50000;False;PUBLICA;-
LF0021002ZJ;-;BANCO SAFRA S/A;LF;False;0;-;IPCA;100;4,18;252;15/05/2035;1;50000;False;PUBLICA;-
LF002400UK3;BRBCGMLFI9N6;BANCO GM S.A;LF;False;0;-;DI;100;0,5;252;04/11/2027;5000;50000;False;PUBLICA;-
LF0023088RI;-;ITAU UNIBANCO S.A.;LF;False;0;-;DI;103,5;-;-;15/12/2028;16;51927,46;False;PUBLICA;-
LF0023019DP;-;BANCO SAFRA S/A;LF;False;0;-;PREFIXADO;-;13,12;252;26/02/2029;1;50000;False;PUBLICA;-
LF0021001J4;BRBSAFLTFD02;BANCO SAFRA S/A;LF;False;0;-;IPCA;100;4,16;252;26/02/2031;1;60000;False;PUBLICA;-
LF002400N2X;-;BANCO SAFRA S/A;LF;False;0;-;IPCA;100;6,27;252;15/05/2029;2;50000;False;PUBLICA;-
LF002400EUI;-;BANCO SAFRA S/A;LF;False;0;-;IPCA;100;6,11;252;15/05/2045;1;56000;False;PUBLICA;-
LFSN21003HW;BRBITALFIX64;ITAU UNIBANCO HOLDING S.A;LFSN;False;0;-;DI;100;2;252;21/10/2031;2;400000;False;PUBLICA;-
LF002600L9E;-;ITAU UNIBANCO S.A.;LF;False;0;-;DI;101;-;-;15/08/2029;20;50000;False;PUBLICA;-
LF002400LZM;-;BANCO SAFRA S/A;LF;False;0;-;IPCA;100;6,27;252;15/05/2029;3;50000;False;PUBLICA;-
LFSC22002BV;BRITUBLFI1I2;ITAU UNIBANCO HOLDING S.A;LFSC;False;0;-;DI;100;2,4;252;23/09/9999;7;300000;False;PUBLICA;-
LF002100N8A;BRBSAFLFESE2;BANCO SAFRA S/A;LF;False;0;-;IPCA;100;5,42;252;26/11/2031;2;70000;False;PUBLICA;-
LF002400M4U;-;BANCO SAFRA S/A;LF;False;0;-;IPCA;100;6,35;252;15/05/2029;2;51000;False;PUBLICA;-
LF002308H3J;-;ITAU UNIBANCO S.A.;LF;False;0;-;PREFIXADO;-;10,82;252;12/12/2028;1;100000;False;PUBLICA;-
LF002100HJW;-;BANCO SAFRA S/A;LF;False;0;-;IPCA;100;5,46;252;17/08/2026;2;50000;False;PUBLICA;-
LF002100AFD;BRBSAFLFNPV3;BANCO SAFRA S/A;LF;False;0;-;IPCA;100;5,51;252;02/08/2028;100;50000;False;PUBLICA;-
LFSC22002S2;BRITUBLFI1M4;ITAU UNIBANCO HOLDING S.A;LFSC;False;0;-;DI;100;2,4;252;29/09/9999;1;300000;False;PUBLICA;-
LF0021009TT;-;BANCO SAFRA S/A;LF;False;0;-;IPCA;100;4,03;252;17/08/2026;1;50000;False;PUBLICA;-
LF002200CXT;-;BANCO SAFRA S/A;LF;False;0;-;IPCA;100;6,21;252;27/04/2028;10;50000;False;PUBLICA;-
LF002100BHA;-;BANCO SAFRA S/A;LF;False;0;-;IPCA;100;4,63;252;17/08/2026;3;51333,333334;False;PUBLICA;-
LFSN21001PL;BRBSAFLFNNR6;BANCO SAFRA S/A;LFSN;False;0;-;DI;100;2;252;15/05/2028;7;300000;False;PUBLICA;-
LF002400YS8;BRBITALFN3P0;ITAU UNIBANCO S.A.;LF;False;0;-;IPCA;100;7,37;252;02/12/2026;1;2000000;False;PUBLICA;-
LF0022001BZ;-;BANCO SAFRA S/A;LF;False;0;-;IPCA;100;5,77;252;17/08/2026;1;50000;False;PUBLICA;-
LF002500RDZ;-;ITAU UNIBANCO S.A.;LF;False;0;-;IPCA;100;7,95;252;17/12/2029;100;50000;False;PUBLICA;-
LFSN21002PW;-;BANCO SAFRA S/A;LFSN;False;0;-;IPCA;-;6,09;252;14/08/2028;2;421000;False;PUBLICA;-
LF0025001XE;-;ITAU UNIBANCO S.A.;LF;False;0;-;DI;102;-;-;17/01/2028;100;50000;False;PUBLICA;-
LFSN21003IY;BRBITALFIX64;ITAU UNIBANCO HOLDING S.A;LFSN;False;0;-;DI;100;2;252;21/10/2031;6;400000;False;PUBLICA;-
LF0025002JM;-;ITAU UNIBANCO S.A.;LF;False;0;-;IPCA;100;8,03;252;18/01/2027;1;5000000;False;PUBLICA;-
LF0022008JT;-;BANCO SAFRA S/A;LF;False;0;-;PREFIXADO;-;13,3;252;17/03/2032;1;50000;False;PUBLICA;-
LF0021006XD;-;BANCO SAFRA S/A;LF;False;0;-;IPCA;100;3,86;252;17/08/2026;5;50000;False;PUBLICA;-
LF0021005DH;-;BANCO SAFRA S/A;LF;False;0;-;IPCA;100;3,82;252;17/08/2026;1;50000;False;PUBLICA;-
LF002100G3C;-;BANCO SAFRA S/A;LF;False;0;-;IPCA;100;5,06;252;17/08/2026;2;60000;False;PUBLICA;-
LF0022006SK;-;BANCO SAFRA S/A;LF;False;0;-;IPCA;100;6,21;252;15/05/2035;25;57800;False;PUBLICA;-
LF002500532;-;ITAU UNIBANCO S.A.;LF;False;0;-;DI;101,8;-;-;15/03/2028;25;51600;False;PUBLICA;-
LF0022004TX;BRBSAFLNN2L5;BANCO SAFRA S/A;LF;False;0;-;DI;100;1,35;252;10/02/2027;23;50000;False;PUBLICA;-
LF002400NTF;-;BANCO SAFRA S/A;LF;False;0;-;IPCA;100;6,5;252;15/05/2029;4;50000;False;PUBLICA;-
LF002303R15;-;BANCO SAFRA S/A;LF;False;0;-;IPCA;100;5,34;252;30/05/2029;1;50000;False;PUBLICA;-
LFSC23006SZ;BRITUBLFI1R3;ITAU UNIBANCO HOLDING S.A;LFSC;False;0;-;DI;100;1,9;252;09/11/9999;9;350000;False;PUBLICA;-
LF00220087U;-;BANCO SAFRA S/A;LF;False;0;-;IPCA;100;6,54;252;18/03/2032;1;70000;False;PUBLICA;-
LF002200LKQ;-;ITAU UNIBANCO S.A.;LF;False;0;-;PREFIXADO;-;12,45;252;23/08/2027;1;110000;False;PUBLICA;-
LF0022007O8;-;BANCO SAFRA S/A;LF;False;0;-;IPCA;100;6,64;252;10/03/2028;1;50000;False;PUBLICA;-
LF002400T35;-;ITAU UNIBANCO S.A.;LF;False;0;-;DI;102;-;-;16/11/2027;222;50090,1;False;PUBLICA;-
LF002400YS9;-;ITAU UNIBANCO S.A.;LF;False;0;-;PREFIXADO;-;14,1;252;02/12/2026;80;50000;False;PUBLICA;-
LF002400OHW;-;ITAU UNIBANCO S.A.;LF;False;0;-;DI;102;-;-;15/09/2027;20;52000;False;PUBLICA;-
LF002100GVD;-;BANCO SAFRA S/A;LF;False;0;-;IPCA;100;5,07;252;17/08/2026;2;50000;False;PUBLICA;-
LF002400PTQ;-;BANCO SAFRA S/A;LF;False;0;-;IPCA;100;6,46;252;25/09/2045;3;50000;False;PUBLICA;-
LF0021002LI;-;BANCO SAFRA S/A;LF;False;0;-;IPCA;100;3,51;252;17/08/2026;1;50000;False;PUBLICA;-
LF002400OTH;-;ITAU UNIBANCO S.A.;LF;False;0;-;DI;102;-;-;15/09/2027;26;51533,77;False;PUBLICA;-
LF0021009NO;-;BANCO SAFRA S/A;LF;False;0;-;IPCA;100;4,14;252;17/08/2026;2;50000,41;False;PUBLICA;-
LF0024013CR;-;ITAU UNIBANCO S.A.;LF;False;0;-;PREFIXADO;-;14,78;252;18/12/2034;40;50000;False;PUBLICA;-
LFSC25002MT;BRITUBLFI1Z6;ITAU UNIBANCO HOLDING S.A;LFSC;False;0;-;DI;100;1,35;252;28/02/9999;9483;300000;False;PUBLICA;-
LF00250093D;-;ITAU UNIBANCO S.A.;LF;False;0;-;DI;101;-;-;17/04/2028;70;50000;False;PUBLICA;-
LF002100B9Q;-;BANCO SAFRA S/A;LF;False;0;-;PREFIXADO;-;11;252;07/04/2027;60;50000;False;PUBLICA;-
LF002400T2R;-;BANCO SAFRA S/A;LF;False;0;-;DI;103,25;-;-;19/10/2026;140;50000;False;PUBLICA;-
LF002600FD7;-;ITAU UNIBANCO S.A.;LF;False;0;-;DI;101;-;-;21/05/2029;22;50000;False;PUBLICA;-
LF0021005EX;-;BANCO SAFRA S/A;LF;False;0;-;IPCA;100;4,41;252;15/05/2035;2;277000;False;PUBLICA;-
LFSN21003D8;BRBITALFIX07;ITAU UNIBANCO HOLDING S.A;LFSN;False;0;-;DI;100;2;252;21/10/2031;15;400000;False;PUBLICA;-
LF002400G1E;-;BANCO SAFRA S/A;LF;False;0;-;IPCA;100;6,75;252;20/06/2029;40;50000;False;PUBLICA;-
LF002400HGH;-;ITAU UNIBANCO S.A.;LF;False;0;-;DI;102;-;-;15/07/2027;84;50000;False;PUBLICA;-
LF00250093C;-;ITAU UNIBANCO S.A.;LF;False;0;-;IPCA;100;8,62;252;01/04/2027;4;50000;False;PUBLICA;-
LF002400M5L;-;BANCO SAFRA S/A;LF;False;0;-;PREFIXADO;-;11,63;252;16/08/2027;2;50000;False;PUBLICA;-
LF0021003PL;-;BANCO SAFRA S/A;LF;False;0;-;IPCA;100;3,88;252;17/08/2026;1;101000;False;PUBLICA;-
LF00260099Y;BRCCDBLFI139;BANCO SEGURO S/A;LF;False;0;-;DI;100;0,7;252;30/03/2030;4320;50000;False;PUBLICA;-
LF002400OI4;-;ITAU UNIBANCO S.A.;LF;False;0;-;DI;102;-;-;15/09/2027;12;50000;False;PUBLICA;-
LF002100CBA;-;BANCO SAFRA S/A;LF;False;0;-;IPCA;100;4,93;252;17/08/2026;1;50000;False;PUBLICA;-
LF002100EO1;-;BANCO SAFRA S/A;LF;False;0;-;IPCA;100;4,91;252;17/08/2026;10;50000;False;PUBLICA;-
LFSN21001PB;BRBSAFLFNNR6;BANCO SAFRA S/A;LFSN;False;0;-;DI;100;2;252;15/05/2028;4;300000;False;PUBLICA;-
LF002400GLM;-;ITAU UNIBANCO S.A.;LF;False;0;-;DI;102;-;-;15/07/2027;40;50000;False;PUBLICA;-
LF002100FLA;BRBSAFLFE8N9;BANCO SAFRA S/A;LF;False;0;-;IPCA;100;5,86;252;30/09/2026;60;50000;False;PUBLICA;-
LF002400B5D;-;ITAU UNIBANCO S.A.;LF;False;0;-;PREFIXADO;-;11,47;252;23/04/2029;1;124000;False;PUBLICA;-
LF002500B74;BRCAMRLFI3G1;BANCO RCI BRASIL S.A.;LF;False;0;-;DI;100;0,65;252;25/04/2029;4750;50000;False;PUBLICA;-
LF002306Y03;-;BANCO BRADESCO S/A;LF;False;0;-;PREFIXADO;-;11,05;252;11/09/2026;200;50000;False;PUBLICA;-
LF002100CGG;-;BANCO SAFRA S/A;LF;False;0;-;IPCA;100;5,17;252;17/08/2026;6;50000;False;PUBLICA;-
LF002400T88;-;ITAU UNIBANCO S.A.;LF;False;0;-;DI;102;-;-;16/11/2027;920;50000;False;PUBLICA;-
LF002200MD7;BRBSAFLNNG88;BANCO SAFRA S/A;LF;False;0;-;DI;108;-;-;06/09/2027;300;50000;False;PUBLICA;-
LF002100JKF;BRBSAFLTR7V3;BANCO SAFRA S/A;LF;False;0;-;IPCA;100;5,95;252;17/08/2026;1;55000;False;PUBLICA;-
LF00260055Z;-;ITAU UNIBANCO S.A.;LF;False;0;-;IPCA;100;7,45;252;18/02/2031;13;65000;False;PUBLICA;-
LF0025003FW;-;ITAU UNIBANCO S.A.;LF;False;0;-;DI;102;-;-;15/02/2028;325;59924;False;PUBLICA;-
LF002600CPN;-;ITAU UNIBANCO S.A.;LF;False;0;-;DI;101,5;-;-;15/05/2029;260;50000;False;PUBLICA;-
LF00220082R;-;BANCO SAFRA S/A;LF;False;0;-;IPCA;100;6,02;252;17/08/2026;1;50000;False;PUBLICA;-
LF002600N0C;-;ITAU UNIBANCO S.A.;LF;False;0;-;DI;101;-;-;15/08/2029;20;50000;False;PUBLICA;-
LF002100N8W;BRBSAFLFESQ6;BANCO SAFRA S/A;LF;False;0;-;IPCA;100;5,53;252;17/08/2026;1;50000;False;PUBLICA;-
LF002600CVV;-;ITAU UNIBANCO S.A.;LF;False;0;-;IPCA;100;7,15;252;06/05/2030;1;50000;False;PUBLICA;-
LF002400LSZ;-;ITAU UNIBANCO S.A.;LF;False;0;-;DI;102;-;-;16/08/2027;10;50000;False;PUBLICA;-
LF002500NM3;BRBCGMLFIA43;BANCO GM S.A;LF;False;0;-;PREFIXADO;-;13,7;252;27/10/2028;2630;50000;False;PUBLICA;-
LF002100G2U;-;BANCO SAFRA S/A;LF;False;0;-;IPCA;100;5,06;252;17/08/2026;1;50000;False;PUBLICA;-
LF002100CFQ;-;BANCO SAFRA S/A;LF;False;0;-;IPCA;100;5,17;252;17/08/2026;1;50000;False;PUBLICA;-
LF002400A0F;-;ITAU UNIBANCO S.A.;LF;False;0;-;DI;103;-;-;15/04/2027;23;50000;False;PUBLICA;-
LF0024004MX;BRBSAFLNNC58;BANCO SAFRA S/A;LF;False;0;-;IPCA;100;6,1;252;05/02/2029;100;50000;False;PUBLICA;-
LF0021006MY;-;BANCO SAFRA S/A;LF;False;0;-;IPCA;100;3,99;252;17/08/2026;4;50000;False;PUBLICA;-
LFSN26006MX;BRBVKWLFIDX3;BCO VOLKSWAGEN S/A;LFSN;False;0;-;DI;100;0,76;252;26/06/2036;333;300000;False;PUBLICA;-
LF0024009YC;BRCAMRLFI2S8;BANCO RCI BRASIL S.A.;LF;False;0;-;DI;100;0,9;252;10/04/2028;3668;50000;False;PUBLICA;-
LFSN21003IC;BRBITALFIX72;ITAU UNIBANCO HOLDING S.A;LFSN;False;0;-;DI;100;2;252;22/09/2031;3;400000;False;PUBLICA;-
LF002400KHB;-;BANCO SAFRA S/A;LF;False;0;-;DI;101,75;-;-;01/08/2030;1;50000;False;PUBLICA;-
LF002100NTM;BRBSAFLFEWO3;BANCO SAFRA S/A;LF;False;0;-;IPCA;100;5,82;252;02/12/2027;4;55000;False;PUBLICA;-
LF002400PZR;-;ITAU UNIBANCO S.A.;LF;False;0;-;DI;102;-;-;15/10/2027;54;50000;False;PUBLICA;-
LF002100BWH;-;BANCO SAFRA S/A;LF;False;0;-;IPCA;100;4,8;252;17/08/2026;1;50000;False;PUBLICA;-
LF002100FZ9;-;BANCO SAFRA S/A;LF;False;0;-;IPCA;100;5;252;17/08/2026;1;50000;False;PUBLICA;-
LF0021003ED;-;BANCO SAFRA S/A;LF;False;0;-;PREFIXADO;-;9,28;252;22/03/2027;1;70000;False;PUBLICA;-
LF00210055X;-;BANCO SAFRA S/A;LF;False;0;-;IPCA;100;3,95;252;17/08/2026;1;50000;False;PUBLICA;-
LF002100DYF;-;BANCO SAFRA S/A;LF;False;0;-;IPCA;100;4,96;252;17/08/2026;10;50500;False;PUBLICA;-
LF002100IYL;-;BANCO SAFRA S/A;LF;False;0;-;IPCA;100;5,89;252;17/08/2026;5;68000;False;PUBLICA;-
LF002100461;-;BANCO SAFRA S/A;LF;False;0;-;IPCA;100;4,03;252;17/08/2026;1;50000;False;PUBLICA;-
LF002100FK7;-;BANCO SAFRA S/A;LF;False;0;-;IPCA;100;5,01;252;17/08/2026;1;50000;False;PUBLICA;-
LF00230773V;-;BANCO SAFRA S/A;LF;False;0;-;PREFIXADO;-;11,13;252;21/09/2026;6;50000;False;PUBLICA;-
LF002600LXC;-;ITAU UNIBANCO S.A.;LF;False;0;-;DI;101;-;-;15/08/2029;140;50000;False;PUBLICA;-
LF002400NIO;-;ITAU UNIBANCO S.A.;LF;False;0;-;DI;102;-;-;15/09/2027;15;50000;False;PUBLICA;-
LF0021006FL;-;BANCO SAFRA S/A;LF;False;0;-;IPCA;100;4,65;252;15/05/2035;1;75000;False;PUBLICA;-
LF0021006NS;BRBSAFLFNO05;BANCO SAFRA S/A;LF;False;0;-;IPCA;100;5,68;252;27/05/2031;20;250000;False;PUBLICA;-
LF0022000OP;-;BANCO SAFRA S/A;LF;False;0;-;IPCA;100;5,74;252;17/08/2026;4;50000;False;PUBLICA;-
LF002400KV8;BRBSAFLNNDM2;BANCO SAFRA S/A;LF;False;0;-;DI;100;0,4;252;05/10/2026;37;50000;False;PUBLICA;-
LF0021004Z4;-;BANCO SAFRA S/A;LF;False;0;-;IPCA;100;4,09;252;17/08/2026;1;50000;False;PUBLICA;-
LF00210094W;-;BANCO SAFRA S/A;LF;False;0;-;IPCA;100;4,16;252;17/08/2026;10;50000;False;PUBLICA;-
LF002500S1J;-;ITAU UNIBANCO S.A.;LF;False;0;-;DI;101,5;-;-;23/12/2030;4;50000;False;PUBLICA;-
LF00240082F;-;BANCO SAFRA S/A;LF;False;0;-;DI;105,75;-;-;11/09/2026;54;50185,185186;False;PUBLICA;-
LF002400NN2;-;ITAU UNIBANCO S.A.;LF;False;0;-;DI;102;-;-;15/09/2027;95;50027,18;False;PUBLICA;-
LFSC22002CF;BRITUBLFI1I2;ITAU UNIBANCO HOLDING S.A;LFSC;False;0;-;DI;100;2,4;252;23/09/9999;17;300000;False;PUBLICA;-
LF00210048I;-;BANCO SAFRA S/A;LF;False;0;-;IPCA;100;4,08;252;17/08/2026;1;99000;False;PUBLICA;-
LFSC23006OI;BRITUBLFI1Q5;ITAU UNIBANCO HOLDING S.A;LFSC;False;0;-;DI;100;1,9;252;08/11/9999;4;350000;False;PUBLICA;-
LF002200JKX;-;BANCO SAFRA S/A;LF;False;0;-;IPCA;100;6,54;252;17/08/2026;6;50000;False;PUBLICA;-
LF002100MCF;-;BANCO SAFRA S/A;LF;False;0;-;IPCA;100;5,56;252;17/08/2026;4;50000;False;PUBLICA;-
LF002400Q4A;-;BANCO SAFRA S/A;LF;False;0;-;IPCA;100;6,66;252;26/09/2029;6;50000;False;PUBLICA;-
LF0022004UL;BRBSAFLNN2L5;BANCO SAFRA S/A;LF;False;0;-;DI;100;1,35;252;10/02/2027;411;50000;False;PUBLICA;-
LF002400U9U;-;ITAU UNIBANCO S.A.;LF;False;0;-;IPCA;100;7,07;252;29/10/2029;1;2900000;False;PUBLICA;-
LF002400PW5;-;ITAU UNIBANCO S.A.;LF;False;0;-;DI;101,8;-;-;15/10/2026;569;50000;False;PUBLICA;-
LF002100BW8;-;BANCO SAFRA S/A;LF;False;0;-;IPCA;100;4,81;252;17/08/2026;3;50000;False;PUBLICA;-
LF002100E3N;-;BANCO SAFRA S/A;LF;False;0;-;IPCA;100;5,12;252;17/08/2026;1;536000;False;PUBLICA;-
LFSC23006TW;BRITUBLFI1R3;ITAU UNIBANCO HOLDING S.A;LFSC;False;0;-;DI;100;1,9;252;09/11/9999;6;350000;False;PUBLICA;-
LFSN21003SS;BRBITALFIXI6;ITAU UNIBANCO HOLDING S.A;LFSN;False;0;-;DI;100;2;252;22/09/2031;3;400000;False;PUBLICA;-
LF002500JLM;-;ITAU UNIBANCO S.A.;LF;False;0;-;PREFIXADO;-;13,06;252;30/08/2027;2;50000;False;PUBLICA;-
LF002400G3L;BRBSAFLNNDE9;BANCO SAFRA S/A;LF;False;0;-;DI;100;0,45;252;20/08/2026;2208;50000;False;PUBLICA;-
LF002400OHR;-;ITAU UNIBANCO S.A.;LF;False;0;-;DI;102;-;-;15/09/2027;47;50917,03;False;PUBLICA;-
LF00240001C;-;ITAU UNIBANCO S.A.;LF;False;0;-;PREFIXADO;-;10,28;252;03/01/2028;1;300000;False;PUBLICA;-
LF0026002EQ;-;ITAU UNIBANCO S.A.;LF;False;0;-;DI;101,5;-;-;22/01/2030;160;50000;False;PUBLICA;-
LF00220076O;-;BANCO SAFRA S/A;LF;False;0;-;IPCA;100;6,35;252;03/03/2027;1;55000;False;PUBLICA;-
LF002400JJP;-;BANCO SAFRA S/A;LF;False;0;-;IPCA;100;6,16;252;24/07/2029;1;88000;False;PUBLICA;-
LF002400ZUI;-;ITAU UNIBANCO S.A.;LF;False;0;-;DI;102;-;-;15/12/2027;160;50000;False;PUBLICA;-
LF002400PCO;-;BANCO SAFRA S/A;LF;False;0;-;DI;102,75;-;-;21/09/2026;66;50712,121213;False;PUBLICA;-
LF002100I2S;-;BANCO SAFRA S/A;LF;False;0;-;IPCA;100;5,74;252;17/08/2026;1;50000;False;PUBLICA;-
LF002100N4I;BRBSAFLFERR6;BANCO SAFRA S/A;LF;False;0;-;IPCA;100;5,54;252;17/08/2026;1;50000;False;PUBLICA;-
LF002400G0T;-;BANCO SAFRA S/A;LF;False;0;-;IPCA;100;6,29;252;15/05/2045;1;50615,86;False;PUBLICA;-
LF002100KZM;BRBSAFLTRE23;BANCO SAFRA S/A;LF;False;0;-;IPCA;100;5,65;252;17/08/2026;1;50000;False;PUBLICA;-
LF002500G4Z;-;ITAU UNIBANCO S.A.;LF;False;0;-;IPCA;100;8,57;252;15/07/2027;1;50000;False;PUBLICA;-
LF002200825;-;BANCO SAFRA S/A;LF;False;0;-;IPCA;100;6,1;252;18/08/2026;1;50000;False;PUBLICA;-
LF002600KEN;-;ITAU UNIBANCO S.A.;LF;False;0;-;IPCA;100;8,67;252;06/07/2028;4;50000;False;PUBLICA;-
LF002400TUR;-;ITAU UNIBANCO S.A.;LF;False;0;-;DI;102;-;-;16/11/2027;27;51111,12;False;PUBLICA;-
LF002400PCY;-;ITAU UNIBANCO S.A.;LF;False;0;-;DI;101;-;-;17/09/2026;63;50000;False;PUBLICA;-
LF002500CDJ;-;ITAU UNIBANCO S.A.;LF;False;0;-;DI;101,5;-;-;13/05/2030;4;55000;False;PUBLICA;-
LF002100NJM;BRBSAFLFEUF5;BANCO SAFRA S/A;LF;False;0;-;IPCA;100;5,47;252;17/08/2026;1;52000;False;PUBLICA;-
LF002100B5S;-;BANCO SAFRA S/A;LF;False;0;-;IPCA;100;4,43;252;17/08/2026;2;67500;False;PUBLICA;-
LF002400UY6;-;ITAU UNIBANCO S.A.;LF;False;0;-;DI;102;-;-;16/11/2027;530;50000;False;PUBLICA;-
LF0021009U1;-;BANCO SAFRA S/A;LF;False;0;-;IPCA;100;4,53;252;21/07/2031;1;50000;False;PUBLICA;-
LF002100EOE;-;BANCO SAFRA S/A;LF;False;0;-;IPCA;100;4,91;252;17/08/2026;3;52000;False;PUBLICA;-
LF0021003S6;-;BANCO SAFRA S/A;LF;False;0;-;IPCA;100;4,47;252;15/05/2035;16;50000;False;PUBLICA;-
LF002100957;-;BANCO SAFRA S/A;LF;False;0;-;IPCA;100;4,16;252;17/08/2026;1;60000;False;PUBLICA;-
LF0021004DM;-;BANCO SAFRA S/A;LF;False;0;-;IPCA;100;4,06;252;17/08/2026;2;497000;False;PUBLICA;-
LF002300O2T;-;ITAU UNIBANCO S.A.;LF;False;0;-;DI;106;-;-;15/02/2028;34;50000;False;PUBLICA;-
LF002400L58;BRBSAFLNNDP5;BANCO SAFRA S/A;LF;False;0;-;DI;100;0,4;252;08/01/2027;58;50000;False;PUBLICA;-
LF002400OQL;-;ITAU UNIBANCO S.A.;LF;False;0;-;DI;102;-;-;15/09/2027;60;50000;False;PUBLICA;-
LF002400TJ3;-;ITAU UNIBANCO S.A.;LF;False;0;-;DI;102;-;-;16/11/2027;60;50000;False;PUBLICA;-
LF002100DJ2;-;BANCO SAFRA S/A;LF;False;0;-;IPCA;100;4,84;252;17/08/2026;1;50000;False;PUBLICA;-
LF002400DKQ;-;BANCO SAFRA S/A;LF;False;0;-;IPCA;100;6,03;252;15/05/2045;1;50000;False;PUBLICA;-
LF0022009LB;-;BANCO SAFRA S/A;LF;False;0;-;IPCA;100;5,81;252;24/03/2032;1;80000;False;PUBLICA;-
LF0021005OL;-;BANCO SAFRA S/A;LF;False;0;-;IPCA;100;3,91;252;17/08/2026;3;50000;False;PUBLICA;-
LF0021009U2;-;BANCO SAFRA S/A;LF;False;0;-;IPCA;100;4,03;252;17/08/2026;1;50001,73;False;PUBLICA;-
LF002100IDH;-;BANCO SAFRA S/A;LF;False;0;-;IPCA;100;6,6;252;26/10/2026;5;50000;False;PUBLICA;-
LF002200HWO;-;BANCO SAFRA S/A;LF;False;0;-;PREFIXADO;-;13,03;252;20/06/2028;1;50000;False;PUBLICA;-
LF002400WNG;-;ITAU UNIBANCO S.A.;LF;False;0;-;DI;102;-;-;15/12/2027;342;50000;False;PUBLICA;-
LF002400RZ5;-;ITAU UNIBANCO S.A.;LF;False;0;-;DI;102;-;-;15/10/2027;90;50000;False;PUBLICA;-
LF0022004TP;BRBSAFLNN2L5;BANCO SAFRA S/A;LF;False;0;-;DI;100;1,35;252;10/02/2027;57;50000;False;PUBLICA;-
LF0021008PX;-;BANCO SAFRA S/A;LF;False;0;-;IPCA;100;4,69;252;30/06/2031;2;50000;False;PUBLICA;-
LF002400JG8;-;ITAU UNIBANCO S.A.;LF;False;0;-;DI;102;-;-;16/08/2027;6;50000;False;PUBLICA;-
LF0021006FS;-;BANCO SAFRA S/A;LF;False;0;-;IPCA;100;3,97;252;17/08/2026;1;96000;False;PUBLICA;-
LF0021007YG;-;BANCO SAFRA S/A;LF;False;0;-;IPCA;100;4,22;252;17/08/2026;1;65000;False;PUBLICA;-
LF002302RPB;-;ITAU UNIBANCO S.A.;LF;False;0;-;PREFIXADO;-;12,38;252;26/04/2027;1;202000;False;PUBLICA;-
LF002100PMA;-;BANCO SAFRA S/A;LF;False;0;-;IPCA;100;5,34;252;17/08/2026;7;50000;False;PUBLICA;-
LF002100A5J;-;BANCO SAFRA S/A;LF;False;0;-;IPCA;100;4,23;252;17/08/2026;1;54000;False;PUBLICA;-
LF002500BXR;-;ITAU UNIBANCO S.A.;LF;False;0;-;DI;101;-;-;15/05/2028;200;50000;False;PUBLICA;-
LF002100G7V;-;BANCO SAFRA S/A;LF;False;0;-;IPCA;100;5,17;252;17/08/2026;1;50000;False;PUBLICA;-
LF0021002RR;-;BANCO SAFRA S/A;LF;False;0;-;IPCA;100;3,46;252;17/08/2026;1;50000;False;PUBLICA;-
LF002400G4B;BRBSAFLNNDE9;BANCO SAFRA S/A;LF;False;0;-;DI;100;0,45;252;20/08/2026;10;50000;False;PUBLICA;-
LF002100BH9;-;BANCO SAFRA S/A;LF;False;0;-;IPCA;100;4,65;252;10/08/2027;1;50000;False;PUBLICA;-
LF002100GZN;-;BANCO SAFRA S/A;LF;False;0;-;IPCA;100;5,43;252;15/05/2035;1;50000;False;PUBLICA;-
LF002500CW3;-;ITAU UNIBANCO S.A.;LF;False;0;-;IPCA;100;8,14;252;20/05/2027;98;50000;False;PUBLICA;-
LF0021007JB;-;BANCO SAFRA S/A;LF;False;0;-;IPCA;100;3,95;252;17/08/2026;5;53000;False;PUBLICA;-
LF0022004TC;BRBSAFLNN2L5;BANCO SAFRA S/A;LF;False;0;-;DI;100;1,35;252;10/02/2027;12;50000;False;PUBLICA;-
LF002400OTB;-;BANCO SAFRA S/A;LF;False;0;-;IPCA;100;6,41;252;15/05/2029;1;72000;False;PUBLICA;-
LFSC22002DQ;BRITUBLFI1J0;ITAU UNIBANCO HOLDING S.A;LFSC;False;0;-;DI;100;2,4;252;26/09/9999;11;300000;False;PUBLICA;-
LF0023061R6;-;BANCO SAFRA S/A;LF;False;0;-;DI;105,6;-;-;14/08/2026;18;52222,222223;False;PUBLICA;-
LF002400G43;BRBSAFLNNDE9;BANCO SAFRA S/A;LF;False;0;-;DI;100;0,45;252;20/08/2026;2;50000;False;PUBLICA;-
LF00210096J;-;BANCO SAFRA S/A;LF;False;0;-;IPCA;100;4,15;252;17/08/2026;1;50000;False;PUBLICA;-
LFSC2200289;BRITUBLFI1H4;ITAU UNIBANCO HOLDING S.A;LFSC;False;0;-;DI;100;2,4;252;22/09/9999;32;300000;False;PUBLICA;-
LF002100IYY;-;BANCO SAFRA S/A;LF;False;0;-;IPCA;100;5,89;252;17/08/2026;20;50000;False;PUBLICA;-
LF002400URH;-;ITAU UNIBANCO S.A.;LF;False;0;-;DI;102;-;-;16/11/2027;342;50027,96;False;PUBLICA;-
LF002100H8J;-;BANCO SAFRA S/A;LF;False;0;-;IPCA;100;5,22;252;17/08/2026;36;50111,111112;False;PUBLICA;-
LF0021002VA;-;BANCO SAFRA S/A;LF;False;0;-;IPCA;100;3,49;252;17/08/2026;1;50000;False;PUBLICA;-
LF002400IRD;-;ITAU UNIBANCO S.A.;LF;False;0;-;DI;102;-;-;16/08/2027;42;50000;False;PUBLICA;-
LF002100O5B;-;BANCO SAFRA S/A;LF;False;0;-;IPCA;100;5,28;252;17/08/2026;1;50000;False;PUBLICA;-
LF002100CC2;-;BANCO SAFRA S/A;LF;False;0;-;IPCA;100;4,93;252;17/08/2026;1;50000;False;PUBLICA;-
LF0021002LJ;-;BANCO SAFRA S/A;LF;False;0;-;IPCA;100;4,22;252;15/05/2035;2;50000;False;PUBLICA;-
LF002400WNM;-;ITAU UNIBANCO S.A.;LF;False;0;-;DI;102;-;-;15/12/2027;560;50000;False;PUBLICA;-
LF002500576;-;ITAU UNIBANCO S.A.;LF;False;0;-;DI;101,8;-;-;15/03/2028;1;600000;False;PUBLICA;-
LF002400MYM;-;ITAU UNIBANCO S.A.;LF;False;0;-;DI;102;-;-;24/08/2026;46;74498;False;PUBLICA;-
LF002400L61;BRBSAFLNNDP5;BANCO SAFRA S/A;LF;False;0;-;DI;100;0,4;252;08/01/2027;11;50000;False;PUBLICA;-
LF002400HGI;-;ITAU UNIBANCO S.A.;LF;False;0;-;DI;102;-;-;15/07/2027;32;57031,25;False;PUBLICA;-
LFSC2200290;BRITUBLFI1H4;ITAU UNIBANCO HOLDING S.A;LFSC;False;0;-;DI;100;2,4;252;22/09/9999;10;300000;False;PUBLICA;-
LFSC23006NU;BRITUBLFI1Q5;ITAU UNIBANCO HOLDING S.A;LFSC;False;0;-;DI;100;1,9;252;08/11/9999;1;350000;False;PUBLICA;-
LF002600II3;-;ITAU UNIBANCO S.A.;LF;False;0;-;PREFIXADO;-;14,43;252;18/06/2036;1;70000;False;PUBLICA;-
LF002400T2J;-;BANCO SAFRA S/A;LF;False;0;-;IPCA;100;6,51;252;15/05/2045;6;53500;False;PUBLICA;-
LFSC22002SO;BRITUBLFI1M4;ITAU UNIBANCO HOLDING S.A;LFSC;False;0;-;DI;100;2,4;252;29/09/9999;2;300000;False;PUBLICA;-
LF002100MD6;-;BANCO SAFRA S/A;LF;False;0;-;IPCA;100;5,54;252;17/08/2026;1;69000;False;PUBLICA;-
LF002500AEW;-;ITAU UNIBANCO S.A.;LF;False;0;-;IPCA;100;8,35;252;16/04/2027;13;50000;False;PUBLICA;-
LF002100MLR;BRBSAFLFENX3;BANCO SAFRA S/A;LF;False;0;-;IPCA;100;5,97;252;23/11/2026;2;65000;False;PUBLICA;-
LF002400S4Z;-;ITAU UNIBANCO S.A.;LF;False;0;-;DI;102;-;-;15/10/2027;3;50000;False;PUBLICA;-
LF002400952;BRPRBCLFIK37;PARANA BANCO S/A;LF;False;0;-;DI;100;1;252;28/03/2027;3100;50000;False;PUBLICA;-
LFSN21003E3;BRBITALFIX23;ITAU UNIBANCO HOLDING S.A;LFSN;False;0;-;DI;100;2;252;21/10/2031;53;400000;False;PUBLICA;-
LF002100IZ2;-;BANCO SAFRA S/A;LF;False;0;-;IPCA;100;5,89;252;17/08/2026;1;50000;False;PUBLICA;-
LF0021008M5;-;BANCO SAFRA S/A;LF;False;0;-;IPCA;100;4,17;252;17/08/2026;4;88750;False;PUBLICA;-
LF002600EM5;-;ITAU UNIBANCO S.A.;LF;False;0;-;DI;101,5;-;-;14/05/2031;2;50000;False;PUBLICA;-
LF002400SMR;-;BANCO SAFRA S/A;LF;False;0;-;IPCA;100;6,5;252;15/05/2035;1;90000;False;PUBLICA;-
LF002100E34;-;BANCO SAFRA S/A;LF;False;0;-;IPCA;100;5,12;252;17/08/2026;1;82000;False;PUBLICA;-
LF002200FM0;-;BANCO SAFRA S/A;LF;False;0;-;IPCA;100;6,02;252;17/08/2026;2;59000;False;PUBLICA;-
LF002100MD1;-;BANCO SAFRA S/A;LF;False;0;-;IPCA;100;5,6;252;17/08/2026;4;61750;False;PUBLICA;-
LF002200JKM;-;BANCO SAFRA S/A;LF;False;0;-;IPCA;100;6,5;252;17/08/2026;10;50200;False;PUBLICA;-
LF002302UBN;-;ITAU UNIBANCO S.A.;LF;False;0;-;PREFIXADO;-;12,49;252;26/04/2028;1;1000000;False;PUBLICA;-
LFSC23006NV;BRITUBLFI1Q5;ITAU UNIBANCO HOLDING S.A;LFSC;False;0;-;DI;100;1,9;252;08/11/9999;16;350000;False;PUBLICA;-
LF002100J94;-;BANCO SAFRA S/A;LF;False;0;-;IPCA;100;6,01;252;17/08/2026;4;50000;False;PUBLICA;-
LF002100K4W;BRBSAFLTRA27;BANCO SAFRA S/A;LF;False;0;-;IPCA;100;5,68;252;17/08/2026;1;60000;False;PUBLICA;-
LFSC2200284;BRITUBLFI1H4;ITAU UNIBANCO HOLDING S.A;LFSC;False;0;-;DI;100;2,4;252;22/09/9999;2;300000;False;PUBLICA;-
LF0021002RU;-;BANCO SAFRA S/A;LF;False;0;-;IPCA;100;4,25;252;12/03/2031;1;50000;False;PUBLICA;-
LF0025009HD;-;ITAU UNIBANCO S.A.;LF;False;0;-;DI;101;-;-;17/04/2028;140;59511,95;False;PUBLICA;-
LF002301BUE;BRBITALFN433;ITAU UNIBANCO S.A.;LF;False;0;-;IPCA;100;6,92;252;02/03/2028;1;20000000;False;PUBLICA;-
LF002500BXQ;-;ITAU UNIBANCO S.A.;LF;False;0;-;DI;101;-;-;15/05/2028;1000;50000;False;PUBLICA;-
LF002100HIT;-;BANCO SAFRA S/A;LF;False;0;-;IPCA;100;5,46;252;17/08/2026;3;50000;False;PUBLICA;-
LF00240067C;-;BANCO BRADESCO S/A;LF;False;0;-;IPCA;100;5,92;252;15/05/2035;3;50000;False;PUBLICA;-
LF0021006XI;-;BANCO SAFRA S/A;LF;False;0;-;IPCA;100;3,85;252;17/08/2026;1;50000;False;PUBLICA;-
LF002500BZZ;-;ITAU UNIBANCO S.A.;LF;False;0;-;DI;101;-;-;15/05/2028;60;50000;False;PUBLICA;-
LF002100CLQ;-;BANCO SAFRA S/A;LF;False;0;-;IPCA;100;5,02;252;17/08/2026;1;64000;False;PUBLICA;-
LF002400KV7;BRBSAFLNNDM2;BANCO SAFRA S/A;LF;False;0;-;DI;100;0,4;252;05/10/2026;240;50000;False;PUBLICA;-
LF002100FSN;BRBSAFLNNAE5;BANCO SAFRA S/A;LF;False;0;-;IPCA;100;5,86;252;05/10/2026;56;50000;False;PUBLICA;-
LF00210096I;-;BANCO SAFRA S/A;LF;False;0;-;IPCA;100;4,48;252;15/05/2035;5;51000;False;PUBLICA;-
LF002200IJK;-;BANCO SAFRA S/A;LF;False;0;-;IPCA;100;6,14;252;15/05/2035;1;50000;False;PUBLICA;-
LF002200JKW;-;BANCO SAFRA S/A;LF;False;0;-;IPCA;100;6,5;252;17/08/2026;3;50000;False;PUBLICA;-
LF002100K6J;BRBSAFLTRAU9;BANCO SAFRA S/A;LF;False;0;-;IPCA;100;5,68;252;17/08/2026;2;50000;False;PUBLICA;-
LF002500NYX;-;ITAU UNIBANCO S.A.;LF;False;0;-;IPCA;100;8,45;252;01/11/2027;1;3000000;False;PUBLICA;-
LF002400I7N;-;ITAU UNIBANCO S.A.;LF;False;0;-;DI;102;-;-;15/07/2027;651;50000;False;PUBLICA;-
LF002500DXZ;-;ITAU UNIBANCO S.A.;LF;False;0;-;IPCA;100;7,86;252;09/06/2028;1;70000;False;PUBLICA;-
LF002100HCC;-;BANCO SAFRA S/A;LF;False;0;-;IPCA;100;5,37;252;17/08/2026;1;50000;False;PUBLICA;-
LF0022000HD;-;BANCO SAFRA S/A;LF;False;0;-;IPCA;100;5,78;252;17/08/2026;1;87000;False;PUBLICA;-
LF0022007T1;-;BANCO SAFRA S/A;LF;False;0;-;IPCA;100;6,6;252;17/03/2032;12;50000;False;PUBLICA;-
LF0025005EQ;-;ITAU UNIBANCO S.A.;LF;False;0;-;DI;101,8;-;-;15/03/2028;400;50000;False;PUBLICA;-
LF0025001RS;-;ITAU UNIBANCO S.A.;LF;False;0;-;DI;101,8;-;-;15/01/2027;61;50000;False;PUBLICA;-
LF002400HZ8;-;ITAU UNIBANCO S.A.;LF;False;0;-;DI;102;-;-;15/07/2027;46;50000;False;PUBLICA;-
LF002100HPD;-;BANCO SAFRA S/A;LF;False;0;-;IPCA;100;5,55;252;17/08/2026;3;52000;False;PUBLICA;-
LF0021003DY;-;BANCO SAFRA S/A;LF;False;0;-;IPCA;100;3,96;252;17/08/2026;1;50000;False;PUBLICA;-
LF002400RIG;BRBITALFN3M7;ITAU UNIBANCO S.A.;LF;False;0;-;IPCA;100;6,89;252;04/10/2027;1;13806000;False;PUBLICA;-
LF0022004TJ;BRBSAFLNN2L5;BANCO SAFRA S/A;LF;False;0;-;DI;100;1,35;252;10/02/2027;11;50000;False;PUBLICA;-
LFSC22002CE;BRITUBLFI1I2;ITAU UNIBANCO HOLDING S.A;LFSC;False;0;-;DI;100;2,4;252;23/09/9999;114;300000;False;PUBLICA;-
LF0021009L9;-;BANCO SAFRA S/A;LF;False;0;-;IPCA;100;4,18;252;17/08/2026;1;50000;False;PUBLICA;-
LF0021007FK;-;BANCO SAFRA S/A;LF;False;0;-;IPCA;100;4,56;252;10/06/2031;1;75000;False;PUBLICA;-
LF002100GIX;-;BANCO SAFRA S/A;LF;False;0;-;IPCA;100;5,04;252;17/08/2026;1;68000;False;PUBLICA;-
LF002100GXV;-;BANCO SAFRA S/A;LF;False;0;-;IPCA;100;5,44;252;14/10/2026;2;50000;False;PUBLICA;-
LF002400T8A;-;ITAU UNIBANCO S.A.;LF;False;0;-;DI;102;-;-;16/11/2027;9;50000;False;PUBLICA;-
LF0025004QL;-;BANCO SAFRA S/A;LF;False;0;-;IPCA;100;7,35;252;12/08/2029;4;50000;False;PUBLICA;-
LF002400IRY;-;ITAU UNIBANCO S.A.;LF;False;0;-;DI;102;-;-;16/08/2027;190;50000;False;PUBLICA;-
LF002400GVT;-;ITAU UNIBANCO S.A.;LF;False;0;-;DI;102;-;-;15/07/2027;300;50000;False;PUBLICA;-
LF0021008W6;-;BANCO SAFRA S/A;LF;False;0;-;IPCA;100;4,17;252;17/08/2026;3;50000;False;PUBLICA;-
LF002100KZ7;BRBSAFLTREP1;BANCO SAFRA S/A;LF;False;0;-;IPCA;100;5,56;252;17/08/2026;2;50000;False;PUBLICA;-
LF002400HFI;-;BANCO SAFRA S/A;LF;False;0;-;IPCA;100;6,38;252;15/05/2029;5;52800;False;PUBLICA;-
LF002400N3M;-;ITAU UNIBANCO S.A.;LF;False;0;-;DI;102;-;-;15/09/2027;74;50000;False;PUBLICA;-
LFSC23006SS;BRITUBLFI1R3;ITAU UNIBANCO HOLDING S.A;LFSC;False;0;-;DI;100;1,9;252;09/11/9999;4;350000;False;PUBLICA;-
LF002400LFL;-;ITAU UNIBANCO S.A.;LF;False;0;-;DI;102;-;-;16/08/2027;1000;50000;False;PUBLICA;-
LF002100CI4;-;BANCO SAFRA S/A;LF;False;0;-;IPCA;100;5,11;252;17/08/2026;5;50200;False;PUBLICA;-
LF0021008ZX;-;BANCO SAFRA S/A;LF;False;0;-;IPCA;100;4,18;252;17/08/2026;1;50000;False;PUBLICA;-
LF00230230A;-;ITAU UNIBANCO S.A.;LF;False;0;-;PREFIXADO;-;13,32;252;29/03/2028;6;50000;False;PUBLICA;-
LF002400N2W;-;BANCO SAFRA S/A;LF;False;0;-;IPCA;100;6,27;252;15/05/2029;12;50000;False;PUBLICA;-
LF0021008W7;-;BANCO SAFRA S/A;LF;False;0;-;IPCA;100;4,67;252;30/06/2031;4;50000;False;PUBLICA;-
LF002100NQG;BRBSAFLFEVL1;BANCO SAFRA S/A;LF;False;0;-;IPCA;100;5,23;252;01/12/2026;2;50000;False;PUBLICA;-
LF002100KNH;BRBSAFLTRCR1;BANCO SAFRA S/A;LF;False;0;-;IPCA;100;5,64;252;17/08/2026;16;50000;False;PUBLICA;-
LFSN22008C6;-;BANCO SAFRA S/A;LFSN;False;0;-;IPCA;-;6,95;252;14/06/2029;1;300000;False;PUBLICA;-
LF002100GCV;-;BANCO SAFRA S/A;LF;False;0;-;IPCA;100;5,06;252;17/08/2026;1;87000;False;PUBLICA;-
LF002600NFM;-;ITAU UNIBANCO S.A.;LF;False;0;-;DI;101,5;-;-;15/08/2029;54;50000;False;PUBLICA;-
LF002400TUX;-;ITAU UNIBANCO S.A.;LF;False;0;-;DI;102;-;-;16/11/2027;26;50000;False;PUBLICA;-
LF002400OI0;-;ITAU UNIBANCO S.A.;LF;False;0;-;DI;102;-;-;15/09/2027;928;50028,82;False;PUBLICA;-
LF002200CSS;-;BANCO SAFRA S/A;LF;False;0;-;IPCA;100;5,83;252;28/04/2027;1;55000;False;PUBLICA;-
LF002200EU5;-;BANCO SAFRA S/A;LF;False;0;-;IPCA;100;6,49;252;24/05/2032;1;50000;False;PUBLICA;-
LF002400542;-;BANCO SAFRA S/A;LF;False;0;-;DI;102;-;-;17/02/2027;2;57500;False;PUBLICA;-
LF0021008YI;-;BANCO SAFRA S/A;LF;False;0;-;IPCA;100;4,17;252;17/08/2026;4;50000;False;PUBLICA;-
LF002100GQU;-;BANCO SAFRA S/A;LF;False;0;-;IPCA;100;5,25;252;13/10/2031;1;50000;False;PUBLICA;-
LF0021001J1;BRBSAFLTFD02;BANCO SAFRA S/A;LF;False;0;-;IPCA;100;4,16;252;26/02/2031;1;50000;False;PUBLICA;-
LF002300RBL;-;ITAU UNIBANCO S.A.;LF;False;0;-;PREFIXADO;-;14,02;252;09/02/2033;1;70000;False;PUBLICA;-
LF002100FNN;-;BANCO SAFRA S/A;LF;False;0;-;IPCA;100;5,02;252;17/08/2026;1;50000;False;PUBLICA;-
LF002200CXE;-;BANCO SAFRA S/A;LF;False;0;-;IPCA;100;6,24;252;29/04/2032;4;50000;False;PUBLICA;-
LF0025005M6;-;ITAU UNIBANCO S.A.;LF;False;0;-;PREFIXADO;-;14,62;252;22/02/2027;40;50000;False;PUBLICA;-
LF002305IM2;-;BANCO SAFRA S/A;LF;False;0;-;PREFIXADO;-;10,9;252;27/07/2028;17;51764,705883;False;PUBLICA;-
LF002400CZF;-;BANCO SAFRA S/A;LF;False;0;-;IPCA;100;6,06;252;15/05/2029;2;51000;False;PUBLICA;-
LF002500BGV;-;ITAU UNIBANCO S.A.;LF;False;0;-;DI;101;-;-;15/05/2028;10;67896,8;False;PUBLICA;-
LF002400I7G;-;ITAU UNIBANCO S.A.;LF;False;0;-;DI;102;-;-;15/07/2027;60;50000;False;PUBLICA;-
LF002400T7Q;-;BANCO SAFRA S/A;LF;False;0;-;IPCA;100;6,53;252;15/05/2045;2;74000;False;PUBLICA;-
LF002400H1E;BRNUFNLFI3T0;NU FINANCEIRA SA SOCIEDADE DE CREDITO FINANCIAMENTO E INVESTIMENTO;LF;False;0;-;DI;100;0,75;252;06/07/2027;9000;50000;False;PUBLICA;-
LF002200DCH;-;BANCO SAFRA S/A;LF;False;0;-;IPCA;100;6,38;252;03/05/2032;1;50000;False;PUBLICA;-
LFSN21003LU;BRBITALFIXB1;ITAU UNIBANCO HOLDING S.A;LFSN;False;0;-;DI;100;2;252;22/09/2031;113;400000;False;PUBLICA;-
LF002400NTS;-;ITAU UNIBANCO S.A.;LF;False;0;-;DI;101;-;-;04/09/2026;320;50000;False;PUBLICA;-
LF002400I51;-;ITAU UNIBANCO S.A.;LF;False;0;-;DI;102;-;-;15/07/2027;672;50000;False;PUBLICA;-
LF0021006PR;-;BANCO SAFRA S/A;LF;False;0;-;IPCA;100;4,02;252;17/08/2026;1;50000;False;PUBLICA;-
LF002100MUH;BRBSAFLFEQ79;BANCO SAFRA S/A;LF;False;0;-;IPCA;100;5,51;252;17/08/2026;4;50000;False;PUBLICA;-
LFSC22002C1;BRITUBLFI1I2;ITAU UNIBANCO HOLDING S.A;LFSC;False;0;-;DI;100;2,4;252;23/09/9999;20;300000;False;PUBLICA;-
LF002500974;-;ITAU UNIBANCO S.A.;LF;False;0;-;DI;102;-;-;17/04/2028;370;50000;False;PUBLICA;-
LF002400RP0;-;BANCO SAFRA S/A;LF;False;0;-;IPCA;100;6,72;252;15/05/2029;5;50000;False;PUBLICA;-
LF0024004UQ;-;BANCO SAFRA S/A;LF;False;0;-;PREFIXADO;-;10,04;252;06/02/2030;1;50000;False;PUBLICA;-
LF002302YN3;-;ITAU UNIBANCO S.A.;LF;False;0;-;DI;104,5;-;-;15/05/2028;90;50000;False;PUBLICA;-
LF002100JF1;BRBSAFLTR6X1;BANCO SAFRA S/A;LF;False;0;-;IPCA;100;5,83;252;17/08/2026;1;50000;False;PUBLICA;-
LF002200DHL;-;BANCO SAFRA S/A;LF;False;0;-;PREFIXADO;-;13,81;252;05/05/2032;50;50000;False;PUBLICA;-
LF002400FD9;BRBVKWLFIB90;BCO VOLKSWAGEN S/A;LF;False;0;-;DI;100;0,8;252;13/06/2028;7479;50000;False;PUBLICA;-
LFSC23006O8;BRITUBLFI1Q5;ITAU UNIBANCO HOLDING S.A;LFSC;False;0;-;DI;100;1,9;252;08/11/9999;4;350000;False;PUBLICA;-
LF002100324;-;BANCO SAFRA S/A;LF;False;0;-;IPCA;100;3,66;252;17/08/2026;5;50000;False;PUBLICA;-
LF0021008SI;-;BANCO SAFRA S/A;LF;False;0;-;IPCA;100;4,2;252;17/08/2026;1;50000;False;PUBLICA;-
LF00210076P;-;BANCO SAFRA S/A;LF;False;0;-;IPCA;100;4,52;252;09/06/2031;1;103000;False;PUBLICA;-
LF002307EO8;-;BANCO SAFRA S/A;LF;False;0;-;PREFIXADO;-;11,35;252;28/09/2026;8;50000;False;PUBLICA;-
LF002100BW2;-;BANCO SAFRA S/A;LF;False;0;-;IPCA;100;4,8;252;17/08/2026;1;50000;False;PUBLICA;-
LF00210021P;-;BANCO SAFRA S/A;LF;False;0;-;IPCA;100;3,78;252;17/08/2026;2;50000;False;PUBLICA;-
